packet_count,byte_count,flow_duration,protocol_type,src_port,dst_port,avg_pkt_size,payload_entropy,connection_state,cpu_usage,memory_usage,disk_io,network_io,vm_count,power_consumption_watts,carbon_emission_gCO2eq,pue,energy_cost_usd,status
910,2514024,3086,ICMP,14552,5335,123.73825480892275,5.444399647184449,FIN,88.19462996761511,28.010010106515498,701.1867269850226,1031.9018523434347,42,728.8019499978811,314.171342473863,1.9726177596332533,0.4484294733158557,normal
3822,2399083,995,UDP,55182,774,370.6287311890717,6.994095287012819,SYN,54.2355245075369,97.84661079500944,472.5783396625805,8471.42902974725,26,1447.149762330001,447.8639111541854,1.6941584879956688,2.1241528757763093,normal
3142,6537295,3613,ICMP,14337,2367,447.6796827304046,4.434267818182176,FIN,85.85133360360882,67.75485905115647,199.06009177052385,659.8244197345485,15,1920.8660697026462,104.22340723536755,1.2774762780773525,1.6521753982951104,normal
516,3910439,4495,TCP,2583,4930,844.0373770070737,2.516806505937749,FIN,27.823800008395324,93.23641856647563,525.3681979416809,5960.99470371711,13,1963.5341141310105,52.63322765746957,1.7754412191239304,4.077886062842955,normal
4476,5628745,719,TCP,51917,6710,259.54707466507784,2.1880640782351106,ACK,75.79070959672636,83.66450719827736,362.5570479149215,1918.7229159489793,40,1312.3957173607985,317.3338403322227,1.2563426928868604,0.5595583722938916,normal
3494,3912146,2628,TCP,16191,746,244.21476813000052,1.001104212046397,SYN,57.8821234623447,58.28125057713166,297.8268861740364,2366.370283317353,22,467.8371077342478,203.12411589858698,1.1570464066695576,3.4171642662923434,normal
3221,1708017,4859,TCP,16367,4846,1418.493889351539,6.02766596486899,ACK,5.793511275247581,67.86340450031076,334.8274754954539,2806.0062013881934,13,326.49693168651777,89.8223197135644,1.574798056531251,2.0388794636707863,normal
2969,690556,1421,UDP,39622,4943,1216.0942155817825,1.7776804619219335,ACK,41.12889005355541,62.85888217590712,444.6121953151056,479.0847233505023,39,1897.4829241328082,67.3727120038739,1.5981715587461125,2.9428758955569196,normal
180,7289538,4631,UDP,8547,2669,311.9496080321969,2.706873697871583,ACK,19.207136047223024,66.96003959298689,887.7470114429049,1854.6292139888947,17,924.4626099787642,283.8657955682746,1.2700690172584388,1.0356035418835183,normal
1735,2254722,1495,TCP,50801,5447,639.5233214629619,3.0851343206595536,FIN,36.55818519999685,27.21259279810035,736.7165332868982,6539.94984668801,36,470.1504631991012,157.23059131881584,1.413541049862943,3.052421386960511,normal
819,1650729,2960,UDP,29463,2066,565.6518989234701,4.922659020957378,FIN,38.951811792257026,41.40438828658577,671.2031191163483,5037.29964845925,39,1874.395779977442,498.7389259971292,1.9511923661108272,3.3731488598064026,normal
2441,1117271,4661,UDP,51866,7439,1196.9559073948406,3.7857009410703846,FIN,48.01790694981009,59.66896534821649,476.5476087729161,7993.557948815464,48,298.5961159721926,208.89140147204986,1.356502908878741,0.3604555076587784,normal
2483,3100555,2944,UDP,16548,7195,789.808728893277,5.722717944162133,FIN,60.42875383011785,4.556918040529855,11.811647678186596,706.296854859786,25,1486.1850840284428,114.02043829493951,1.2400112546888318,4.123477895238856,normal
1234,5684797,4124,TCP,14309,2835,235.38211864052718,1.3894706153009189,SYN,57.52678759732172,48.800655238767646,347.1452043247004,8900.093132891148,34,1287.999752332335,318.1360321074661,1.9933057627989088,4.3076580233123245,anomaly
4605,1682641,4680,ICMP,11997,894,1121.5384915765537,1.8675743598510761,SYN,4.860149065794512,86.11296640638747,815.0601195796788,9964.345465804781,21,266.6958623236945,129.68489594834838,1.3720749827424201,0.32713473785714564,normal
3435,517409,1013,ICMP,58458,3299,625.4875684261325,4.494480524732867,FIN,75.31823263038346,49.74440503094766,394.2892004225623,255.82572526295155,25,743.6227117149401,252.10216118326895,1.712228305831471,3.019905565605456,normal
4167,667165,2476,ICMP,23718,3004,431.2401590666132,3.358753514927809,FIN,94.96920456280405,55.68001349689444,568.1809338169642,9679.636648845339,25,384.8683101260202,246.46233002329365,1.3084041632953398,2.9741173698914127,normal
4893,2789363,2476,TCP,36798,2198,594.4730019300442,3.0706935392595183,SYN,35.5194476095117,20.988606931003893,212.69241818362585,2435.0408584130982,22,1248.5473258130064,232.24323856071123,1.5951090772877505,0.07216747522353217,normal
2954,4477321,1948,UDP,5326,3827,771.7470172299998,1.469196553262659,ACK,18.794943232487597,79.63999105455835,916.6991644273329,6956.177068239766,23,1006.5147601871147,400.0819911720917,1.4476537879486542,1.7183086056401973,anomaly
524,3711388,1949,UDP,51264,7896,547.5174988046637,7.27003422323601,ACK,54.46015474842314,36.52895051571536,923.9387313796959,2995.5860867387696,25,108.12273685493282,116.1403707184301,1.9654213350432697,4.844939655741601,normal
1132,3236192,1645,TCP,23415,6119,400.76337025804884,5.842730102875356,FIN,70.78637989617026,95.70216779447489,154.60968011877029,5265.947499600453,14,1953.8500759394253,453.1105794845303,1.489525287095439,2.7816992538210275,normal
2608,1936090,1708,TCP,5635,5793,627.8279417657715,1.8513270977375456,ACK,68.21158455823866,99.37776601769835,726.9173597142689,5153.143247378041,14,764.2108347901268,397.7568465746318,1.6257567657635517,4.66672689568011,normal
2097,9134790,4537,ICMP,10396,7951,77.80072058735246,1.4553217041599842,FIN,61.598848172584965,91.68405371698846,84.48612267439385,3674.944246545814,26,590.5883463903949,173.22995847922863,1.9502896393101326,3.3814667330281463,normal
2797,3938270,2101,ICMP,25336,627,1170.1218768396552,7.8241077340187015,FIN,15.476992960692648,9.402797736798249,602.5621418002968,7203.713006054504,40,522.6416160087952,98.49522807726787,1.9903108699441596,0.1516686859341494,normal
1025,6740013,1905,TCP,15104,6189,297.8700956729994,5.768207853076534,FIN,83.84566454589684,33.98513239410666,186.86711431773642,6036.401170446812,30,401.7502027297789,146.97216200830323,1.191492527604497,0.39778885826147636,normal
1856,7090975,4250,ICMP,16106,7810,113.66168976442401,3.9221924976561904,SYN,43.13653467946272,94.56862587514922,154.24819996431182,5131.942339037439,26,1998.3604448113686,172.9917609854484,1.85088864083815,3.6136729872834406,normal
239,8806586,3408,UDP,48433,5593,997.8631047123648,5.912117285290494,ACK,22.92538972015513,80.64879618959932,14.078619218743167,9830.10918799074,38,660.7079889750493,282.89725271545285,1.4439048447685239,2.7772932739414067,normal
2784,1034316,1083,TCP,43885,654,1172.2073867943247,6.294322505361114,SYN,9.540347965246553,91.20717534143553,941.4485654987293,9406.09232925453,22,870.4756447261351,32.72040271868856,1.6353458355850514,0.6444868063533797,normal
3055,4820075,2412,TCP,31701,5325,1230.0522408096226,6.459735416721456,ACK,42.255192382331856,57.68276617046878,830.9599666052533,9558.814873357249,39,1755.576240738369,458.03597362750605,1.4375432710597211,3.074172764984545,normal
4708,4743297,4905,UDP,21898,4599,765.5883148578699,4.345141139571403,SYN,62.17933163788343,48.55936123056549,86.70080168537947,8825.10720205255,39,1319.5862567314684,58.35067976394438,1.4610045850893132,4.053333929235299,normal
1949,3869452,3222,UDP,63561,2747,347.7838678004787,4.009179306873936,SYN,66.87239320599926,11.543135383440655,603.3818539663531,2626.0378536683597,34,800.5193823160178,146.84396310901707,1.2429717823866004,3.767382326361734,normal
1317,8075037,4047,UDP,9402,1094,1118.9801320122488,1.0771965898823024,FIN,96.31095422832841,84.1076826899868,240.56925245124054,3564.762706683992,25,1806.8240282553209,63.550844596953624,1.6154898125850794,1.2383506755600144,normal
1578,1313743,1161,ICMP,2621,1934,1064.583961873789,7.485899805992866,FIN,16.161660282711985,74.76901329362738,271.37572331821065,2387.440733500528,36,1524.4759842058402,135.76968499757348,1.5920443513502522,1.2983928836136591,normal
3252,7421105,2455,TCP,12624,6168,407.0925644496012,5.223155148722602,SYN,98.59159285455765,6.8287836985258075,875.4286184592326,9863.15118350618,13,533.0109643292294,420.4601711183161,1.27042020968456,4.839510647459547,normal
3606,105195,1966,ICMP,4771,608,1359.9412460010499,2.4220775603297766,ACK,65.81291217665057,21.732044369933252,123.1824881451902,1611.3525106585626,29,1323.1040897398489,311.43614757778874,1.5875573864005474,4.438149962742054,normal
3940,7009443,4568,UDP,14903,3251,201.33861422010204,7.4372239359500565,ACK,45.96867671301295,56.17047876818604,605.4752343064131,3728.4663800331655,42,1852.5571467555628,121.38838029384553,1.9757916943679774,1.5985031990100513,normal
696,5277728,3917,ICMP,52846,6371,1474.8979474074222,7.404523312392074,FIN,88.93122835896777,68.75583780439922,407.242979629219,2070.539804721629,9,1043.275669055784,437.1616796016755,1.7429677362684108,4.1220319034483515,normal
2938,4102036,817,UDP,14041,2324,1297.3593259173238,7.924289150562672,FIN,69.75349445338588,14.629356161839642,198.8925936339867,2312.1927406241066,15,1493.8635653801675,402.3489090170575,1.5328843036250168,0.8170752633654017,normal
2485,9728094,196,ICMP,25839,5344,1047.453035944659,7.118395941972852,ACK,35.52300427084451,25.237657027770062,457.39889451003586,2546.170059551794,31,1945.0971135794025,379.28814833757446,1.9244755870232377,0.9922370956195564,normal
650,2166251,4837,ICMP,19988,3858,1411.1873380057577,7.984490714740453,ACK,88.5244839610697,20.117910959192386,941.084394235067,6432.739688043545,44,1411.7868677009046,425.3400222089993,1.6177829208547752,0.9141683086882731,normal
2413,9867460,4534,UDP,29836,1993,1097.3511940693763,2.712803316862908,ACK,66.99493022513394,22.779718114383677,783.7939487382467,852.8887648961252,27,294.63351055555313,313.6283439439744,1.2215431988550232,0.4477266673174407,normal
2111,7304693,1317,ICMP,41224,6174,326.1626456935666,6.895747096394639,FIN,70.18489822362773,92.15059923330791,140.79028735003027,5768.045748875462,31,564.6631467694497,255.70430650350383,1.5927586830312108,4.274843799645163,normal
291,3215850,2294,TCP,25738,5064,691.126400263577,6.761198161570351,ACK,89.74259892051658,71.86613773083666,850.9354423204708,8210.933739212622,10,1230.683230951033,193.2281628239808,1.262875803829281,2.8982464220408306,normal
2091,7984439,4876,ICMP,19914,2075,153.67938528087126,2.6165825145451365,FIN,45.39320458893647,73.97359105992703,938.0661236975687,7688.585388383865,37,623.5560492066215,119.64436999977221,1.7907543548729068,1.3021909015447537,normal
2874,8875883,767,ICMP,62533,3500,615.0032623177673,1.6890628430069354,SYN,66.0335064900159,79.60553577605897,284.19463803378517,1596.5998129950221,7,1919.3292402393656,283.13171224697845,1.9704567928652374,4.2447886133106945,normal
2662,8688479,4241,TCP,62848,7099,1125.3243786189526,7.855943595743198,SYN,74.72421314214026,36.300731221761936,340.0854985601942,9155.844174310172,32,870.1688646421302,445.8512493999033,1.4247367260889974,4.015207329370173,normal
1413,8269541,4897,UDP,5749,2099,610.3428588496852,3.0721718606442723,SYN,45.94006575494737,76.95127682551491,135.0468273558344,7723.894775907263,11,968.7377708914936,301.05107660623923,1.4914260921126752,0.5137480754575005,normal
1528,9547263,3864,TCP,44229,6123,528.9265544287945,7.096242533274642,ACK,9.26175945804155,97.86292603797077,351.49070337752477,152.494858235176,48,1433.0439775932227,460.607362243112,1.479346820154767,3.2242554749375096,normal
2606,2950281,4276,ICMP,21708,6703,913.2657976399522,1.0288900827222274,FIN,77.37253714034172,70.14103034815327,676.4093891682162,7399.998972041902,45,1096.074489549561,184.88951110065014,1.3567699782153937,3.611949671613595,normal
825,7357061,2216,UDP,27349,5857,1314.6965670483978,1.1471736505372154,ACK,5.73381892159282,42.25855811696137,279.43346494530505,7400.474618357786,28,826.0773370886599,350.61760653847386,1.8147619683907679,3.5819784115599598,normal
4064,1295929,3568,ICMP,58935,3072,118.99562919186302,4.261099160874579,FIN,72.07352577055109,71.91961878538649,16.756760659250794,5018.479197345849,4,245.61196279369963,327.8460815066942,1.6559554994722965,3.618482112191148,normal
84,2505594,1590,ICMP,33566,4502,608.9321303146163,2.671002787545445,ACK,91.17664564393075,90.17867532602406,345.15920115713675,555.2259184630848,48,1233.2466200649412,338.51258359074353,1.1576464011709038,0.8555943503886965,normal
3202,1244294,971,TCP,47061,1271,279.4490756321309,5.82888898405175,SYN,35.34993083863183,13.747392823921386,458.6422886790453,5841.06878899526,45,1748.402058508666,326.07058599798836,1.854925701520822,1.5822814068011593,normal
2005,3568675,3857,TCP,14116,6803,1058.263663561211,4.9589502789756805,FIN,11.104116728644856,27.264172882887422,570.6924770465022,7680.892924339661,31,1402.9486393441068,118.61079071918722,1.2683794080378865,4.222450757437268,normal
1635,7712634,3585,UDP,31406,5906,203.30061262514556,1.5424005821534401,ACK,24.05353498929327,92.01032531756162,686.9868533144395,2781.653147677906,29,824.8405190892091,80.359540158743,1.981236045538209,4.492974833635472,normal
3993,9286424,885,UDP,40794,5614,1013.9712499413546,2.1383980742100195,FIN,56.66587484841385,94.67705714400819,71.1665007864824,6703.975360692695,33,342.6795227839459,489.52784555370874,1.4389968251023093,1.4031525439587027,anomaly
3123,2415802,2428,UDP,26481,3815,464.9622626569656,3.7163448904089,FIN,94.32331456750255,48.92977358467656,475.0544258464467,3603.869330939381,4,1651.0425551180633,32.19461313282559,1.6548046824352913,0.12486738572698468,normal
1071,444031,4208,ICMP,7155,3842,338.4293799189758,2.2992284476880323,ACK,51.71599025872556,38.08054537692645,273.69883805717825,5781.1628457320885,47,1889.321888239289,239.19087864385244,1.1700412570064274,4.300237066358879,anomaly
3511,9480276,1011,TCP,47053,4322,1407.7112088462288,6.5455564307075,ACK,12.16099153147293,28.995398754699895,948.4898698890526,3907.2009193730846,26,837.718682512903,218.28935539951232,1.410196947219521,1.8916882707471623,normal
2663,6445345,3394,TCP,26239,3409,76.860636281636,3.9124916488729604,FIN,63.15053419791746,50.37640256800587,366.29952469598334,3107.238513576013,31,1484.420159449717,186.40928952538735,1.8221185616247033,1.6540231442400826,normal
3893,2791373,4076,TCP,63918,5934,684.777044239875,1.6540230678974948,FIN,73.5516487420062,93.51858400751412,109.12246173267167,8573.55330677724,31,880.4505357924359,393.1720882525877,1.5294876427579327,1.7415284016462422,normal
1550,3917643,2855,UDP,62329,1800,81.35913906960099,4.3904003159048735,SYN,39.93508332928631,15.831153115021092,51.076575863855396,7562.998765935228,27,1054.307183819179,375.22164127313283,1.9141431351896205,2.084325155598531,normal
4848,7062183,1491,TCP,13636,2624,751.2099197512771,1.6358672674298993,FIN,72.42989237019604,42.5632332161748,272.7518287189574,3519.946426334175,25,1689.3051231711784,453.56021252967076,1.6176245969457264,1.8975504420580562,normal
211,3288058,3311,TCP,38329,3708,776.5186978019065,1.9025611379387204,SYN,33.157458698779784,91.2491778387914,187.0899514938162,4402.853251990568,48,258.5062502011918,203.78888783159186,1.9357149758561731,2.8364901866764662,normal
4347,5511493,667,TCP,14115,6511,516.4105835223831,2.677268824197437,SYN,79.11992500804493,35.56280774428094,653.3016306099553,6947.863836965925,36,1107.6371626947398,286.4479686854352,1.9843489163113004,0.40391198970596903,normal
2031,291998,2790,UDP,36127,4908,241.6345774112843,7.016693936732429,SYN,34.766143797436825,77.04005929731018,848.4968762905569,8129.679927846041,49,507.77852187532267,447.2304531976391,1.5085051035664483,4.8579855695994905,normal
1045,4856920,432,TCP,38113,6397,595.7619297149892,7.472287726330803,FIN,26.35460206846197,39.5367188378691,319.43311643555984,6874.978501964653,31,745.6312964419485,496.98555079913837,1.6086409153200272,4.682890662016085,anomaly
4961,1829022,3691,UDP,30783,1744,1024.7812629022208,6.783804105324483,SYN,88.03895918326593,80.68774115398112,582.0135404108855,5455.22264875812,43,1324.4147668203211,484.9542375590239,1.8514285789261429,4.672689166611341,normal
3392,6368712,4276,TCP,47046,7231,1184.4739225344658,3.338540521924931,FIN,55.298868696364224,98.11923264576365,733.0022242112426,9548.41973611959,37,151.73398344001188,361.74349692167976,1.2993797049822318,4.3975953441687485,normal
4601,1410854,2720,TCP,53161,5121,819.5883734628063,2.9071250877618215,FIN,29.23047258542679,39.39437904695255,404.5028122479416,7764.02183544148,45,1228.2676880490092,80.18150332698801,1.8754666164029987,3.305028247886831,normal
3848,7998043,462,TCP,1583,2804,905.2598719376456,4.844089835531674,ACK,93.57360207505967,84.66476680284585,75.6623552246869,1244.3594178737578,44,638.5402549621244,21.36114577858303,1.6327281263395426,1.1133317281146777,normal
1325,182360,2407,UDP,1737,5057,340.8937381307464,6.052972123731786,FIN,69.39426637113887,98.85326565918977,236.8930618185074,5625.577078040989,23,1372.020285535337,414.3569946374415,1.752950121846073,0.25692260086039775,normal
1066,2445026,1985,UDP,38385,5281,466.6289831800917,7.953609517121224,FIN,22.849339565901154,98.39918415811417,884.2351500077965,4154.6107498169495,35,369.004568634803,422.06159200099444,1.1718686203971007,0.5056121132610154,normal
387,2516419,1667,TCP,16208,3739,284.7486345759197,1.9209949831524835,SYN,61.84959310468528,43.943337071797494,826.2354635923459,7969.862804228857,4,1498.0420472507394,375.7168450491001,1.7895689151080632,1.6267225773233718,normal
928,5533410,2551,ICMP,16285,6339,411.4782575066864,1.3450439931666311,FIN,87.16552429761343,49.09035093436585,95.66720353567787,542.1640351885766,28,1326.7154675496586,147.16250813961787,1.3797082141162926,2.524376297223969,normal
1126,4139286,3085,UDP,21396,1697,376.0858313270211,5.860491222966897,FIN,69.91916111146568,31.0367546026572,231.7092361335684,4166.163342628039,42,1945.3594824726672,323.51075120327806,1.8247090491648579,4.966332825212122,normal
4937,9680818,3174,UDP,56379,468,803.2007402672945,6.825580484527339,ACK,25.231155925252914,32.08785760851414,771.4736293020868,3250.93552190051,41,1831.3471901904813,164.96173648948437,1.5582372844724364,2.1828630240550497,anomaly
4043,8334100,2976,TCP,33164,4707,865.8986958965577,6.924441459064963,ACK,65.23598454075696,49.75459164059129,491.0392496689318,1497.7412473392112,42,638.2754400794345,230.8176405894531,1.34715290133407,2.62798399155197,normal
4909,6894728,2063,ICMP,34048,101,1420.1737601911816,5.749244843540125,SYN,62.29677789929988,20.851340416366565,762.3673613787671,3850.160741663763,13,151.90148817833025,197.39319164045014,1.9574837273194887,3.478834663468522,normal
429,3585197,297,TCP,58944,6298,333.5774382972084,7.678110628834309,SYN,82.26352269429017,71.40120631933783,218.98154694552505,6760.722754026343,1,1345.2002661123397,457.68364252712723,1.7885561579403493,0.9118625125345035,anomaly
542,312955,3227,UDP,48366,7906,980.4297797341691,4.577033344812108,ACK,18.63512710267328,54.09454494067098,953.171157778572,3680.6110618220105,12,1245.4860391088778,124.73709206449902,1.9871174664862823,4.664806737795656,normal
2112,2128599,3864,UDP,33568,7019,1235.0259400319082,7.396703588353487,ACK,70.26383203313463,89.90871786015495,785.7713743119003,5842.065095988416,43,152.1146606562475,293.0293432411376,1.4280229085709835,2.649882683155244,normal
3934,4934594,1457,TCP,1061,7364,862.3501224854261,7.774684958940661,FIN,3.7096985212365006,81.24766094724356,205.47780157774798,5968.8367797991605,40,333.0873054849261,186.88094922659099,1.6842976701874748,1.3885191645528254,normal
114,9954678,617,TCP,44056,1426,419.75529612655976,6.930102199021754,SYN,69.921354762941,32.92464017176732,562.864708673189,5912.400157874529,26,1210.9332386183726,334.9048448379706,1.650429810077354,4.6761938418308135,normal
2618,4836451,4562,ICMP,13721,7430,430.6978335290003,3.1683099428103443,SYN,96.08329308991713,51.07465767874907,121.96615681529525,5342.365651047634,46,1832.4718016826346,286.6359391769627,1.7188010669619227,3.130998586609161,normal
2077,4383794,1774,ICMP,42444,7754,106.91692695294986,2.373509558192067,FIN,18.264438358712127,75.30097783623864,367.82046697523754,1258.1835332556404,46,1822.3505253754731,462.7490638693108,1.1344849094371978,2.42361175893356,normal
2745,7324494,1235,UDP,49722,7328,492.89412849529845,4.836840454872728,FIN,31.81867750908188,20.126812620360774,663.0251547907656,2262.713681609727,23,387.8216037629422,59.78995433359446,1.3625473914896369,2.9049779907042628,normal
1545,6700144,1245,ICMP,32731,1500,1129.6753345549012,4.171103252661319,SYN,58.70428563082657,4.1281752519407515,336.82641104948397,8020.664054884793,49,830.6904981699741,118.11401148081407,1.9184038164117265,3.744028072337081,normal
441,4699713,1039,ICMP,27040,6603,118.90074795031005,7.144308395349131,ACK,73.50710953986831,85.3781481045201,660.1908118003882,5073.418340334831,22,182.08544226913062,385.51050227721737,1.4814380493850043,0.7811446384278372,normal
4564,7868791,2681,UDP,64868,1099,367.97815963200446,1.700221697470076,ACK,35.0927676500489,14.617475491801876,252.33167001415433,7090.155526779518,28,991.6165080895653,190.70555154847327,1.9645793111733925,4.3255038492090945,normal
4524,3791328,3972,UDP,62846,3618,1074.0371228710837,2.8041804291806303,FIN,66.76163873687362,89.05173166441693,723.9947127277363,5742.099894106341,17,1530.8585733790908,91.23405525207473,1.2921528553804782,4.797938983388082,normal
3611,5290730,4552,UDP,35624,6860,1184.844766093171,6.26259261163096,SYN,90.02860046109697,91.44719436423331,365.9936781807298,483.03351955235945,6,1600.9481515946618,256.62741703024,1.9976815761329805,2.8393282622328715,normal
2328,4438610,4940,UDP,49309,8013,710.2116945897963,1.664906514841185,FIN,72.92931993520193,46.60934337557857,792.5764582023228,7982.516313277215,14,1048.0799865334886,329.54961018957925,1.727822818063579,3.4145315255200144,normal
3149,3240536,3187,TCP,63032,4534,1062.2077907940409,3.2453508981519015,ACK,71.39124904262216,80.87138952290525,145.32301557063542,736.8095258375897,17,282.15238194561493,31.96508993521431,1.798754081659839,4.300569069422742,normal
250,2327133,3732,UDP,25008,4203,612.5306445495934,3.710087758377882,ACK,38.81509518324498,36.955933389059695,368.3581698587624,9437.423106469874,38,824.5915528449761,152.89472579004791,1.4571750549822822,1.8803050507683376,normal
4925,7949140,4916,UDP,6191,3700,281.8742052849849,5.35815657593883,FIN,91.23150157498188,85.96819030266293,469.2931292369373,2232.2315248802506,5,1870.9937239512924,406.61704347106104,1.9163073091345586,4.964230656463168,normal
3154,5721626,1485,UDP,61767,2723,627.3167656082145,2.1069285200355523,ACK,28.4549712541467,82.64350653250497,429.6070692555709,5172.820820255481,13,536.2638573874578,264.9198376389952,1.59091661086276,3.405701832841419,normal
4648,6222714,2906,ICMP,1456,7195,890.9533392945572,7.024231432447967,SYN,21.322755305350366,8.773320580419037,438.7635594751366,729.5216204112867,48,707.5334548341804,27.335815434926793,1.7128445422021716,2.1257535048063305,normal
2504,6375825,818,UDP,5175,7664,1424.677258686691,4.13279564826392,FIN,37.05816943892388,58.677572334484346,450.35530001162186,8959.83054879163,9,1518.9716333798347,148.1559925846034,1.1853274442026576,3.3899164952581198,normal
3695,5006858,988,TCP,48704,4330,149.6888805285821,7.4191519831638955,FIN,65.3654658531109,64.35989145607806,988.9154899803248,9801.408520191564,44,1493.8034988832824,323.1789214299165,1.6685126308036042,2.6131833622420477,normal
854,7029722,2473,TCP,7435,3776,785.7214360751929,4.275089395437521,FIN,86.30612063325617,1.084871778133389,201.2255322369582,1548.2957769397797,42,1833.1843472473715,107.68614009323213,1.8911710894359408,0.5670914419764422,anomaly
2781,8222252,735,UDP,31812,1778,526.9336784055504,2.9252818125851334,ACK,14.07579945238439,98.01191355420023,770.9771922035183,3028.2867706858456,26,837.4255123687133,415.421789047513,1.2604549053943894,3.9813678707988993,normal
2823,8976708,2511,TCP,51927,2619,787.0519567012071,1.9928018008137243,SYN,81.56641554875614,41.250189915170374,556.2708932955913,257.15677575909314,13,1077.7375753611532,341.5221944709955,1.7639533411713615,2.826234145462131,normal
1620,3416871,3372,ICMP,27647,5636,84.76439869597093,1.0262156629789936,FIN,81.46951607223052,52.2169773800621,419.49213392875555,7890.958370477819,19,988.0456763189075,240.97573986441864,1.1228606830951893,3.9812693337907046,anomaly
2740,1878971,1226,UDP,55173,5833,503.88676431729294,4.725102394893849,FIN,59.10501630241853,20.285603899509073,637.1934300035118,3183.4968935459847,48,1862.729124942661,458.6556527227246,1.933582714906267,0.7830105824336544,normal
3890,7998488,4061,TCP,23128,2570,1238.8088139141573,1.7500968784884638,ACK,76.30414601822454,61.48093917420886,854.9961286688058,5929.490946484129,17,1561.7281187668061,201.98237775308422,1.9846254044280678,2.6964022124358706,normal
1078,6815612,2207,TCP,57792,3873,853.2155140892244,3.7420943454182476,SYN,19.00618911700715,81.25136676165653,471.97198031355515,488.2631626721444,16,1679.7393816843116,125.18597117640178,1.418762060118285,3.835455118342435,normal
552,4964401,2816,UDP,61208,2766,703.3446145833702,5.124902328659607,FIN,17.789014081250627,59.00334222625309,866.1533552714569,7183.05664008,30,352.8867107758807,334.0874663380834,1.1963664647438015,4.9416397922780835,normal
4543,2867757,788,TCP,1280,2312,464.0113539872424,2.929801278318902,ACK,86.41720337874398,79.01546953440761,102.86035160945939,5341.099237231596,32,1604.5087164495037,290.9146418603728,1.6927187313468306,4.423142409162441,normal
920,9726529,982,UDP,34463,1521,482.16165804746606,2.2265700465628067,FIN,50.31669528622213,73.37968811109852,656.5533797731679,7277.304435388468,14,922.6596555092442,174.27147145630033,1.1268510627327313,4.32310463903259,normal
4538,5914318,2820,TCP,34281,4424,605.4970787063475,6.423051358265392,ACK,25.34778421103206,24.528123341186667,339.84826070765456,7916.686700194542,48,144.3434973782295,178.3956350487488,1.5342376531674682,1.244826089350526,normal
256,6742286,2133,ICMP,40681,250,1261.5775294486125,7.627538205971344,SYN,69.18430540302604,44.14547126980625,392.84817399944245,983.5043751704536,15,214.16787021224076,205.12305123070988,1.344601257624098,4.191543162528147,normal
1534,1578969,608,TCP,45698,7570,1452.4591498719892,1.703082925033762,ACK,89.29564152648787,15.71406155920445,575.3095533952607,5823.111995852929,12,1388.0250854962046,152.65789806489096,1.5260051485575892,0.8547135749393858,normal
913,3652387,3351,TCP,52272,4270,686.0503029580431,2.089132270695055,FIN,63.59994194848073,5.151651632435097,485.11763031459657,6534.445935428056,37,806.8236381773428,358.01828911685203,1.1164479632645214,0.9985572460966834,normal
2840,1712672,234,UDP,19090,1218,620.3616161842547,7.720088600769031,FIN,35.3871592510617,7.243826571148961,387.9616441247559,5215.5156640554505,11,1749.419589124613,329.16561847509064,1.1464509647636358,0.5594825512799254,normal
613,5906950,850,TCP,46395,7011,1277.4986249388012,1.264489552685724,ACK,48.84053876400844,94.30749305741617,315.24018760153405,1905.8530428247104,5,1495.1189543641462,225.9810497477324,1.1143782459590441,4.289406688261798,normal
4241,3213883,1824,UDP,33770,134,669.0127149226403,7.843426355853305,SYN,75.47467663358862,98.46920845430347,622.1321492092169,7976.413112171596,11,141.19202216722735,204.9487911318262,1.6572186830424025,0.5501899372920802,normal
1807,3029631,4819,ICMP,3484,1433,850.4263498286942,1.0325113815949214,SYN,7.682621658366364,10.402773296934155,510.52385531132904,9974.837455512024,34,1405.0877924884037,188.8751219862555,1.6040836259076876,0.6991762839276001,normal
1728,7233212,1116,UDP,38321,4426,384.86541366817943,7.11568058955932,FIN,22.499287079687782,34.18415008203282,330.0760342557716,9695.775499042376,19,465.4696981914768,148.89947748220422,1.309842198682944,1.2369768789111053,normal
3292,6424959,134,UDP,55297,1012,1128.078676879659,3.1512762669142464,FIN,46.79573547829527,12.327647335446246,212.9114086887832,7797.54269327459,26,902.9068805374329,51.991364946959095,1.6819788160136193,2.8675854215119987,normal
4686,6985297,3256,TCP,62280,2367,821.3830614926337,7.570122007241076,ACK,60.819855445612774,83.58865351352794,776.7235140041147,4239.266455585573,26,1286.9968840336292,141.42029590602527,1.8957865312054776,4.402099124649012,normal
1109,4025733,2941,ICMP,35767,1061,1223.1000978484954,3.2186170204490985,ACK,34.577393513190124,50.133412072387884,801.717775282609,3439.2749286162193,17,1758.1638984618164,167.38866085960188,1.3495898909235025,2.0969584947252846,normal
1772,4860221,4135,UDP,4240,6947,1182.062458541571,5.580144250738392,ACK,30.54070126511819,62.504913836629385,221.65024571040064,778.6034110982349,31,966.5859879446845,278.36516307001824,1.8487944270910888,2.735966886467008,normal
3364,9803630,2981,TCP,15291,31,361.7569139915414,1.5602279883615564,SYN,5.097035374272408,54.451175707765614,269.0325231121543,4221.234407141735,19,1636.1318629631553,389.1563694482444,1.6962582224019633,0.8407821057866924,anomaly
3207,3802250,2027,TCP,10605,5543,1087.6715483087555,2.696308680176173,SYN,4.227575433093307,71.31510480023088,246.75159227647202,1644.8811175448104,44,1587.6347593212024,203.89405096867551,1.130438398855685,1.3370698209299803,normal
2675,9341854,2425,UDP,5539,8000,1210.0788915294886,6.415755425354755,FIN,28.59079057597973,32.594092088389,885.724048120776,2617.9136637096813,20,887.6231744173908,472.930883867525,1.437634906246491,0.6782895548040169,normal
2779,20675,4600,TCP,23100,7891,551.8554991344729,4.700800975751738,FIN,53.52010390886476,14.611842098473199,776.389077251232,8929.679054455775,23,1051.8623105225156,415.40148208616955,1.5569814942731155,2.0554950358867776,normal
1647,8463605,3106,UDP,45840,6395,300.2832137082981,7.495783432509313,FIN,56.08077814809574,2.7443802702416837,83.82778801748087,9688.403751961068,25,1430.921519094645,492.55290546303513,1.7585292709592493,2.95577493680418,normal
3110,9357169,1619,UDP,10800,7118,53.816625590402865,4.00125985838948,ACK,49.90872179382002,45.12359597396787,834.3392903288149,9490.734104611027,28,159.18202582918548,439.33949011032604,1.3584175024280754,1.4272574548669363,normal
2743,487799,727,UDP,55115,3696,703.8102969850648,7.088686560697462,SYN,41.578187716280596,90.87560845035229,46.48330251853371,2014.22128984957,37,1792.5416862185673,312.1957151615958,1.9844570943721391,4.231519319318215,anomaly
4941,6811805,3571,ICMP,22971,6129,561.0274607313203,4.142688062347663,FIN,25.976867336870757,31.2213872632144,260.66779307318257,9018.852661529696,12,1562.6507029316176,303.25485103019224,1.7160857664545772,4.906379371523106,normal
3677,2239057,1026,UDP,3987,4845,854.6192590468429,7.854737950913897,FIN,40.66874872768543,20.399725292426684,919.8014702556488,1500.902478912625,48,573.8901746644278,73.46780210956635,1.4355323094479244,0.6095727130497592,normal
1413,4465344,3575,TCP,54705,5417,322.65958425373935,7.7188406697921375,FIN,14.737236573165836,92.6782318784636,865.6879818185473,5125.836057973884,1,1964.2419110590536,363.9756319568682,1.1873225351694008,0.09912167951646747,anomaly
2031,567088,4711,ICMP,7810,5492,1296.515044116389,3.3039569388925623,FIN,12.410663673577643,11.439415236378123,783.6201695773686,6472.267335917297,2,440.84166992027565,304.10136022040894,1.263230984243729,3.950986767899971,normal
1713,6559947,4480,TCP,14890,3085,423.745062660759,7.201465692917623,FIN,30.69438242456535,6.128302308165201,462.97175681815713,4678.422043694146,10,1836.7646800383634,258.3967306640325,1.538846984049641,0.9613069622386909,normal
1579,659003,1970,ICMP,39992,2056,378.32292737709247,6.933279619509545,FIN,99.53953084629474,88.06190432058835,328.1999600098077,9523.190610626405,34,716.4995708139112,349.7105675530714,1.5452258194625301,1.7722014973776865,normal
2088,806113,1058,ICMP,33329,3066,747.0353819023161,2.47476278129294,SYN,33.323197804123446,70.39002881351422,882.7303791650521,3398.8059586068903,32,1549.978749311858,227.5834429906169,1.7909468883392181,1.9772137791962936,normal
3352,9323004,1367,ICMP,63427,2370,773.3339844291977,5.370032805482888,FIN,93.70918264515541,42.78479517560387,660.5033493665201,5321.038864670829,25,967.1155271710957,266.6912345800602,1.7535589630150272,4.583830950615713,normal
2287,5029035,3436,ICMP,18384,560,361.87358173838464,1.508776209128704,SYN,39.833952431001705,75.48205332787526,302.5537664973155,846.9543612486698,10,1499.2880361550042,205.1926293535956,1.2811457346660355,3.297602696673148,normal
1356,4035464,125,TCP,41137,6633,444.1980537525779,6.856975044084232,ACK,44.46198912876133,74.40255525238264,468.5639191857938,8537.023342773755,1,395.9877910847959,361.511737751638,1.6354609585024384,0.2126413566114248,normal
4079,9993154,2105,UDP,61732,2880,296.0725967751051,2.221821184524476,SYN,79.90922543702072,4.965995762797711,882.685220039003,4192.297619845052,32,612.0622709343173,439.5393755684652,1.1185596206685995,0.08390310116363145,anomaly
2725,2093101,1811,TCP,33837,96,1091.7672585685918,1.4957029097003516,ACK,10.270194417298214,67.94843439412216,904.4208817174393,7035.267944360774,37,289.7298664968487,422.01402017497526,1.4586926594459002,1.0058448066760979,normal
1332,5996134,2156,UDP,2217,3087,1166.6290953184186,3.801533668771678,SYN,19.04901903577031,64.44636536781854,662.7090730320122,6854.231747389241,12,1743.773564731826,395.1523833042397,1.7876947165144452,1.59767798495483,normal
759,9845689,1630,TCP,61710,7708,720.3763213159598,5.038454970197504,SYN,97.41018623254625,96.41413450521405,735.2303021098635,6795.002639059043,49,662.9566767620487,16.75597522682995,1.4595577339584498,2.4277739320921286,normal
4794,8504967,4790,ICMP,5536,43,1085.4261828932754,6.984418709918397,FIN,51.08581665610877,96.6956384058166,48.9048548965155,5118.688959698666,18,1419.5048358916606,456.8214272999551,1.8520366158212818,4.190818667421189,anomaly
4463,6209714,2960,ICMP,55119,5154,1117.106318309296,7.8196976786521555,SYN,5.386658538654399,38.40213329400235,608.5545025608162,2847.4360264236225,30,1658.4202757089035,144.68910315446303,1.9785397611127533,1.5809406026134498,normal
3798,6763126,3802,UDP,23690,695,250.49951513282247,4.076447587989046,SYN,5.6906925725490005,59.39434927693362,692.1026426872672,6288.436129757725,13,1812.6946491207573,445.1072320520542,1.6464913424294292,1.88892072416556,normal
4829,6343057,2951,UDP,17654,6688,1450.9581360100783,1.4231284608968915,FIN,90.81682769396188,14.994380113949495,30.17337560942932,9621.73588773106,3,301.96451909226386,106.51437051379449,1.230503668707581,1.6533962707481915,normal
713,3542483,4915,TCP,53395,2414,1240.4963232898249,6.243809053181095,ACK,87.46314386631305,7.579196069756269,845.420398076693,8356.097633868507,21,1796.7283736739637,225.42641819812127,1.4417094871148697,0.054737026804199014,normal
2048,1513760,987,UDP,62693,4287,346.5010187339441,4.956212793567563,FIN,46.38151158756491,43.845207353631345,929.0021615342337,1176.8054923823881,42,474.780277688367,377.20540922018773,1.1085350195615378,4.776455680199418,normal
3495,9852044,3076,TCP,10007,6008,319.93930183180186,4.135239413911242,FIN,17.158986508515277,69.29831907266603,245.55708789460016,329.5552757068458,14,1500.113822022827,323.73668318581457,1.6424533314566774,0.7035894618410042,normal
3793,3558689,793,UDP,1660,3418,232.20866109039497,3.164882151545328,FIN,83.19817602988549,57.20835110747496,847.3379733699949,5039.816433017303,40,1484.8131367927613,213.80174963442064,1.8394116508764182,1.4454607162342026,normal
1545,1864236,250,UDP,4799,2779,250.64891568578165,4.51678969490475,ACK,33.1354106206854,43.53603529641419,668.8574568820726,7780.710581975887,10,116.15596930781305,342.5256898027364,1.6669460710307387,0.6552234774612447,normal
3354,7864426,1563,UDP,3445,7672,1134.8346085916094,3.3707572311992164,SYN,42.48678146764644,81.9931421306845,584.8888615526964,3207.635276355352,2,519.1854257894831,278.98525992285334,1.8074776062651048,2.4578103492220458,normal
3813,9989400,4588,ICMP,14049,508,730.9986725798542,6.299083074231522,SYN,68.56516152588249,79.64831974619095,844.6947139522571,7042.2589512518525,45,1034.626177863248,145.1107902514108,1.819913534548298,4.661508913563071,normal
1903,451930,1022,ICMP,10304,1505,1185.2545504728075,4.8072558754484875,FIN,35.98643698735779,73.46226345269837,292.75443038775165,9326.02051596421,37,898.065942660236,326.7014282935985,1.8659113185957175,0.5124965809511766,anomaly
4709,7403324,196,TCP,37975,6541,1132.0695968077978,7.137934419078784,FIN,63.23832274313101,8.626192567222347,792.9476159099854,4643.946618653222,11,1845.2896117807582,110.08107230881646,1.339997404697799,2.2100756487065953,normal
1341,7947232,1891,UDP,12375,3679,926.6884345825713,4.8048074025460945,SYN,88.64298833381585,79.85049316166871,321.37555999152124,2517.180596683156,1,783.507652054794,350.0542592869911,1.8841416705383796,0.12165048040017644,normal
3631,3499408,4596,TCP,50888,3255,1045.2315795390855,2.6678368933795102,SYN,79.93995360867326,92.0227102834753,789.581977478993,9185.802834594446,26,1880.2690581883285,11.524330035388973,1.688684598617142,3.8567821247168794,normal
3507,5404252,440,UDP,56021,2439,76.6158003497556,6.9576431756250114,SYN,38.779496312848885,6.88476674080073,456.54346569889293,4775.413243636777,42,972.9157049458091,278.89853174326714,1.3607530009350384,3.2097184563365806,normal
1686,92006,248,ICMP,39115,7760,502.07758786728186,4.900533314510307,ACK,29.505718915669746,40.76546749204497,125.77601677814962,4137.609136083589,13,1932.270503616315,206.5231375025091,1.988565243496635,3.501496331898679,normal
3746,4152785,2355,ICMP,56208,7163,974.8421599261447,2.447887267004929,ACK,29.26553442521634,98.84719348194218,387.7046617029306,3598.279558255147,28,1500.9741390472361,158.5208491629542,1.955164154358502,2.366958440869706,normal
3049,689725,85,UDP,63869,7140,63.55018255505409,5.364554669693555,FIN,35.51052388728172,60.32464698836008,241.15834552665314,4287.867829144249,36,1675.7357241010964,262.6969039449724,1.6169968848857594,4.539088817486465,anomaly
3202,9178376,1366,UDP,46680,3515,97.81656833976044,3.504017354596993,ACK,49.858181685752456,51.84416281061882,109.52623527835692,6769.212756405346,21,299.2660878631019,326.2026999425852,1.858887540559607,2.0536916798543214,normal
748,207487,4932,ICMP,31195,776,1285.2375745820557,6.91083928604446,FIN,42.24315058870037,18.567168599405612,119.18419773942833,4393.824309479524,10,1213.6687231604988,483.0030104445978,1.3353450398478846,2.575284523187514,normal
2210,6390308,2340,ICMP,4668,2544,1041.836049453504,4.173098170525799,SYN,14.167398077778127,56.983142050082826,782.2706845190094,3309.816496736279,12,371.13068367576653,418.2016000451679,1.474433296949801,3.4794932191304406,normal
4147,3638820,4696,TCP,17166,6545,434.7861130244987,6.085089506751917,SYN,17.18212997505692,44.465282786475846,882.5838739972429,7462.012889041223,46,665.4799038968507,361.40344271106727,1.2655745846694504,2.607597599066345,normal
4787,3285321,1912,ICMP,8797,4270,1047.546118172128,1.66875345345366,FIN,34.95003133042016,13.61686250144218,927.8578282381789,2109.417127541522,27,1284.7742717178094,244.69378672278174,1.5680923783663232,0.9547848831024766,normal
904,7019523,4023,UDP,29490,276,1199.0621702519318,3.7721704241164233,SYN,56.644345905826874,46.96893260918539,855.4067106071501,2099.143873944792,3,1479.8288389183924,202.1506186355336,1.5464012870644988,1.592182384044111,normal
3524,679841,4680,TCP,11802,1799,494.8517105096468,7.8826900553067905,FIN,59.673731063215975,17.275531212350785,831.9218563125874,6994.711811834672,28,174.4491858213766,25.939530747138633,1.2915319033654098,0.4705493960126383,normal
1757,5421712,4997,UDP,13525,4789,102.2541973738218,6.659222026340038,FIN,49.134499424766375,73.3356985508796,78.14749300143993,8680.394648875785,2,1108.7930890374928,185.95748249893362,1.705521524344488,2.168741351114316,normal
2827,3453501,2069,TCP,48201,2135,1402.529730797215,2.1195856165685005,FIN,74.13881223954394,97.39118824821867,792.2223587744933,2487.9873110215813,28,1174.0965739507842,425.7047979495821,1.2060112659728714,3.0508665445007765,anomaly
1783,8434840,150,UDP,3132,6507,550.5107655286643,2.9443483463407856,ACK,73.98763008691692,47.48812779414392,785.4498330598865,1992.1372522666525,31,249.77319450938222,198.17204516838208,1.1555223059627402,0.6014644219030119,normal
4981,2446840,1799,ICMP,30393,3368,204.39855676282426,3.3087106619945277,FIN,43.33511969705147,63.604464859546674,139.97749016356704,6736.028224778448,43,1051.3072649814508,236.17664954045176,1.4464144717961476,3.1566297361359434,normal
3560,5452973,3636,UDP,37406,4788,763.1924635200637,5.55255892346812,FIN,13.319640265333483,43.66657695191739,665.389139615286,6245.944965554212,21,1456.3003320946705,143.19886777220333,1.4688423000062345,4.465431977363026,normal
252,1380904,26,TCP,26842,6554,1164.278303712994,6.298963316427589,FIN,53.487302206945195,14.70693151204353,457.98226309468873,4527.798230544161,7,201.13184126350882,144.3250518185497,1.3877665458738377,1.695241427597743,anomaly
3305,7354172,4358,UDP,11275,1492,371.3886061954608,6.246686261655368,ACK,38.76543733538943,97.08497336107438,901.01338823735,1049.0203344984466,31,1544.5087750155278,40.31716283695671,1.3321519738204255,1.117945150131911,normal
4268,1438188,474,TCP,24365,278,440.76057269337684,4.5691183941448195,SYN,14.65437598660663,13.828287744323891,698.4542787717107,1008.6757667205468,14,1195.21035931786,310.7639235537024,1.4048987105085775,4.466100258571096,anomaly
4546,1657321,4481,UDP,12702,4095,401.9367308579456,6.675743764867058,ACK,98.19990378651909,12.051054042840526,951.4776610105097,7795.683711539109,39,1683.1316957164026,229.5540074922197,1.2470380165568928,3.4628067271287675,normal
816,539645,1837,ICMP,15391,326,1487.9259266059335,4.059546579302325,FIN,37.605783538730115,46.458121225458754,113.87341882189725,4572.514262217286,39,514.3188884227329,306.9207956704894,1.4631072222195898,0.5359203916022037,normal
4439,9961559,3038,ICMP,55455,8034,336.2354139092867,1.8671639570689333,ACK,62.95398612250186,66.22983931092628,50.20124130786925,8593.874203291432,9,1683.220000004925,277.97458101413787,1.9141430361656995,2.046478640788045,normal
2377,5355552,529,UDP,30696,1138,884.5043146008798,4.9510928915766925,SYN,49.52275727232306,36.13740382631623,973.8435641829406,5789.863150234737,23,279.6658530081892,401.4338477756156,1.3019841930879545,3.373707102775198,normal
2981,4526121,99,UDP,5356,7113,1391.6337304025983,7.666109692207747,SYN,15.139999642459845,20.0591851974934,89.39023983045533,6225.5075980545635,12,867.2764232448756,377.99583703262164,1.7160059939153154,2.876175536127519,normal
247,5833801,4825,UDP,13026,7651,263.00002487277993,6.550955559747579,FIN,6.498818713884487,82.07737343472014,392.3338627011272,9348.524974894683,29,479.02110389683213,388.0123880375609,1.2276060593580556,3.0965501255558663,anomaly
1980,6912855,2861,TCP,63668,3037,1457.7385869081654,5.050904533845697,SYN,62.95117209311393,36.947228740345565,653.4709160280493,1729.6973509904362,38,1764.4395813526608,254.627113401421,1.4185159616092078,2.840004518129891,normal
3632,6551091,2853,UDP,21308,4361,1423.8419898736556,5.527639622443679,ACK,25.455165164440672,20.237776365006813,881.2561066007429,5475.939870040259,39,1439.3476509733703,183.40186216342596,1.3890573024907307,3.992326212871402,normal
658,7791574,4735,UDP,60973,2800,1332.6293812344807,7.513934189249008,ACK,25.12174596175779,37.14340287318014,262.0315450317868,675.5721396637442,22,148.18737660538355,467.3839293611469,1.9433264549674951,1.6089305144169235,normal
3322,3367823,1894,TCP,16724,1678,361.1069559285033,3.9983995610447236,SYN,95.74064278132076,22.24086655663631,38.7676297661731,3653.357974032979,4,118.09437566651663,36.59218912111143,1.4851838502216281,3.5452271160178213,normal
1197,7371683,4181,ICMP,14793,206,969.3798312159258,3.3197589725984615,FIN,46.71555712681785,52.42532604342171,526.0739225941976,1566.175148031931,48,653.3735835151724,84.78444084661285,1.7214193494032455,4.955486418046479,normal
4332,2168354,935,UDP,63567,1817,1153.2926357937981,7.840690955003143,FIN,3.9131805835682347,67.16064922763222,476.4009000695189,1959.5760266172485,7,372.23791713307423,215.60355516655346,1.6422165280741963,1.95589470032809,normal
3447,9486961,3744,UDP,30342,944,1479.740495884823,7.044101934572334,ACK,34.64442879983087,80.15618034271941,313.82425036718877,9354.467728599227,40,1297.578507364372,310.8392497583255,1.2269270677562853,3.9573310896284175,normal
2561,6440522,979,ICMP,25347,804,311.6145420179871,3.2613050923302165,SYN,58.86466268297044,23.528641001666724,875.1603738264347,6145.75702922832,8,1361.2141743768636,14.018183655293605,1.9455864059275565,1.2380850933094936,normal
1844,5048999,1104,ICMP,28634,3464,1160.7375543029798,4.246464181526459,ACK,33.528174433194955,17.528446564740108,751.8289498674023,8932.365518579161,35,1889.7067169565983,362.46818146245954,1.411282362670187,1.4166645942974063,anomaly
709,4386010,3205,TCP,7987,5711,541.2616963943137,3.9055469030545935,ACK,3.658343449380089,2.940738668626796,859.5352193672542,4490.849825468421,9,1908.8758566370975,283.7760059670582,1.1402825202052849,4.67497073217588,normal
2861,4819750,1414,UDP,54744,7593,304.65837507360334,2.0436697507000376,ACK,44.9868152812068,23.580689066377023,170.1908698824272,6016.669131967496,13,1351.9037402815566,247.50435175169338,1.3703993361597688,0.13943239768095705,anomaly
1419,4992536,3374,UDP,8862,6571,660.9965647600897,7.704735266692813,FIN,11.484727281303007,3.3666298972818276,695.4878393509376,417.735670709971,39,110.78271442014656,217.5125690256554,1.4020703532940935,1.094962450855538,normal
2036,9213863,4300,TCP,46191,3216,1201.0620726154937,3.830187018538312,SYN,62.29684244160773,35.201946165216874,975.3507180646687,4748.072099515907,20,782.0960414822672,264.548645552906,1.1834707946408545,2.4197742820818955,normal
196,3472750,3992,ICMP,13267,1380,724.0322153708756,7.127303578465356,SYN,62.339122922046116,15.423615794173626,615.7947528906053,5684.161066103503,21,1074.9688751698059,89.27500989605632,1.6579796657419485,2.0152196323038902,normal
3269,4476156,4333,TCP,28963,360,829.4084952944203,2.3254935937646555,FIN,4.738154820241671,58.40966422455064,179.6507216425313,266.0993712288953,47,1048.4415373660852,63.26875224572144,1.412087784987391,3.149556958862806,normal
2961,2766331,4023,ICMP,62389,582,1492.9811447901757,4.835095674460538,ACK,29.775959898338346,38.98894918963604,995.8225905234532,7915.942850554039,19,1246.3471960542306,151.92236458840082,1.666221145697874,0.9716830312983058,normal
1784,8071297,4566,TCP,2869,7365,628.7084843582677,1.1677296958698888,ACK,41.95494011016138,10.264948766005196,533.0403457427944,3024.6875443383947,2,1925.0478173290448,357.6573480728091,1.1060665072301605,0.3620295517989714,normal
1893,8977766,4723,ICMP,47734,4766,942.3310943283977,6.34954338689616,FIN,55.476145688058615,40.58677984062282,841.6584280934848,4579.622042111625,44,1781.8661147147923,298.26106307939324,1.9838435590916772,1.8529736550457379,normal
538,2631723,3102,TCP,17790,3019,579.6040923422892,5.066397287723949,SYN,30.310279541111314,21.72546348081731,157.86783295612702,5402.739824517763,40,306.9252635559277,245.2602786333162,1.2534647226902136,2.626532658299463,normal
3026,866139,4169,ICMP,37904,8026,619.5391871766221,5.379127084288269,FIN,29.48690474258842,68.33755778267044,669.4352555803422,9922.751815971491,30,605.3627436474471,290.0452732890206,1.693397888034443,2.8143891670537076,normal
2009,9968246,2084,ICMP,13804,1213,1058.6790924958418,1.3620461778825743,SYN,98.31850046877568,37.079188232303245,913.4915212218252,1081.9230540544104,23,1682.907893097309,284.0364263892782,1.744205872951564,3.011452682476909,normal
2435,7544159,294,ICMP,49482,3130,1409.936115337581,2.477268311460308,SYN,5.1444167763690904,15.555970912299463,536.6976409208199,5597.267666022531,40,1666.1831267564933,160.45054349006344,1.2544475147727285,2.7478233588501593,anomaly
2969,5385935,4943,ICMP,57245,88,836.4204782138661,1.520316106475061,SYN,98.91549599502403,35.61057150802437,295.7734599789564,5352.882043422666,13,623.2043758311748,57.75341414991566,1.2005410538921768,1.2363023351462263,normal
4786,2902717,4936,ICMP,53986,7423,1164.1798969757308,3.0224002106266825,ACK,5.727442166761256,23.21345505908836,136.14760967801064,782.2059864715035,33,1488.117258303627,449.4233606448948,1.2373194726603278,3.8251031824853188,normal
1852,6286939,1197,UDP,43880,5699,179.34951028459753,5.392073053775057,ACK,29.5458013516739,79.78212116220023,302.985218585947,6375.989765931734,32,1376.871019563929,303.95651868571815,1.3221364302604501,0.4480235060795989,normal
4111,6817525,3979,ICMP,2533,2448,356.17915427629407,4.963301890221627,FIN,49.875394641965656,98.35338847612958,361.3353608975894,2939.858895548725,28,999.6955334429268,351.89651984361734,1.251408906193618,0.9997858589653931,normal
3419,2212738,2975,UDP,24981,6220,778.090879333322,5.285048751293732,FIN,15.186535958418196,3.523647513946977,712.8555541775312,1127.302865029745,24,482.76441009015576,237.358639939808,1.7065994842604735,3.6994962650053793,anomaly
312,5693796,4329,ICMP,46196,5416,79.01699926172344,4.84475889964526,ACK,14.34978988935366,69.31199359421291,186.8351929593059,1868.5551160926818,42,1788.422043698764,380.67548418851567,1.4787498833534607,1.405833409185206,anomaly
673,8679376,793,UDP,35370,7013,416.63971920571026,2.9112015697310154,FIN,26.374958612833638,27.13182552872517,115.04380715825354,8253.67200883239,28,1387.917250182986,296.4036593495469,1.5840124350638267,2.4724324736309318,anomaly
1066,6823567,959,UDP,18287,5238,800.2318702462009,2.7115524814109766,ACK,97.37721117378338,7.574455743060152,393.070145623417,1130.8351481301995,30,421.0865572689119,36.36254982762321,1.1426031099282425,1.6427167268692389,anomaly
3693,2640929,3949,TCP,52338,5031,71.69373747163604,1.9594177847560688,ACK,38.63156902858185,2.420779648944058,464.06708024504644,4722.581143579214,41,1439.1244551976356,446.14754734290864,1.875124066790651,2.5398362459638557,anomaly
2099,3134211,54,ICMP,47898,3618,433.5921150277605,6.943496124324445,SYN,57.03348898864999,88.2199572520303,632.1012016953299,2033.2038996742904,29,1508.7240671962618,159.71271192606457,1.253514397885573,1.7398124417373517,normal
3773,7441449,1820,TCP,27172,2392,795.3446882400108,5.315355509788711,SYN,70.72484883578299,36.00704370570215,710.4559882879297,1706.966634641619,34,1785.0725417299773,77.56648093645438,1.4241370983095794,4.971097869631191,anomaly
4598,1727199,4576,TCP,32557,4576,881.0664095728063,2.3055770875284183,ACK,74.47996171689682,99.4598453169698,890.3849317452635,2136.546418229018,22,523.3945849596764,53.14009377511473,1.1647114758449904,1.7938131708971519,normal
3158,5072915,2091,ICMP,43632,6342,1392.339954930193,2.2404656587486764,SYN,69.11605566819013,44.79533959539101,296.0640298727557,4978.551051744241,25,1978.6328002854725,363.0157537826343,1.2231138211834969,3.1389765928142506,normal
4140,444945,3508,TCP,57890,863,985.7511537133814,7.111249210682956,ACK,34.35589112598076,19.572177425366064,533.3217444650097,2454.1053690045555,14,391.44750280115034,354.9444997341363,1.6992194689780953,4.442832656077878,normal
2106,7383003,839,ICMP,13955,593,651.366913668491,6.199116046343235,SYN,12.061054908250183,77.93721328373204,372.38029973503455,1057.6562084903476,10,1241.3088945332079,353.0794411585026,1.72332830203012,3.1932956218801047,normal
3220,6311114,1919,TCP,2383,4234,1399.0092068429483,5.615793559337599,FIN,28.889931057987877,92.72272942036257,11.407455310680184,8033.868605546969,10,1348.6353600196092,458.7188586139673,1.7092689361628168,2.8336277029969468,normal
1732,22253,2591,ICMP,54607,7656,1188.0803259123018,3.8480487527750986,FIN,21.819227450181156,81.74648204677361,583.6375044927282,5444.231891399689,8,896.010501005135,180.98208077884922,1.5969231090614198,2.850454979233479,normal
2305,3604110,701,ICMP,25556,2616,340.012935613484,2.8338289499496225,ACK,14.49145318206236,74.77472416872524,817.6381149144273,1652.8511584488647,14,1002.5716466637344,284.95519761587235,1.957269497610716,2.4873389475076935,normal
1204,2277787,4029,ICMP,61337,4761,239.72142395578865,7.8561553417897665,ACK,3.425176443410252,34.13526975739768,46.07509124236015,4767.155501458484,45,1792.729183772061,313.55283566723125,1.5564594446917188,4.039826203008231,normal
4549,7691840,941,UDP,21368,1498,1029.9268718269627,6.580677025159601,SYN,93.636859056783,7.384546025609227,13.456841016940539,776.7887487418078,38,1326.0210363643776,489.94609599756666,1.5044708263668018,0.261616151023296,normal
3241,6502553,4946,TCP,53987,2093,861.8305900866266,3.1124545619539354,SYN,92.18240426798849,20.928635507448888,730.5402224456307,5846.255649825709,32,1044.301820645904,163.04961042211,1.3227910091454291,4.426798240567345,normal
1746,9339770,3416,UDP,5266,1533,1195.0267399994957,6.9329535739494625,ACK,5.991283557386757,45.2342151704927,687.0211277587449,3469.017714020017,45,343.8641686236969,478.6022879529308,1.1889645763399515,2.9355981790257575,normal
4041,1275634,157,TCP,21625,6147,1121.2673226140953,6.3125236403027705,FIN,18.135372709219777,95.66378713142599,411.7935842816707,1124.9324433386248,32,113.9414879239558,82.87982321036688,1.5933394369695608,4.2458773740661835,anomaly
4773,2756063,1042,TCP,50256,5147,956.5567240933968,3.0795638491459885,FIN,14.810546674816571,72.56256378786006,664.9888328047006,1918.0741136971346,3,337.4403744884836,384.3607134536426,1.3834011680235454,0.061859585695600634,normal
4732,1229807,1321,TCP,20140,988,1480.2541488618938,3.985869979691478,ACK,28.84107050773022,83.00002147165648,953.8522118056908,3522.4567780221923,20,1916.7506782053601,320.11409101000226,1.5716228448714638,4.347689255768472,anomaly
1698,8512383,397,UDP,58009,6126,823.7051086600926,2.3016741177371864,FIN,21.202818177395372,28.452095793741123,255.3841685897506,8083.433797493204,13,1551.7648876835283,410.27905826327384,1.2855071704344319,0.6094862206746017,normal
1495,5164515,3131,TCP,36501,5655,214.00334692749377,1.7773671106467654,ACK,94.63950020238765,68.69847971789682,253.467328586268,1820.1813926752511,23,1937.521022269471,24.0559310835251,1.8543554049871203,3.6088778518980718,normal
4249,7602748,1883,UDP,52598,6696,1250.996668983183,6.059334229877877,SYN,9.332873219460181,86.38137619442165,194.36988271657174,1185.6757927787032,19,167.84654844552654,48.28421104013735,1.9997274886931622,2.08844175051034,normal
3973,4464158,3598,ICMP,53817,2216,415.187375401278,2.872583001477066,FIN,21.955411873445822,48.46173997476187,726.7468824740129,5207.796164010274,16,1392.4187673314145,44.15093198888147,1.3901631591085846,3.4085512315786426,normal
303,8804208,925,TCP,31806,1531,1177.0881148086814,6.740415560223775,FIN,8.991607153708529,43.559294162845106,359.6573457896267,5631.099943404622,36,184.15770016649418,300.550133193671,1.8580948465342968,3.144666791010047,anomaly
3233,6182422,1888,TCP,46583,5164,1437.8052892000744,7.969260980600983,SYN,98.0581495157992,72.22104682974609,988.8062026472594,993.3890449074299,35,1585.907290850764,305.4386731120136,1.8856875227531666,0.8253487698655367,normal
2607,2270070,3758,ICMP,50843,674,1060.3534952482948,1.5363386975075408,SYN,91.9229374006035,56.431256938229886,717.5024144225797,2916.39634415229,47,823.8053281968691,453.99139578393834,1.9964664098813718,2.5779226845932834,anomaly
148,4414359,287,ICMP,19904,7944,914.2437333772116,4.311245875585902,FIN,71.94652738677568,99.32393723621034,373.7031177809107,2701.363975351115,47,281.9541842023402,239.125722114038,1.4084481168001814,1.3933800612407583,normal
2250,7641167,1987,TCP,4523,6070,717.5599547288089,6.614437915175621,FIN,43.17133018977142,43.0851772721276,157.6941737228301,1943.5939336650417,7,1179.288619396279,43.34403695243233,1.7804372543426952,2.806579845811582,normal
3011,2832569,1869,ICMP,32611,3012,578.3943056933347,6.522656275788634,ACK,19.82763541687526,18.418384455173673,596.104568362445,3224.817459286472,37,632.2283735426374,112.66940679503256,1.305928103277787,3.6926363824336916,normal
4483,7323153,3046,UDP,45482,4670,561.8568889091625,6.31998010831678,ACK,22.9274827769941,47.72157022584497,301.95422056546124,467.3742642291367,8,1353.190489556455,13.955816460743025,1.662316401162929,0.4154794887633712,normal
3827,9838371,3381,UDP,27044,4540,972.7404232789064,3.4429645471133767,FIN,44.860960847045135,24.285294316675405,906.4539904833238,6550.342851239437,25,1350.5320430762017,390.59011731291844,1.734358312525554,2.5836544934198162,anomaly
2919,2520507,4723,TCP,59713,312,1139.3460195597315,4.176972789795366,ACK,77.05404446231168,56.5641282586556,446.99035587771,9886.022735835026,23,1439.5142008294304,409.6437240715795,1.767008623281587,3.0919728056036697,normal
3284,1257715,2192,UDP,9104,5324,1033.8497507524007,5.164778501390292,SYN,27.20822010389693,13.453902251356638,299.7234648931686,6377.062997945563,10,1985.683649677742,498.99080397922665,1.2864549517260155,1.4838835934500971,normal
3841,8469865,4685,UDP,24231,2621,337.69464673066597,7.8175840850128,ACK,31.76839934093002,95.04765108136941,592.6662964249739,3674.6568603834835,30,834.7256489000703,211.97528003601622,1.8638530134465752,4.765487379152075,normal
1006,1527534,1180,TCP,34981,4546,766.2814112080622,3.29283089656945,ACK,60.39448484904259,86.12246527247594,145.60475596135402,6712.311981342201,33,984.0994015216917,19.456203946780334,1.4788746743532877,2.606311099279079,normal
4117,825143,499,ICMP,14932,6767,1197.8781046654412,7.462007214018004,FIN,24.535206865547107,16.40097431377817,565.9335820748496,5758.007618133405,11,1628.7622319481477,125.01764193028238,1.2947325659610995,0.9207602783312044,normal
210,7347562,2535,TCP,31676,4432,739.7709133741315,2.885498427263459,ACK,58.83764350798755,18.066899351953957,65.55036373454278,8482.903512814712,35,1198.9030437415822,298.006745155015,1.5882779795347115,0.5478634263784273,normal
4543,3803986,1192,UDP,31368,4513,828.1037556164661,7.923521258315932,FIN,39.325958433956174,51.731428774313635,610.8197949297355,6256.558153721804,27,170.7887003068193,481.35205385584084,1.8770214166462478,2.712881150335174,normal
1350,372616,4489,TCP,56780,5463,1168.147269847692,5.691845807793142,FIN,4.402452384233456,77.51525731713079,534.8622054624146,6377.3559107503615,3,1701.8491884937273,60.753490220689216,1.9703791188003024,1.8824395218233756,anomaly
4961,1961155,4268,TCP,26058,1608,1008.8346940843827,4.244580362509857,FIN,40.867427336964425,22.68885423108542,525.5583223175819,2294.4754639026346,47,197.84749568227784,69.57077987876397,1.7733870395550868,0.9708100178642394,normal
4037,9164766,2498,UDP,26812,615,643.5501352794693,5.293732996445234,SYN,92.03300267239534,7.036200236393652,687.3227431872028,4214.709661522173,49,424.55825933439013,353.86190278668204,1.1050605976442263,0.16318544906101518,normal
1577,2711527,1886,UDP,13775,2613,1348.3484312316175,2.907718183281448,ACK,30.018076034212598,55.0078933816789,54.012048282417844,3509.718996531204,8,293.95193725095567,336.9314569605593,1.2212306844193606,2.837334399389021,normal
1268,1769967,2472,TCP,59279,2143,285.72224956204394,2.9192170025802664,ACK,32.96040655421043,69.46811429609899,465.13414998399315,213.1093552971347,13,248.06155247412835,132.7481141027982,1.1686465877949792,2.997015181799973,normal
4546,9305991,1640,UDP,48506,7028,1493.4988504559708,1.7948818069044568,ACK,7.5281479178694015,25.192183637978985,449.59827640997077,3201.4792209517077,42,148.80126307894938,408.4409475971143,1.1910923686944963,0.7175949798955278,normal
4785,8371043,297,UDP,34817,1963,222.33623879054394,1.7983520839377913,FIN,61.889697408360135,74.23701098731317,465.1846174240743,4912.015030797207,3,204.55265654749803,73.10159018395697,1.4447314604177977,3.0126728683538184,normal
3154,280215,4292,UDP,57961,935,71.67745810114641,3.4337021902823794,SYN,85.07499406553555,95.11373470951625,980.0920613546898,6038.501468779803,20,940.634459439739,463.6135039406123,1.4046439833457651,4.760344045990916,normal
2785,2844236,1917,UDP,60779,6872,1340.527406665709,6.339988345274602,FIN,35.93936641621706,14.570369825861814,147.88568841281773,9352.232572433508,46,580.4193129669663,108.50564586288648,1.2023164831414792,4.891695093848799,normal
4605,7380933,1171,UDP,33863,6649,405.1825871306363,5.255798173187138,ACK,24.784310194478856,51.591877465560835,693.5254594889966,2467.226217662182,45,340.4200784957556,49.862662634272446,1.8940118164528241,4.4435797534194545,normal
1004,8662957,139,UDP,39338,3889,1108.0644597977453,1.7180919223171456,FIN,95.70457356222201,6.6273531174766775,407.9761760047709,1609.0470119747276,35,1351.5405311803995,176.36582237218877,1.6538848186991242,4.037322118370345,normal
4615,6154973,2373,ICMP,36477,7275,1225.9722936515004,6.9656556748313765,FIN,74.76218884455736,21.45943971584084,516.6092590812684,8707.512321089685,13,529.6126302050911,102.04223138192702,1.816816978060804,1.054745505199523,normal
3496,6036218,153,TCP,10409,2814,1295.5302669965695,5.2095733889304645,ACK,57.14919236904319,9.892115992646255,764.7699667976342,9424.290191475631,20,136.00339515513798,268.20120026765613,1.4343944499698877,0.7906115606546914,anomaly
1095,1961584,25,UDP,57548,5371,1487.8116417130418,7.725989037493458,FIN,31.247585468143523,40.99665568494005,165.8016881477462,4930.747060952735,24,894.9975891579226,346.5548033121458,1.469212414658811,2.230288535403919,normal
1743,6224754,254,TCP,19256,3098,476.35757955799863,5.691298271878453,FIN,22.859003779663684,82.262347247101,765.9493605101273,1240.6439563755146,9,689.8226847587797,250.55157345436268,1.3858590894830551,3.1019624390795766,normal
3486,5586709,936,ICMP,44368,7991,1079.8528457945258,2.226224045929267,SYN,71.85865986104626,58.13591460165635,79.6274748575952,4905.344162842015,30,705.3484195583362,333.69759258737906,1.494583950888642,4.2548866332018065,normal
612,9805815,3188,UDP,35814,6713,217.32979450720092,4.316483536154756,FIN,52.65709289659707,23.035898879377644,488.47641609773467,1183.4889383223608,25,946.0130535449669,188.81105205599235,1.6493395361195482,1.1674955752726397,anomaly
2535,579688,2186,TCP,16855,995,639.8734724674316,5.539483182830429,SYN,52.53938186349512,4.970954062476586,744.6501491225847,8843.53722913656,16,1370.9364617451276,23.682072646933594,1.5436856070562173,2.4034430235964592,anomaly
3404,4227156,896,UDP,56514,1095,1279.558955303256,1.1978529073498438,ACK,8.297272048552136,55.78642133338854,200.62594080115244,7110.6860357008745,8,1271.3103280721887,487.29142087032307,1.8541253055696052,3.240726807364661,normal
275,5756892,350,UDP,21149,7842,583.1041667857071,1.1043718490836554,SYN,51.70725319920099,14.14687478406653,773.2064895750692,2487.256475329039,44,1880.7970585988635,411.51261722459776,1.9101252517488418,2.2335133341267515,normal
4943,7984372,2061,UDP,63475,3009,907.0883017766404,1.9058210041899755,FIN,82.45165907290988,34.93066870901197,175.1443818564858,8878.237863836188,28,1083.6616659747906,45.975223801467756,1.5227154680308392,2.2764264486256285,normal
1009,8128747,3408,UDP,46732,7082,780.4714934007194,2.7616510453182954,ACK,94.73312850178014,51.50903363244699,801.2463693677502,6415.227117588261,12,997.8828284776372,230.09643411660386,1.3157731823137846,1.1333346335311125,normal
4598,4228995,3960,UDP,18706,3487,986.6297201124653,4.006843864644729,FIN,11.561557350691778,90.46952103293306,474.24621721241914,9537.307033536597,24,505.48742691210424,321.1593443352186,1.9506731775133779,4.933437915506269,normal
3117,7338694,315,UDP,37894,5360,1460.6968646121577,4.412083316318519,FIN,63.48535585920801,9.100509381782981,687.7919485444756,9806.750505204416,49,1535.224448811498,103.39119258059257,1.7615347787458304,2.3812144842031424,normal
865,8922334,917,UDP,18312,1471,130.81651342703307,1.9661932625652776,SYN,57.26637782902644,67.19215163441622,918.2323937854966,132.4897134336091,29,367.47397480714096,293.214419567758,1.676114377448492,2.6683823075734043,normal
4804,3953255,2664,ICMP,36818,3843,882.2442003773631,5.713741053810816,FIN,89.14093660386604,2.3940472649829743,414.3373083775964,1290.120669372703,15,1033.1524906589198,271.48782287766664,1.7708723602615783,1.100610863521277,normal
4692,3818242,3802,ICMP,60396,5282,1301.391729912913,5.172966431875744,SYN,75.37315898830228,63.36094668366929,240.6279515545451,5514.5310749876735,18,900.5121769361444,112.04994238200534,1.1683836041572306,2.575542224475775,normal
3170,4991488,4052,UDP,40501,3952,748.0049320352199,3.0612486918881214,ACK,96.56092504736601,55.60171644372877,868.4924556515001,9562.943457226185,7,1350.7716689683662,79.1930515459521,1.1608636948739053,1.2841942970861908,normal
66,240968,1381,UDP,54887,2048,163.86441961528058,1.095619184047044,ACK,96.04322122061762,81.37479538891671,170.00048162373037,9942.912991545985,13,1843.4807929176518,381.89152191313235,1.2378085873228888,1.0196578944034975,normal
1293,8678571,330,ICMP,25429,382,862.7820610043178,1.5435354074730352,FIN,23.34282424117686,53.63458481358345,635.1612913190424,5717.338559504848,19,1898.5316238466228,168.06735861332052,1.2327058706964793,1.385854032205243,normal
2255,2593536,4664,ICMP,39761,2449,531.5071416945397,3.741863428575876,SYN,72.80973631814179,35.90904337288761,924.0207551602084,1820.6347405577799,48,418.818607610001,129.57986158269924,1.478603427364464,0.023770646041352126,normal
2574,5505381,4069,ICMP,3644,3652,274.665588740007,2.0778204581597874,FIN,53.52178604512454,25.032336261494432,677.6527444199526,1714.195198086191,43,597.4527147076385,371.56039287493445,1.2416636740568279,2.8550540488884026,normal
1119,520165,1141,UDP,36438,7464,1281.100044261036,3.637737243035796,FIN,22.245597526315237,9.439724436425228,203.72427459551514,7662.19180532997,5,1642.1071079329427,370.6736590912612,1.8690730798399369,1.9435252275589878,normal
3494,4415084,2588,TCP,38657,2338,806.3192938371263,5.397278231572486,FIN,20.29203913952267,53.92665475534669,160.76111224560063,5960.183019192348,26,1084.7315486534662,145.43681160475228,1.6202872378352233,4.494458205777712,anomaly
2615,3441866,4052,TCP,57521,3105,1403.2507979496468,4.830661995154985,FIN,9.027349785362363,88.94387073820828,259.7824757895852,5532.861599434354,2,960.7656798758906,437.5585460134083,1.4314357067152264,0.21312879632648074,normal
1110,3879363,3377,TCP,36081,2365,1218.7239316744501,2.6182311819617596,SYN,79.75898236545021,51.95970490161326,397.49276452801263,4711.072740675112,33,1450.1883595233412,347.24258088544775,1.1626602844027405,0.22556950127019304,normal
2377,1028557,827,TCP,41162,7167,1054.8091009718178,3.406757438811267,FIN,33.12597328138094,74.17118288912334,167.56744153140406,7278.832803158648,48,1243.6574099532463,179.42446673255367,1.6319250163632126,4.430508851389791,normal
3470,7436697,21,UDP,14878,7651,57.2869798797023,5.298218389140555,ACK,85.83991469756768,30.545058883539983,799.8359257769044,8594.73637216282,37,1944.3567034005357,219.46992859048285,1.2048795385329139,0.6419567645996628,normal
351,5899885,204,TCP,54048,3618,670.3440121254624,7.025985196304141,SYN,61.223221236298244,45.36495512760201,363.4649891827998,3099.285003836799,25,1209.5518393477073,366.0877461060027,1.7688982253623458,0.020778919578769005,normal
4326,7602723,2547,ICMP,10701,4349,336.35510839544685,6.272494071172141,FIN,67.68970212900761,33.13571714114721,936.7258685535992,2287.085895041317,25,985.3502700597812,113.67607811879107,1.8224822870694393,0.9027801799279387,normal
656,7947155,2852,ICMP,45135,6738,1370.6569710208582,4.873800187833904,SYN,29.875701211409467,11.817345024134841,844.0659553949708,6734.971746517929,39,1131.3529879485338,239.6927883128598,1.5895786321638572,4.1211421137370445,normal
3220,5689238,2239,TCP,25098,1751,303.1467777807224,3.536050988215403,FIN,46.27213366017267,42.28187172506699,909.7300801736696,9155.850998144038,30,1636.2256517242492,330.2435877064688,1.2346425732267718,4.01554327297291,normal
749,9595731,3019,ICMP,18848,46,464.78707490596395,3.555358942792638,ACK,41.81944023022936,76.66443595188441,301.54778785350464,3546.7586574264537,41,1264.0826078919197,274.35428852426946,1.808176451366419,1.7072597321088208,normal
1189,6704560,4761,UDP,1789,5610,799.4133132150238,7.155921171850773,ACK,24.333177728535517,40.1025249549072,577.9942283839682,2797.237369856412,4,1329.3913736347636,308.0808894932017,1.3770450103334007,3.3434742771266612,normal
240,1786559,2087,TCP,46463,112,431.8772475472149,1.274705032283825,ACK,83.41870468415246,65.36774299960847,328.2350228619339,2338.534839332633,19,1945.7338720695248,277.644124743622,1.3003878284781138,2.5411760396057805,normal
2350,8698057,3877,TCP,60806,2684,354.3037820547257,7.915878510941827,SYN,62.58636607485549,76.10293292103516,264.37902646503915,2619.4599861966453,27,1274.951420408369,107.62144745710985,1.5235009769165828,4.524627599331072,normal
1030,534634,4883,UDP,32639,328,918.694021398991,5.650627875960936,ACK,4.7057657678539435,32.95088649441594,611.0159133905252,1435.840095307113,47,822.5419718356256,211.00061903658448,1.9303816172446262,0.2915531423329374,normal
3025,3933747,453,ICMP,49950,71,178.9478079947846,5.767963893506733,FIN,82.17178491849016,79.9539414009422,819.8154267937842,6008.1044533227,39,1413.5194513243134,270.6728927839974,1.3676359628670713,4.067763852395792,normal
1234,8579845,307,UDP,37884,338,134.34325014534085,1.265984861133195,FIN,11.497737846830553,34.55364598000126,102.66182806538771,2880.1780797464316,24,1352.9728542568917,392.2307437495136,1.9150206508753582,0.8612873604430257,normal
3377,8103873,4913,UDP,13999,2012,589.7556780198036,5.238704924238905,FIN,40.965946919723365,26.35459898558515,283.0110737524107,6187.949180413255,37,126.31050746212563,330.4130762130759,1.1482879778658452,1.964188278184479,normal
3444,9245655,854,ICMP,10365,4296,1094.9634590364003,4.393446420633129,SYN,57.55443326140741,23.022170608226638,213.08283907726596,922.0202601744243,25,987.925663893083,219.02956314110804,1.1751713345161523,0.9678661856594818,normal
177,4624636,1025,UDP,29165,5708,854.4697994972246,1.740452348258469,SYN,1.7574733204605817,20.790510426759088,800.3666714245036,1243.0222419670029,29,1511.5168454765587,487.4559177579813,1.7287049226217222,3.516045903874754,normal
2115,7557855,1394,ICMP,13358,7307,663.1708792768293,2.9454540753855136,ACK,65.63790243885067,73.97528320852628,934.0383523612971,5407.8050851897515,31,1048.178769670145,62.819805623065335,1.271533395303358,3.394847636968756,normal
1866,5335233,1407,ICMP,49869,3911,870.3397681256445,7.232201193495559,SYN,66.31059101646545,88.86341684463484,89.14328308152538,5164.156350312539,45,1581.28015827724,111.3343855919345,1.3849586148769628,2.7440090324781443,normal
619,1407368,563,UDP,16859,7038,579.9046527472467,4.84991891106167,FIN,65.60010539613202,23.834198944343633,385.4212805601686,2787.9482747050974,35,956.6790232124673,177.24317891551536,1.2227356828825213,3.4938335536502394,normal
1945,6842300,2360,ICMP,27572,7230,1407.4121863765638,3.893916026217361,FIN,17.183325872521436,9.43878948181924,915.3639522914701,8288.59543104337,28,1968.3110355107478,122.00031772407597,1.3990234422192935,3.2014282552173223,normal
2783,9235082,4526,UDP,36458,4762,129.61209182062277,1.5087750908856767,FIN,26.31750035058139,32.0629306525554,351.1918383408354,1951.7669321887397,38,656.4940194873885,316.4665784349455,1.352413994503217,3.8844458578644976,normal
3913,5786267,1279,ICMP,26063,3976,1026.417644593261,5.9988506918161395,SYN,25.49020613374128,66.12687665321451,715.5348219505661,3670.5451294135423,44,275.03295547753976,29.379857374765074,1.7627038750900854,1.204639189939838,normal
4771,1225744,1270,TCP,33554,6077,1342.3598640002383,5.9199557637722275,FIN,96.04663133478407,37.48348913037785,109.65972265414958,5599.565890116782,4,917.0224221927849,96.9440242939738,1.7318210493701396,2.1502739485541955,normal
4064,5971226,194,ICMP,39760,5399,1215.6328276661175,5.298305248807945,ACK,7.685290535361851,55.36847738191066,449.94365629602083,8685.389914902109,28,1129.2471472604461,153.74014645271615,1.959434458785529,0.7666163814776014,normal
2951,4863894,4573,ICMP,62586,6360,316.8595004910978,4.571838523544544,SYN,43.447389262646894,74.68619160184434,508.26776783571216,4243.654654151089,31,763.2780901966769,344.83942978886506,1.7519795166557368,2.153671885458768,anomaly
1736,2132018,2420,UDP,41433,2712,479.0932060214181,4.036490815451609,FIN,87.25413667619922,41.4393745843498,760.0874372052097,4046.149458864953,23,560.334204224122,439.17379246475275,1.7253359777192465,3.5114418395875027,normal
3059,8211710,4441,ICMP,19589,3038,1089.7195111253018,5.152897650915946,FIN,77.17713345032388,99.9697883057483,295.93640407402796,5837.420537514767,14,1376.9115136324292,401.2609675709967,1.7247835001563865,3.4600418923139142,anomaly
204,3490429,2219,TCP,10858,6418,172.19231081211,2.633768162098847,SYN,82.42177034024375,30.49697676331475,271.5466868250218,3235.284613082673,28,816.537689726879,99.21965729262489,1.8946707100833584,3.550040247441765,normal
2587,6889260,3682,TCP,37680,2044,1227.199464757247,7.588813449243534,SYN,97.25706482811097,97.84658683538909,309.9379934938731,7120.815206279935,14,1299.6002052912102,287.0488216361239,1.366613059587995,1.5507499679353391,normal
1459,6479443,4693,ICMP,1864,6895,1092.415069676946,5.121561704261607,ACK,39.3389194150457,21.09993685807828,560.1395437058034,2562.0898126033467,1,1580.235752337674,24.711096218896746,1.3700828982744238,3.31444772921671,normal
4107,295746,1891,ICMP,14897,4451,1107.9296413912468,3.178347110480636,SYN,31.655872163665652,11.98224258316469,877.2443693301033,8249.6403697081,43,1545.904992744045,162.16301992290198,1.7670924287344432,1.8436569347488014,anomaly
834,5711754,4306,TCP,32592,5692,195.34998688800752,4.1477589561961015,FIN,4.035289524869533,75.33223188434242,832.6319824966938,2796.2987900212656,32,813.0876902078135,404.9320594658801,1.3058346234351148,4.7230153100641985,normal
3225,5433019,531,UDP,11870,1545,1090.7527899835347,6.6397935221382465,ACK,15.851916817196345,70.5286560084686,67.3661998468919,9927.741506676071,41,1179.0066350053319,233.76619973423638,1.920818003733173,1.7233981657428905,normal
4391,4353892,1897,TCP,6923,5105,1035.7362815689564,2.131312425112082,FIN,56.63945079975939,81.30576537700398,880.1655601791033,3232.978495843662,18,954.3506264412106,83.47124791515894,1.5813035525781975,3.0190609878814962,normal
2856,1703159,2562,TCP,21526,7063,1254.8376116916834,3.049849357221823,FIN,16.608398910280666,35.01545175159718,104.1582804762079,8800.378772686458,5,1754.5299801483545,224.89115692927322,1.3701124352835485,3.753227113818958,normal
587,3758985,3819,ICMP,1589,1298,110.31413657188078,5.756556159155888,FIN,73.89419658211015,93.14995773144538,421.194588625681,4033.8239456499673,42,1769.6411116199986,107.03613347649186,1.7984899367209843,4.532973070841442,normal
1891,3803177,4893,ICMP,39797,533,83.51046927829869,3.2084244453755675,SYN,4.686027886677812,12.828661408934806,767.750394861679,2535.9429361062103,15,753.1090074872699,202.6638143533418,1.3810885668877666,2.1952637312350154,normal
2505,8513558,4165,TCP,65277,6145,590.860294823913,6.547511773030262,SYN,26.689314300550308,3.9974330317814895,90.69592567360372,2339.016179557517,42,274.3011509695884,249.03840164644325,1.9669504853646846,1.8088206899592572,normal
574,1154224,4683,UDP,42948,7894,265.7430115812717,1.9131744102415258,FIN,69.84985921546037,30.75582462608518,49.995683474197165,8516.893690313795,16,418.406718315637,181.28347513040393,1.9846902887524862,2.1558405948297787,anomaly
3000,2651235,4426,TCP,44266,4357,859.6574924768217,6.33880319318226,SYN,26.294779599667315,79.93512187662479,336.69584557468625,3156.6545644974794,36,797.3033100486791,469.1147857125918,1.7001166177695766,1.6252447942334063,anomaly
4181,4741039,3489,TCP,10211,6312,1380.1559071847857,1.4784620039539638,FIN,73.14728595822194,67.62524842009117,732.6263517787417,3451.7737887014955,36,1172.0749140496823,285.6398458026272,1.2022705007752064,3.273083205435897,anomaly
4830,8300350,1419,UDP,8250,1753,617.6456089843228,1.0881482886724636,SYN,99.59052366763949,44.184667658039686,526.5388731963936,2050.2312528055118,40,1347.8953208324156,423.0174102339794,1.3368879649399634,4.664256652402835,anomaly
4165,9694374,1704,TCP,43171,3390,1275.178047045276,7.287564631825135,SYN,79.91131158946126,26.36910780523921,422.83185190359075,9617.114709350546,30,729.6049879434004,382.7569880572343,1.56387526599445,0.6390943223819402,normal
2418,2304554,4674,TCP,39682,6920,50.34926805090639,5.06937451852609,SYN,34.84171041733925,6.868005890029743,814.9425843405645,2522.965011928418,38,1368.248327285573,333.9714915412105,1.8663027050881835,2.809001103203083,anomaly
3897,4021120,536,ICMP,46905,3941,294.3462330158171,3.4627882796076803,ACK,90.15859816219786,34.41305226629978,769.0421695723022,2549.6918279179595,23,1881.7059689801363,253.4754866682653,1.266397847247826,4.489267139548052,normal
4545,2947862,2670,UDP,5335,6783,94.11413249842414,2.628162458746953,SYN,6.066793831152734,46.541957007720214,788.1827776366249,9444.589113521488,11,1338.8268416210058,11.065154052977876,1.1939631131125392,0.5095715778335276,anomaly
2751,2677517,2182,ICMP,45238,2520,525.8134117468495,5.318200482825713,ACK,72.7756756202839,69.01535996904931,465.1295557097099,9018.89866445231,25,401.2739359442674,310.5991242705211,1.1670297348701322,2.4743883997237415,normal
1021,4308086,4976,ICMP,57912,3484,1366.874913759929,4.563015284757167,ACK,3.30891082470483,64.95122353969667,29.25475006711097,2564.2177434811106,45,1201.3709346574924,184.41915197122387,1.5562708061240422,4.327495683343626,normal
1216,7332006,289,UDP,42640,2279,190.58057921853225,7.941184428709896,ACK,18.280994040339536,94.78714539025592,180.41560375661493,8660.783138228095,43,1129.6014818572673,67.7034617326462,1.8962308726352353,4.503256536443291,normal
4979,9016828,2974,UDP,53158,4783,929.2941762785106,7.88251190657622,FIN,98.77098841231887,10.939195986233244,743.8874239938596,2573.249809552557,2,1754.3302107069994,227.86686916991806,1.1381233183795032,2.5766172841530532,normal
2824,8330442,3987,TCP,26713,7725,704.6691117231941,5.445171962991267,SYN,36.72760633693639,34.297672165034506,755.6417370321287,936.195232043457,35,765.5758049046512,370.4211279188193,1.2910893805941812,0.13450990349391012,anomaly
2032,6170912,2679,ICMP,7107,4709,1410.778907930428,4.1000935427412335,FIN,82.22943843825963,48.676230111752936,972.575626574323,8221.577349118668,47,903.596659107692,481.22211940236497,1.7239313142555517,0.5371395003548302,normal
903,8832924,2903,UDP,13622,7782,227.65275667878606,4.437986783942635,ACK,38.2325845707246,67.39888359154493,198.28466164109085,7738.425762371334,24,1237.452205424338,193.31139664982018,1.8432770916293437,2.937716558753756,normal
4196,3518741,1761,ICMP,17964,6294,357.44038322823195,5.7773534636580335,SYN,84.16281662898375,50.04971745269923,131.69752027111855,3017.2045047455676,13,1096.4080923098484,275.9344163654386,1.8266595763692526,0.6280544462670613,normal
3786,6169563,3991,ICMP,53195,7516,92.83585448666526,1.7110218096476695,FIN,96.57851645255064,91.36306496272712,147.40173739865423,992.3759527138322,42,1466.131525569831,427.10974784815664,1.806561251588298,0.7555947067872413,normal
3819,3457653,4779,UDP,27904,2679,679.2061119654919,3.2984645166750273,ACK,44.11808809849749,61.25856221438154,192.94023392339886,2143.744956323763,37,176.73908273374207,173.65971577550727,1.216819820732006,3.862864317932748,normal
624,5430219,2371,TCP,3604,275,452.8577043687487,1.526905687025227,FIN,56.375569992979656,4.926875559430308,533.1836561127958,7733.460051974007,30,1170.6804364932236,79.70605003569953,1.4575138239646268,3.7559533722917466,normal
3311,476595,4437,ICMP,58322,1522,1311.3636041409652,1.5135253166184368,FIN,63.23530950639321,12.251940937547294,975.45934834441,9651.003367930023,11,331.176596707363,148.12209730401764,1.9862701965485718,4.215436069533105,normal
1198,9855352,4141,UDP,47636,4676,927.1641791367448,2.370874693259636,SYN,93.5486454153483,75.59606058657529,593.5371681706009,2664.120510765466,23,698.8970857874706,450.5701866061101,1.9899988144292795,0.5376183311654673,normal
1765,1889806,1718,TCP,58419,2130,940.4315700647675,4.396772782152588,SYN,26.41766465602123,71.86298193828313,527.4611849901764,8200.762130250947,46,1357.0910369115418,88.10262314630049,1.6421846527587691,0.9987429566731204,anomaly
4827,2149091,2696,ICMP,43345,5450,821.2705104778885,6.493420248139525,FIN,61.51368791053894,16.19620318074481,676.6226680800323,2356.5333076378283,28,399.08698112513764,171.3183198933232,1.7383404842490209,4.166477534994667,normal
4983,3962676,2905,UDP,10410,426,183.18298898234144,4.3984712381611075,SYN,33.14730259409111,6.831957445500939,83.19108685057499,6828.043879068327,29,686.7994874587948,237.6737521451669,1.9561554166567783,3.6082271674019823,normal
3904,1761462,4545,ICMP,54195,2869,695.2770914017651,3.3483362739260882,SYN,22.476384838059527,58.293067688546984,817.2005928088621,927.7733434121106,15,1435.7123173870928,425.0854795105508,1.5049350751170893,4.031721077861921,anomaly
2541,4059848,2786,UDP,20546,3196,1499.282525077349,1.576470932357307,FIN,9.407113563298202,63.93814437064661,650.4107478860091,5894.426839784374,45,1336.5299608009843,469.4795089899576,1.223180172095414,4.948830917790532,anomaly
2710,810178,1129,UDP,27248,7804,1261.0824717267215,4.852068662281907,SYN,62.45037550985894,14.394664113770656,179.47976279461992,2764.9799228277097,3,272.9753714985023,218.64705172029488,1.7020539879644705,4.323513714716953,anomaly
3174,7933310,2998,ICMP,15659,1880,1345.5156285423182,2.8988801053822373,SYN,88.32646240828527,47.88831278304071,634.4082669874359,9265.874892463204,9,1196.8101376354155,466.6574836932226,1.964092074410471,2.607111621740304,normal
3101,4778402,4269,ICMP,1695,6178,1243.6782209074242,5.304539245420032,ACK,35.787895995606746,31.27732138272288,600.2458829402116,2968.5337989116406,8,379.78347764541496,89.11495648029974,1.727485484479665,1.5607332421383147,normal
54,6935106,4253,UDP,34569,5826,199.4104554749249,7.840314173926928,SYN,55.71418508310475,93.19925891805188,74.20445563985255,4044.5628791368354,47,579.3156195575361,86.8576230292215,1.8229890143213638,2.8526861670077586,normal
4919,7487327,204,TCP,55103,4374,379.79996839395943,1.7792002503428512,ACK,64.57124573411747,22.700780535551054,274.2628758672987,8422.723200430351,33,972.5014294079796,475.13290162105096,1.4804739235735536,3.1965468856699175,normal
926,2563605,672,ICMP,27879,742,54.52639446679396,2.4848777910535795,FIN,42.05036760172519,73.59281186442666,397.03220666038845,4438.918367213264,34,307.75896426655936,259.7432654288823,1.1868168387303661,1.6832075848855086,normal
1041,722037,489,UDP,36814,7599,490.0896810732616,4.311661766695623,ACK,90.43143718623976,52.29525742108942,252.43964418221034,2460.2812927696923,9,1987.929239045277,101.09483932343743,1.25199387789656,3.8569758170485455,normal
4192,5508683,4228,UDP,52036,1302,207.48073340241424,7.780296707421506,FIN,36.91276095891648,2.1405801905782953,250.7300709174864,5520.688776853542,17,414.20216600260216,249.1152815820253,1.9843893464919296,0.4728414253628549,normal
4414,6418954,1433,TCP,53315,633,735.5503506872953,6.4026684338899695,SYN,13.376071188894521,52.18285973804915,577.2189889604441,8415.912836934822,41,1584.4939940143483,393.77346613573525,1.5438658852948588,3.8991703249017324,anomaly
4515,1022469,2718,TCP,47609,3351,1031.834858432158,7.287604352139811,SYN,15.258015447118256,10.847742842030646,476.1504268898346,4388.458358846059,1,1676.6938055441276,415.1909792045266,1.110818531159525,0.1696726082229229,anomaly
685,6757350,3185,TCP,64539,8043,1318.0326778052117,3.3360039393305505,ACK,89.19490383626356,66.24715738670585,670.6192599107279,1415.5960431281894,40,1989.4815428024026,433.3449357581287,1.9598305526580564,2.4948506430002357,normal
1743,5780277,3824,ICMP,15284,5810,1136.3648893818024,7.944269316450162,FIN,98.812796241948,56.98682950777565,956.8430162388177,3892.5604398337164,5,914.4411139193099,289.0897425128351,1.5480019207739477,4.308567952781499,normal
1732,2893371,2024,UDP,2098,3136,1410.9491138788326,1.7198297124491018,SYN,29.604847206599977,2.032295506013982,663.9504841551998,9549.303817632495,30,1760.779588264746,434.8035470402614,1.8526415584626539,0.44161141736677384,normal
4802,6971199,3799,UDP,43700,1998,128.15252107099377,1.3708103423227058,ACK,15.216669839816433,21.26459012871515,586.2749729597164,813.0140416211448,11,1919.324934132017,259.9148023135948,1.5936123278332042,2.5935172931059065,normal
169,464001,4815,UDP,10499,832,67.6607613539851,6.9892183893781965,ACK,48.73901589386474,77.84628023433025,849.0838967488428,4143.607207235396,28,428.49887529986756,307.45935217162787,1.191532055307285,0.8053632804169687,normal
880,6012493,2453,TCP,13902,1806,1008.9402650625084,7.490854091448903,ACK,71.2432782940832,28.301488815900093,635.7523794613654,6515.485060007638,38,1010.9285692131119,381.77270311310616,1.654012623918752,4.475130592804067,anomaly
3725,2823136,921,UDP,16144,350,469.56099482225704,1.6340975028227123,SYN,61.62788790219423,50.42905671514226,173.90565760571295,877.3254894970462,17,214.0205558265667,218.46329342814917,1.9976602486876485,4.163404179897815,normal
1419,516693,3223,ICMP,24171,2232,417.57647335337106,1.7939919872208905,FIN,95.15971002617864,31.887862826509192,321.6012124638782,3515.030215330374,23,1279.375622845983,46.054928697999635,1.1312640043813489,4.670247044034504,normal
790,2637722,2374,TCP,3010,1236,529.7862771560017,1.2322191042904167,SYN,81.96001051319118,92.23115878335645,736.0266798575605,9411.725704008604,18,1204.6716980274762,181.58151486027182,1.8576147777635397,4.376161884235167,normal
166,7819114,3639,TCP,44617,5660,441.20428394392803,1.7315529384990687,SYN,87.0282443413362,54.12112476055998,740.9985591967499,403.2933528408183,37,487.8399408600746,315.7326662300206,1.3119327160856886,3.6854010162312933,normal
2888,240017,3482,TCP,33454,7588,791.5827891373016,2.4659387176019663,FIN,54.625048726057955,69.92117797074607,987.1386628058696,7542.244607108836,27,1616.0152418988396,104.24286112334366,1.4544796004409672,0.932597085986629,normal
1200,415994,690,TCP,42985,5513,688.2152484749921,7.7905363323700065,ACK,33.40024413981356,9.264134365013689,630.7051296182835,8429.612164746362,25,170.81057325072578,82.70882811482362,1.435438560595606,1.5194880521878145,normal
1981,942768,4661,ICMP,56503,7252,793.0213994961517,5.6750215556777635,SYN,70.47186503559733,4.993262765742461,900.5497362050464,2842.9011816357265,5,1631.8319158423583,153.60946684980442,1.9089174748422075,2.4893072399569567,anomaly
1062,5713044,619,UDP,18454,4502,1025.4347366756324,6.449871178629794,ACK,44.466250955188116,26.66359131164596,64.03450748363178,2225.6722582461416,19,150.62605321134802,25.734616516132466,1.5540375699486544,2.948594939758471,normal
1714,8044846,2166,ICMP,3200,5634,611.339238008165,6.432975825840655,ACK,29.48766981567013,31.604294933111753,570.560121362542,9156.72684650345,27,1347.9747430590655,374.2772200625907,1.5024568581509847,3.9130951426129172,anomaly
1131,1077941,3876,UDP,19746,5933,414.39614635612736,4.745516248454503,FIN,16.07479788155745,69.08037357681029,920.6495444551737,7663.616785259172,13,249.66207643831243,136.77064507228602,1.8362225979530988,1.1425285446534341,normal
4779,466982,381,ICMP,43839,7880,290.9907783726809,6.58242284399112,FIN,53.25954658106668,57.343919768531684,294.3717928264136,1222.4690251093227,7,577.3284866934137,70.87681435193377,1.144016420874453,0.6501041967933467,anomaly
562,2539568,625,TCP,50676,7602,556.7374733223071,5.170652726729788,FIN,59.831103152791954,38.08338108656354,163.32783775626712,2200.7528296123887,26,1471.635363692488,352.5734138220833,1.1778106835857014,2.418224751262244,normal
2899,274146,2263,TCP,19641,5933,1125.6193891069495,3.2018226832235035,ACK,57.30978258276332,65.75763093362308,357.0050584957927,6251.416034426289,14,632.7691192882348,423.034726146211,1.1195199711886605,0.7976286402558738,normal
609,5454174,4952,ICMP,62942,5930,1147.2221196616308,4.927770761378805,ACK,12.538287979921847,17.193008986292426,794.3138055718262,4252.227596079235,27,1071.2303125636959,19.73904197227144,1.7191846136067956,3.4717466436245656,normal
3722,6125152,4148,ICMP,64058,7217,1017.012810692105,4.734560102941594,SYN,57.42874463433557,7.285479786655884,93.85380653450247,5091.326267335208,8,1838.9717120882174,124.46388766320017,1.5730545233712632,2.8823981415576694,normal
4633,1165795,874,UDP,28139,3357,389.34085419496813,6.764171376315245,ACK,17.67299657370896,85.59600413950184,604.3352717853935,9520.27010751245,31,194.30527266949883,473.16383918609586,1.8884199132814543,3.708127907124235,normal
3393,9778938,1278,ICMP,38400,2395,902.7250564893117,7.8720905216716135,FIN,66.70770237969543,56.83066669861888,144.2752897858337,4260.331085600542,35,1641.0516080977798,198.77452660705987,1.548679612675345,0.32654843267899103,anomaly
4120,7131030,794,ICMP,12930,5631,877.5000092864295,3.8772979579465137,FIN,43.50901566988781,65.2604320901047,441.1771171317738,8828.651758561264,27,224.0167972801301,469.9101110571463,1.299637615485795,4.8238408266165775,normal
4849,2678747,4581,UDP,41026,1260,752.1859872591019,6.343734749089518,FIN,85.03007018617639,31.41698282420784,966.3172315361392,6641.372714739676,4,340.91020423968564,144.3641438016319,1.8246326357939746,0.010027628011932589,anomaly
1520,2410381,4188,UDP,58148,339,847.4695302566031,1.6983410282669347,FIN,78.0483087345841,37.82354081603227,203.19282714841762,1304.0326412642062,42,326.7062973895006,116.85314143024667,1.3648914688093607,1.6339576509175386,normal
630,7027492,2247,UDP,7634,4514,763.0964173043187,6.43781958613802,ACK,72.71382310014674,9.154377268144597,43.676383357572014,7470.619662812424,4,1988.7943381003797,114.91312174671798,1.9421208039369882,3.4013776188975364,normal
2344,8310411,4064,ICMP,44316,1934,869.9117308074569,3.599918383952625,FIN,70.37297283409593,85.84183059237557,432.9313055882622,5250.069832167516,18,442.35400672991346,51.76204360821975,1.3253814990670165,0.23525894857197324,normal
3197,6860216,4905,UDP,50776,4220,1087.4836342006367,1.2757311402278066,SYN,56.4883159083321,59.65150555781455,581.9186318132533,2328.462778880687,23,1803.8475078869096,449.25182136947154,1.2509485875832582,0.4259144109744587,anomaly
4299,2944295,945,TCP,63904,4811,208.96088188498763,3.5427232499352406,ACK,7.05024403670609,9.279138654814123,304.5425576810807,2966.538298514751,32,1982.771109598453,490.11916109012157,1.543991592359619,0.3926403717688193,normal
1729,3284616,3990,TCP,14435,7180,1136.9573406160844,5.274499256451513,FIN,65.8934727297671,80.64843037277505,546.3503233429254,5617.591005032437,12,829.1910637833662,477.70931556310256,1.145463606173219,2.9117335363376866,normal
3556,78175,2348,TCP,54460,349,247.03491768501158,1.834751173770266,SYN,47.22529557880781,44.96742158218048,953.8679267894673,6056.854652443351,20,1298.9922327045024,427.49378851536426,1.132770555634356,4.480667322042305,anomaly
2794,2079808,335,ICMP,10204,679,146.6105976950433,7.468241447011782,FIN,47.48591668535977,76.7450336668313,318.6530795419592,9684.946399891853,47,1580.2733821508639,424.9750747489779,1.5464130907299123,2.781630518784187,normal
3406,1358453,1544,TCP,49017,3708,1465.315545021128,1.54370689290987,ACK,38.5231973511607,2.2493663468256524,316.3327608872979,8561.729350464873,45,846.0256554887957,333.93187891280394,1.2935961927153088,3.0218210478755614,normal
4095,3012786,3490,ICMP,11097,3138,1437.63806486214,7.510047038832163,ACK,92.97802056932935,3.8452300002401416,487.94021890214475,2137.8089412532345,12,407.44686694583385,414.84471885580064,1.1084173745556634,1.7365482395278673,normal
1293,96028,3871,ICMP,38275,6762,137.63299016381788,5.949962625549805,SYN,25.695675428290805,17.90751291943232,520.1631725324409,7762.52149861474,8,924.1492132058662,112.0877585280934,1.3664512202883696,0.10351838169110605,normal
3168,1559242,1995,TCP,31984,4936,692.7174901386951,3.307985227899425,ACK,32.34285088756819,21.880739057927304,11.352266616334365,182.08890070129087,22,1566.5865255055946,200.077188889693,1.5296306184619328,0.1178574415785697,normal
2191,4320453,4942,UDP,6925,1992,320.05516053467335,3.7352524339636526,SYN,96.34103749082664,76.63159750070363,619.7163798927915,1385.1037655349255,27,1583.4492492219658,324.0097837144265,1.4548598313143808,4.442666732739747,anomaly
3109,4949008,4613,ICMP,39921,6804,753.7501008449062,6.185665553129209,FIN,81.2052197923931,70.96272223764322,997.3837751780637,2077.0341190562035,41,538.0237051247353,438.6379529551822,1.2219225195443808,0.5218364692110372,anomaly
4598,5446315,2788,TCP,51930,1813,1253.7570023494018,5.2102977061684514,ACK,2.394554804124129,61.99272379385299,299.087968975752,6012.2735913254655,41,432.43471579241844,333.630036560704,1.6217073450487798,4.998948965344851,normal
3009,8553442,1280,ICMP,52640,6477,1428.387073377191,5.701500450184616,FIN,90.7046523863255,88.60103075185054,634.5019458038638,2027.3815623718483,17,1849.0653339906644,421.1207595837609,1.7392996920328734,0.8304688314412779,normal
2315,2368555,650,UDP,44207,3238,969.6663475047292,3.72415231559436,FIN,23.438082584473964,25.46772958198026,14.575438483666622,3716.2021261495406,32,183.59815806079007,242.23526276615576,1.7079852459469658,3.376425875336395,normal
2529,9619395,4713,UDP,5506,4577,563.1632174571347,4.414694372653193,ACK,70.88732137744029,90.53608548654037,608.2833461739292,2503.519843206587,33,1496.003103953665,361.4788314754717,1.4543857291549454,4.745287806182719,normal
4696,3013359,4088,TCP,43478,5723,924.8220701846676,7.929072388265253,FIN,55.754237629354336,91.03763585725305,452.5976263335398,3440.424581361637,31,188.2006323488326,490.1905951237925,1.2238365360540027,1.817823495433711,normal
1685,9715177,4671,ICMP,26452,2553,502.401893857253,2.497460093498024,SYN,54.14437647667562,43.99171625849953,534.9902219300269,9430.269302867253,6,1692.0100966358768,85.20939299358129,1.5495380961416505,3.674821611852467,normal
1807,9806436,1377,ICMP,8424,5791,1369.2442792064876,3.9249933056549198,SYN,72.0742110158792,10.344233841596719,548.4659178174599,9974.025890694758,39,1820.2881453385937,464.1911392347861,1.9013885794433745,1.7607746507772524,normal
4502,2415165,4052,ICMP,40598,2477,1312.0806715034637,3.042762313017771,SYN,21.51096571754953,72.92943091076297,185.1834396068552,6888.648852014681,9,665.0963360352881,265.95833444253236,1.5218505640471096,1.5316558732396124,normal
2120,7205776,2585,ICMP,58819,6190,859.4360379055084,6.355780573078949,ACK,16.74348794587623,34.35593859206084,772.2684406604974,5765.847927411241,42,240.47772268172537,325.1768350577284,1.2761129447674289,1.0170023720514403,normal
2899,3209823,3613,TCP,44308,3120,520.9584273015228,6.3480883796600445,FIN,65.53934806656224,79.69802222623633,559.9149248002357,7113.633673581204,32,1013.3006190601143,440.15581338615124,1.1837479727843574,4.106465185425334,anomaly
3301,7458918,1591,UDP,8420,4386,475.41502959531863,3.0471182269817714,FIN,29.767343661561565,17.20533810647651,277.4925149020242,7739.356784147193,36,667.0797698164059,210.7305445506353,1.9495339742889914,1.2943614474096479,normal
3780,5052646,1996,TCP,8362,2753,98.45609232233622,1.5697322164308805,FIN,97.42107055811833,54.41199624386217,938.0077310997781,7416.226161734193,16,892.5586713397201,215.15936169612482,1.7687084679892235,1.4229592329002294,normal
2539,3626654,2250,ICMP,43742,6664,1232.940233986678,1.0800287367054282,FIN,45.699672068392665,51.29929930150288,22.645972904015466,910.7360291800476,12,1363.4723616284923,268.3190998100792,1.3816702754304342,4.994859013571899,normal
1681,286711,3976,ICMP,13524,7440,703.0556589065616,3.9921537326973984,SYN,12.04810498068956,10.931134566391737,728.6778418597913,3171.9048509390627,41,498.6694683025622,19.360021403456784,1.365817165584657,1.6432790728721458,normal
2866,5279172,2115,UDP,12569,4500,521.4427461803834,3.872363160350396,ACK,68.89570145103242,36.96994974159319,387.42283380053277,3499.9706797185227,3,778.2079820767641,253.3664286622419,1.9056966380503377,2.119644699271924,normal
1065,9512997,138,ICMP,62504,4175,733.1100147467431,7.918729150479041,SYN,31.309769954146997,9.390776031226077,527.3193829981939,3755.619294086398,27,1586.8687315560799,152.63275984717285,1.259811411328686,4.950376734296426,normal
1398,6913880,4811,TCP,6265,5246,1237.1700861592453,4.288614529883757,SYN,15.710155334518818,47.0092906417125,298.5946519511258,3508.706408650266,27,1323.1477049103612,464.6975493719729,1.58153356069089,1.8528087236329573,normal
4661,576919,4006,TCP,24802,239,230.69060117590573,2.7949285870279446,ACK,42.85951292610218,84.44755130276549,328.0396545007197,7892.213744758244,9,719.9234331873535,52.99029638898535,1.7421538476613714,1.8370985161069762,normal
3137,3332106,861,UDP,23845,5580,1293.6011829506497,7.238606087220272,ACK,96.45800553064053,27.750271567109035,25.01455246479238,7501.2862120553455,17,1362.1730404938644,235.06702638970287,1.4567513167691208,4.140295186407163,anomaly
2889,9242354,4113,TCP,5719,2838,1351.3878109071134,4.437475647575049,SYN,41.73162706232587,76.7213367315563,732.5466378247833,145.54299863725268,46,1554.0945534947366,474.25940348490684,1.1359121082887798,1.5665325387535836,normal
385,423381,2086,TCP,12554,1926,1422.7264767991378,5.194229446474044,FIN,35.38604280737528,19.15931414563318,713.6904266927113,3034.1770825977183,5,1225.7226038102963,451.507272656054,1.3049829323475695,1.1765926571756118,normal
4642,977433,3004,TCP,48104,7845,626.3575890128103,1.6696809729974889,ACK,45.00638724486111,67.6997578215745,657.8146184031499,6274.270113074723,26,555.0439817519161,353.6607367635296,1.9116273236981365,2.121819173324858,normal
945,8223462,3754,TCP,52764,2631,364.8535858546242,3.6804148513084183,ACK,2.1994548543651877,91.63820259311451,879.1711737781678,1290.6296576891154,21,100.46605197278683,298.7869154780766,1.570807070155599,3.5061975948752018,normal
3596,4901164,2766,ICMP,15342,5711,591.7791867767128,7.609565721316507,SYN,14.177052321262792,33.06888007501121,902.2549047528497,804.8631154067706,1,1625.4133032777347,147.55815919509166,1.8338971218391729,0.22578269464653414,normal
901,9910551,1654,TCP,51958,2613,532.7225395355347,5.126537689227978,FIN,85.11778719532617,90.14075217077321,560.8798762310029,8301.141383034968,1,1663.0037551007124,189.80898524870284,1.6001169885115556,1.8758409758206482,anomaly
1737,6337356,4381,UDP,23355,115,305.4231731291471,3.4115129859972315,ACK,97.82540679735686,51.036671726113056,687.9752571463921,4581.5742945034835,35,1425.4485526492879,54.16608372952235,1.9492418861410732,1.7377620607097435,normal
1981,5680042,3154,UDP,56770,1008,930.5366716471575,5.379670264421152,SYN,16.636207074764457,32.36370818340009,20.8884170597552,8571.30494241645,9,245.5037695984662,395.19306590153644,1.9182206680011606,1.2316435528375425,normal
3796,402067,252,TCP,53696,1132,741.1050327375119,7.372877627046813,ACK,54.01626402030393,89.75431527604161,847.8796282864466,8253.171999048,23,1211.9223462652876,168.69618627286775,1.5345992378093618,3.274893806162681,normal
2477,7095176,4095,UDP,27379,6991,1305.2664388698054,2.91793420330813,FIN,96.66700994675872,4.17168941020309,818.2492898882026,8944.368169191797,38,1659.9392754160538,337.2131305248016,1.3864466228927146,1.45705050126425,normal
1618,461796,180,TCP,12348,6061,96.55889169898447,4.535817029294721,SYN,16.50155624171742,3.773866276008235,30.046132239259954,577.9181792504061,41,840.3698082055148,185.22144082732058,1.6415019086110494,3.037590479449935,normal
4050,7741616,662,UDP,29173,2298,983.6084949549332,7.710834577382287,SYN,19.444652132742572,60.383130816426956,547.396964574301,1942.6876544730071,4,476.2013950184828,237.5219162841687,1.7073989135025263,2.5266408388585884,normal
2788,5995376,3522,UDP,4242,5083,1156.2758738417635,2.2067730030891686,FIN,92.75481903891144,79.87832101569319,907.5890147328968,3031.8173275740633,19,1216.4918647587942,281.9512114644335,1.5485195830705685,1.093777455421234,normal
3548,5290283,1509,TCP,21165,6438,1151.2555253230453,6.0376474791769805,SYN,70.86307699878586,75.40308443637252,189.57410716096766,1448.6808395948153,37,1669.982591871668,402.90768011139573,1.840054898985585,1.3401646246404864,normal
3963,5859338,2109,TCP,37808,265,1334.8072522885113,5.301367057420876,FIN,16.044701997373913,8.867480831808948,359.11847234152714,4906.151225778571,5,192.85292154342457,113.4666249949334,1.2649956696063946,0.861294265999754,normal
1116,4990904,2168,ICMP,3861,2178,1107.0989271027663,5.757725917984444,SYN,39.95577444074237,95.07486815982222,337.74314173349427,8009.87121138668,28,1234.2073126053979,205.39503954662965,1.4009706475616293,0.29257978210627966,normal
4430,9393609,1982,TCP,60749,4349,1395.3245893891597,3.4585374146729877,FIN,6.570724477256344,70.60329022611404,362.381070645754,9516.699927412075,46,1322.0302111447497,73.73997022699061,1.7177387216298077,3.0997504308935087,normal
2494,313023,3935,TCP,56176,3369,532.3520697402926,3.1971556143863546,ACK,43.83448185785173,94.96209331904616,51.46717015055106,8906.783931317013,42,1244.4973747617312,47.122647411417056,1.3220154788488017,3.3672155826325283,normal
4157,6271016,2268,ICMP,50104,7664,779.6536542897375,5.789467694118593,ACK,78.01224795421666,33.580678138436106,286.22750692771274,4627.633132156502,48,1335.0640000503922,306.290434522708,1.4958602702152706,0.8383399681072629,normal
3423,7321583,4049,TCP,40826,6580,70.41551176019148,2.508802995731817,ACK,55.84323340402659,69.69997367029893,301.9077495732332,6401.261903572427,23,1299.6130844478935,102.6546117358623,1.9673601919654633,3.0808079995835054,normal
4019,7823636,2045,TCP,41101,2745,60.08850158977226,3.937583214013036,SYN,65.0967700598041,86.13393592661504,867.2133280046952,2383.8916221416634,38,347.7673814626632,39.301677543788415,1.6632883754179169,4.9106028528873145,normal
2596,3178902,3281,ICMP,15403,5267,398.1835996547038,2.317222522370426,FIN,33.355193087820716,38.665958092275034,358.5948470603855,4089.7890993260066,23,546.3798762029392,449.5779862911387,1.9541515111770131,0.38126645373973245,normal
803,756111,867,TCP,5263,5376,196.17043585167363,1.0581338878633082,FIN,16.97819585673451,96.52113195808845,452.74457249461585,8724.707694658031,46,1276.0886100491193,271.814065694844,1.7501972629237184,2.4569506537693298,normal
2132,2321715,3833,TCP,45920,4097,427.3064835068427,7.790401520266486,ACK,2.2985509015749566,27.234286330833555,386.9306792815848,389.05546799285975,18,133.61700615986447,75.96782162746247,1.7522000927004555,3.6678606860828302,normal
2824,2235805,1059,ICMP,21836,4918,306.7127770661762,4.021920850594933,ACK,82.30992208860519,32.24574897610084,129.46671510556595,5374.316799170396,29,1306.0145855741644,36.178802449299354,1.632671456321185,0.23958589717033724,normal
2946,4305459,4000,ICMP,30693,2686,91.35403601603994,7.785447300938777,ACK,64.028801375233,92.11252908607683,990.4531901483678,8740.703149200312,28,1364.2345851915609,68.7314261726915,1.2279877353332542,3.893584735048102,normal
4235,1900054,308,UDP,49648,3219,1368.4910122887716,1.9822646383747826,FIN,23.70280288748115,96.99631490376763,827.5669387976835,1307.8977511225285,9,554.4320437371512,240.9552477571009,1.567742861797659,4.897761073093501,normal
825,3458550,933,TCP,10635,2774,61.92354051389271,5.111567456202402,ACK,42.42496204765219,29.23437908220982,545.5111039570932,9827.207399316107,39,1236.4523765309652,337.5479750327599,1.327399580453124,0.4515544390284384,normal
1675,1551184,4242,UDP,5174,7014,1117.319109288774,2.4068182295386773,SYN,80.34288360408331,14.502613924642986,481.60084944527966,222.675493413575,10,1114.7711153751525,324.22723674316234,1.9988052989161522,4.112927228274968,normal
3119,4175482,4316,UDP,59698,1437,270.61443603329894,6.5305188887429235,ACK,54.331318423047186,76.14648556134917,652.762178208379,8872.588113485326,2,595.3139414909162,80.76731226960428,1.3402657460910985,1.8991219071153504,anomaly
467,8154113,2809,ICMP,12133,6638,1372.73295189942,6.4859209213268265,ACK,30.71582776815185,93.03686136374438,333.1668370380058,3601.3584865101725,13,979.6506225620337,320.40958640047734,1.3076172591153037,0.7291398501457189,normal
164,3274523,4885,TCP,35238,674,1344.5541124053343,1.7882500432751827,FIN,27.451267199897863,60.47065072648559,59.780041650933754,1413.6367586098509,38,1828.2866058831448,208.3841558666237,1.66149483961164,2.4710341138897753,anomaly
666,8478276,4072,TCP,27040,2462,998.1566622354231,7.384451170134724,SYN,22.543788420433735,63.81737648621843,410.2736454785403,1657.8459350198975,27,910.5452828737774,237.72445430673787,1.5598539318976672,0.3668784915482664,normal
4024,6962383,4055,ICMP,12960,130,1024.7395172108775,2.3624075304225722,FIN,82.5492581332828,76.53139008305772,984.1378016337821,7041.669311707281,41,1296.7039360710532,402.7008990602054,1.1192176219290628,2.6152860267542493,normal
3317,7961339,1812,UDP,12060,109,57.741755856048385,5.2908413911255225,SYN,58.60417471778158,16.155397065299415,190.52333781894555,8720.124798893847,20,167.16655997731897,172.92469261302278,1.216579861093223,0.10659037214020754,normal
875,2771742,2723,ICMP,40260,782,1478.063770864723,7.899435340613929,SYN,71.20655940444496,97.3734207529792,532.4282392314426,6446.5569026872,40,247.8202153119877,82.02953311004335,1.8299386476447612,3.6457710939469234,anomaly
1566,2771374,4516,TCP,15045,5419,1322.8572751849308,7.176775743364547,ACK,86.15192369834392,37.068609088130884,18.43618235836288,9294.377216471454,10,254.48533927630507,437.99203544750685,1.5353227596328045,2.4449687321998272,normal
3196,7297405,2863,ICMP,55966,5472,1347.9040273086334,7.695947499928183,ACK,98.69930855049141,63.195802168284,130.81120002679893,8440.5400710633,16,1578.6574508902463,113.94398217450562,1.231413693340713,2.300108908066551,normal
462,6847539,2667,TCP,37967,7411,1005.9045787237643,3.398191398526836,FIN,25.698875066547412,47.39298602949929,591.3197834624459,189.41488871243916,15,765.4881001265601,154.07463657177493,1.5187183065521603,0.9889955537729975,normal
778,8660522,4532,UDP,49182,3192,549.941046549078,1.7390294955362435,FIN,18.90934625833338,47.34991699671965,304.43979021275663,6727.353677858334,13,532.4622078950454,356.229128862285,1.3278341747741633,1.8127031474158812,normal
3398,4110803,3356,TCP,38872,2199,1345.790541181197,2.3184281130261506,FIN,46.737835936600895,70.57169283985242,906.6276415960186,3115.8834182714963,38,1519.9166800582732,344.9396553582276,1.3012323150011094,0.9175284677841149,normal
2858,5637289,1481,UDP,16495,5152,472.6995458192289,4.503464265536296,SYN,4.472056668374718,99.4715675883532,412.1080682976624,4599.55011603206,20,422.92411885673147,402.19601042907607,1.9619527488005941,3.679596601673339,normal
725,8752063,2959,UDP,48685,2524,865.9317378461941,6.552607747913255,FIN,79.3800702747893,66.2469251990992,215.953261159742,1030.9044065288447,24,568.3357976335333,100.09465430949112,1.425822074171967,1.003136244170806,anomaly
3515,1035586,951,TCP,51040,1484,194.60990989862947,2.0510755092871267,SYN,88.49223988460383,79.6118540257008,550.1358515918565,2892.781702529339,41,918.7697422130396,182.61714772395962,1.1417879942051052,3.087599101988058,normal
2554,6041502,1917,TCP,24268,117,1386.8356636924877,5.6181207258253,SYN,68.91793017605481,3.733989668964742,797.023898824203,6363.591077581824,7,729.7323311277652,71.68278708856792,1.9732940053735724,1.4052414303280831,normal
3017,5548094,4847,UDP,64051,5259,254.11716376825933,3.265043228276583,SYN,27.531507431797326,81.23230953741701,29.225499235420862,2261.983089537608,23,1212.2452009696242,275.10918211261605,1.815355617294942,3.2883411576574026,normal
2836,3101581,1253,ICMP,49801,312,376.1003683090905,3.3884145067450744,SYN,13.192391924890266,30.69761229506142,510.4649174437409,6510.613015884811,24,741.8971762422105,153.3595903439636,1.3289719759077427,2.706870245017498,normal
1172,2662637,4433,TCP,58839,1859,859.2945292859117,5.633424111105485,SYN,38.83227460406895,13.543482658431822,775.6922911598748,9238.018490887056,29,846.6081081318947,347.57846409419574,1.4680026512348523,2.1229587719470726,normal
4129,3673277,1476,UDP,40009,1754,1157.9348503088233,4.268995936732542,ACK,83.50022643002008,12.220074459322879,112.55276808570886,148.90901954907662,5,1739.4845556740233,10.168740312425125,1.8760606171356158,3.3682741587182523,normal
1621,2085504,3967,UDP,39464,5140,948.0593936076335,6.684233051181957,SYN,35.43495257482535,68.30760660279304,903.770533743814,7879.130125325598,43,1780.6097352932045,39.24466924519383,1.421672167390947,2.084453137325063,normal
2193,3022372,1976,ICMP,2526,2639,386.5941735602264,2.091429567639789,SYN,4.391202789037357,99.76406676801444,271.87223586718085,6449.056913615564,45,1672.6512625454743,221.95454725447826,1.610663637805939,4.108639306849414,normal
1737,4855042,385,TCP,54860,6413,51.36741166486098,6.529637888369269,ACK,28.15375724628806,66.95331473891707,178.8975716356985,561.6643510645432,35,1743.178772138802,479.5102364280286,1.5813711826981514,3.650696306593977,anomaly
4182,2472378,272,UDP,35202,4767,1147.8683414457869,1.449646736401946,ACK,99.00461539749661,26.972466856610794,593.3635121736478,7922.654658727682,1,1182.4844717443223,446.5171798059996,1.4611650937659197,2.707788582620275,normal
3901,3831121,4372,ICMP,4794,2216,1478.5506225710858,2.358377161719235,ACK,67.99020681092244,21.127291129291027,183.28083435984863,2322.7582478575973,36,1327.8431080276296,497.06442375037176,1.6755517116323446,4.386532806104125,normal
3490,5354912,3398,UDP,43889,3486,1224.374024443831,5.593048001522158,FIN,90.18462816773565,53.06975282753603,682.9045051674703,2731.623353153986,18,1158.629016454387,214.246810183382,1.5259616635716977,4.146020489125597,normal
3816,1354324,3405,TCP,54835,6207,717.2995963270922,6.984479595577499,FIN,77.71166148260964,7.438890635719626,495.2010611784457,1025.8052564467962,6,1592.6173597005481,32.818558274138255,1.1191074425065757,2.663878579156291,normal
2376,6754008,1954,ICMP,5025,1926,1360.4625290287045,2.7687573941754433,SYN,54.430846017336435,40.53375245979153,118.85640214455812,5390.360171898268,23,1146.900922946744,159.91850958968357,1.8329447968831438,0.3515539915669796,normal
2964,6125386,1903,UDP,61872,1741,644.2791260216076,3.2903412408023907,SYN,15.72019836710305,66.95725549657296,913.3652332362276,5032.415028655444,10,311.046232646483,341.12771756523625,1.2018402044783474,2.8343217974742276,normal
4002,3373455,3644,ICMP,53659,3711,811.1544221530279,4.75984523800718,SYN,35.51580335721605,96.79856530503993,676.4733558639147,3537.027612729261,7,1638.202228868034,76.23026678603348,1.5176809378022271,1.7827323779058248,normal
645,4269173,1662,TCP,21970,5183,741.8381627237407,2.4810096454251163,SYN,58.790282302148,43.13969133374491,550.5330962684303,1770.6626968910534,44,1545.1118242873192,156.9863675924005,1.6219107118347473,2.705163584590633,anomaly
778,6035722,4151,ICMP,1622,7265,699.0546153650112,6.678093831112539,ACK,87.1926025244672,20.822170100323355,380.5972091966294,8395.740189540751,8,1658.5711310369882,37.521420626980756,1.7349554487739618,3.239180997882991,normal
1415,9259415,3902,TCP,31340,7413,1174.0266154761632,6.415456515040326,FIN,27.598829540625065,81.91887793390565,143.511305623767,8776.146457669949,13,461.81598044054755,242.73384881121478,1.4697168817591546,3.2277444885046918,normal
4542,7011131,609,UDP,26591,6325,813.8149155407634,2.017041983760471,ACK,13.001460064682723,74.67575296120103,710.4431873507089,5451.738146065354,30,616.0724001584374,112.37113207059309,1.7619936383274784,3.370884977154827,anomaly
748,4397720,4825,TCP,27532,1836,509.2398269365633,4.246808122716425,FIN,56.32439943792693,86.11068493226965,815.5192618287688,2517.8308026338436,18,661.928224800707,54.711533180511154,1.2182150762467132,3.399550438974624,normal
445,4071028,1922,UDP,44768,272,424.32934310479357,6.423794366582349,ACK,18.47362102928751,22.25715402674632,134.56066143892946,1051.4896504169712,14,1065.35301875278,211.49574664641474,1.688100993443701,0.5553142793803858,normal
4221,7952036,1302,UDP,53217,4247,104.73360960277842,3.3613067177239033,SYN,61.42581516286876,41.078387389133674,499.621948292761,8698.587258166472,11,354.36645991057355,182.10044814333594,1.8437050348271327,0.9666445289818952,anomaly
4410,6870989,610,TCP,58336,3539,895.6329847304166,5.431747759024121,FIN,27.088622805889468,98.17388933458072,489.9977251225647,1050.9219239365875,42,832.225331222248,273.38369110329126,1.900499575553751,3.1563996126663314,normal
2552,1370277,390,UDP,40183,1927,383.4440523314996,1.351491850203009,SYN,23.86533742576184,16.64618965786098,356.41259113776795,230.482373719568,38,446.10050605015624,377.02894110368317,1.6216098463585005,2.046780219767873,normal
1869,5523567,4223,ICMP,31300,1930,264.7941869237555,5.260821323705226,FIN,40.518895733900216,67.47363109638835,791.448476437887,4747.036015652524,13,603.0491547621994,65.15868084898756,1.3816056782675337,3.8166297100757602,normal
767,6723090,3647,UDP,24695,2541,998.0534475501327,2.068570860004249,FIN,59.725983998236636,24.48126169317914,108.5344859687785,7339.583117595409,42,1442.136505661012,397.6515392029042,1.247020860542264,0.6332973184915325,normal
2832,750971,2173,TCP,17474,5795,1037.7534238412459,6.814083275801159,SYN,54.98644962198199,50.515741621971884,212.96903262336912,4629.6163443227015,44,1724.1411970028341,22.882090138838258,1.4110028775897003,0.9656997421584913,anomaly
4996,8223502,4365,ICMP,15932,3869,1140.6245937736157,3.488146245063349,SYN,25.228713246263073,80.25045493377311,11.58674122932168,608.9650091667074,33,143.52114653464932,227.11993222296542,1.5859769358389957,2.796738565758,normal
3627,7750972,1108,ICMP,58299,5248,780.1864996909577,2.97087703909737,SYN,89.22055077088424,49.37001920302608,379.2555342021847,6931.288222876046,13,1175.2042303745006,297.84084057408216,1.2766972015924045,2.508732616146814,normal
193,4461276,375,UDP,45382,6869,1346.3791775456355,6.886222836980395,ACK,11.878315003784902,80.7426876378791,298.2663862213683,6459.0929435227235,25,168.51354791830755,478.9293498385008,1.9572634151237835,1.339321798343683,anomaly
3190,7457688,2580,UDP,50071,1078,1407.6969924274304,1.3510081615026714,FIN,4.907288744359194,43.207155638594244,868.3240439205749,6847.144338133094,24,261.97356552194555,291.22228316612836,1.9074218859856185,2.0476327850907405,normal
4541,4076837,3429,TCP,36542,3558,1220.6878626991097,3.7762615953404133,FIN,60.66792067121356,99.93594005713325,748.3521416353933,2190.9046643555894,29,1439.6596657668072,87.78710470298041,1.1296614753788883,0.18455657750269885,normal
2988,9731665,2486,ICMP,58837,6041,971.6105489118714,3.5900247840252195,FIN,13.21730963848217,44.1469951878008,93.62747459664918,7977.414250537471,36,1497.6554023540216,263.59548461851546,1.60576561840735,0.19482015889192691,anomaly
3686,2234706,800,TCP,32236,2342,490.3953827072236,2.9936026197468557,SYN,50.98419061361715,15.788568385144815,743.5463559117467,4843.76529630652,6,1646.5632790283175,203.93413412379394,1.810377911221952,0.4836857440961096,anomaly
3272,6095645,3579,UDP,43708,206,1475.2701363493206,7.382280324010339,FIN,95.22555515655363,40.78508204927564,678.6462192053615,5409.8928248453585,18,1001.0588723635793,244.8842281241194,1.3208527639406062,2.888194341470797,normal
1217,8875365,756,ICMP,7830,968,447.4974424283106,6.256498754617056,FIN,70.15944687382623,74.51672527958078,288.90703086432643,5503.717095577066,28,1733.6342158307575,106.57753718295275,1.5715066091534695,4.319944908919637,normal
2666,2055376,322,TCP,40221,2310,343.85253688612505,1.4474621493435715,SYN,62.12820145937828,84.94583801810423,25.306166957563946,2939.3837270048903,5,416.9927541190862,255.4052507325232,1.4653926941684412,1.3085142134052796,normal
1112,1186111,4643,TCP,41915,4379,691.123464990545,6.002812146044679,SYN,57.905717262355786,46.550226618449976,124.01077737482535,2576.327632936719,18,574.4611859065051,83.51948450252965,1.276891637796269,0.17935975031986703,normal
2206,4962828,930,TCP,62353,6113,132.41882753296326,4.691093931901557,FIN,18.774385967759684,59.853207264785524,257.44167377237375,147.18469176721038,37,355.55408044374553,374.5811095385262,1.6532636454882406,3.5460492392410394,normal
3032,7733752,1087,TCP,19039,4637,1468.8169737740966,7.306075260811054,ACK,43.83213463818233,84.64411671480273,818.4561424907821,4026.4423863484635,7,1615.3207951055656,301.014067510543,1.9943229578661479,4.278207672635282,normal
3344,2393919,2839,TCP,64823,7126,903.228656803816,3.1906193214385095,SYN,34.90982722930949,81.54107181983366,470.65969764873057,4902.519540996748,9,534.4827249345759,48.478568879973814,1.4287585342519504,0.6994821984628776,normal
4779,1501948,2391,ICMP,40244,7865,857.5805329130541,5.0191339972670805,ACK,95.35435789998421,66.11466663075214,919.2115711944597,7453.757081987456,35,395.4713612407617,445.9110892852001,1.5971411074380204,1.934881002742597,normal
1206,6328090,3628,TCP,18182,5680,1000.9046058545938,4.505286923186902,ACK,24.989702905701776,81.68768332083464,791.2569748538169,759.6069133485698,12,1283.9103064173069,312.0260062616628,1.3950692134593505,0.8020968345451218,normal
782,4108834,807,ICMP,16480,4898,770.6842892769496,4.42692634359324,ACK,47.680120768209086,58.015165078495066,294.23709804556677,9247.495182747243,46,246.45585008528138,164.8924570126374,1.8892537551222472,0.5407235787407324,normal
4380,2409630,4453,TCP,28612,7274,96.4920997870853,4.192737796620488,ACK,93.86985696434876,1.4601687236027832,846.9085350147078,2713.1888356457107,40,185.31052671832782,32.364775768382046,1.878142430381324,3.2443610069871287,anomaly
4896,9984526,282,UDP,63600,4650,937.8513688185753,2.439406328725969,SYN,79.12888459149218,5.085411655820097,125.55759200664947,3730.534832269653,44,302.7635322496719,319.7910809281002,1.2608960491531733,4.838007016128875,normal
1003,5838196,3020,UDP,23515,229,1088.4521215868244,6.289969457446749,FIN,96.48700868915789,98.00103152458013,45.75634524946304,578.7884093930918,39,100.45767957561843,192.98572806068506,1.9099539868142545,3.3940464718476036,normal
2589,8096213,4825,TCP,25212,2113,654.286137904877,4.1593522291750205,FIN,61.224695259552114,15.354212158267815,612.4527397041826,6566.050467099421,24,1424.2812930214056,454.7328713904589,1.2363578399504604,4.924225167410015,normal
3374,2703994,1783,UDP,28103,3558,1148.0785795032298,7.70961392501824,SYN,34.04489861984747,41.047124473522814,348.32560453084227,7118.335694159682,9,1168.2471112575095,27.09013802994553,1.1858959636628008,2.177632427590754,normal
3351,5920626,2557,ICMP,59854,1583,379.1518840407099,2.8256589903494342,SYN,82.83832777094185,93.44731622598682,336.1314297960207,9295.033051168679,12,498.7627071716754,29.160193317699235,1.6876411541313787,4.490370246248527,normal
1592,5558805,3174,TCP,5043,45,370.85105704596685,5.779206877389288,ACK,29.854170865963688,20.308908988571893,690.3361042703706,3434.607132820765,36,542.7094011574321,475.15665058439834,1.4473136952829055,1.03337028108486,normal
1241,4903444,4790,ICMP,13443,7453,284.05463214698227,7.585019557473759,ACK,17.312507389276707,84.53534310218357,851.6027895446747,2647.950425794511,37,1640.8403370930753,482.7882333829581,1.5776665341156837,0.5983427913838576,normal
3043,193512,4727,TCP,34721,194,589.3924016942847,5.644208261112648,SYN,70.92259258986172,82.00848924779946,328.95375028679945,7288.256385351619,9,1053.4582201345706,23.593691118592915,1.6873137037437171,3.5155750540530573,normal
2731,3715379,956,UDP,20420,5655,1278.167451314171,7.098910353321762,FIN,64.25661068990158,98.64663580058263,331.7636838022758,7097.328795584986,39,1427.2038784553054,360.8562851212505,1.1475535140136865,1.8633275710045527,normal
1267,5846447,2675,ICMP,55200,1354,1250.4724901161433,6.792366718299043,ACK,88.01594135694414,28.886501531168665,538.5125288994632,9377.52817274853,46,960.2353574223396,118.53247764113183,1.363657853981894,1.5952611377080372,normal
1590,1550420,516,UDP,40056,341,605.0951015470805,3.520824008423027,SYN,96.23055102378902,32.217210182634446,656.6517660596354,2132.654379909511,22,551.6642494395053,353.6824554801755,1.5148156805919804,3.3596900842083137,normal
3286,3346647,253,UDP,30916,5718,904.222167171343,5.200867579576475,SYN,85.86256113523085,90.38492210472086,210.87673759962607,7082.396964675899,17,1943.765321297523,435.679070362412,1.3399286688253387,1.6740853684297456,anomaly
2436,8313934,515,TCP,8997,5274,1095.1836588886276,2.093829378679489,SYN,6.942157961238805,24.173826861025677,913.5523613827539,761.998914174607,33,1174.730370413255,59.40742464251494,1.144074245856969,2.8670652795201215,anomaly
3769,3901379,4527,ICMP,43489,4170,399.74982321063334,4.748681178869196,ACK,66.78682986524456,55.24219474172379,657.872358613492,4855.644256896465,47,348.8656171590336,126.99554421340059,1.178008915907948,1.5042809802439088,anomaly
1438,3805409,3168,UDP,22137,4067,293.80457454738325,2.6129538027003605,SYN,78.68850887354053,71.02715095991456,628.9101932544172,1281.9686949305126,24,871.5710801494229,21.798057479982468,1.8215730818783602,3.9209503651741446,normal
1906,6723055,3600,TCP,58137,5682,1459.539190157851,6.2061577046671195,FIN,98.21094371066748,27.916540281025682,905.1536797070905,6566.145282135271,15,725.7410826991113,31.47662426777599,1.9202480832916335,1.5688178190716238,normal
1415,9036949,1882,TCP,12160,5725,945.4581041539468,4.696408953244872,SYN,38.09146865175074,93.90288159903112,908.1924297885323,6054.52094074769,29,506.7661903181906,24.51275052670935,1.237009972187404,2.6796207810361388,normal
549,1521982,3803,TCP,20227,7718,1473.0527966588127,3.8785915384216234,ACK,17.81827713984364,66.90405725931811,144.1946194202244,583.4460429343134,32,1873.535979556493,402.3343546489431,1.3243357615623372,0.12564865764808858,normal
1730,6282646,1202,UDP,63526,3247,539.7461813417322,2.881579673168843,FIN,85.44037311792489,5.666791518712679,153.62474894006857,3264.216443589086,33,1773.7479913735299,156.16341243108056,1.6870244642579628,3.96073660895838,normal
560,3999422,4435,TCP,32309,1892,1069.3959649624908,7.990889372889008,FIN,32.42920761962298,14.438015594830478,764.3292119507462,4010.832959539852,29,478.3795213882212,251.67360539027464,1.9588445984832026,3.1054854963616605,normal
4362,6427288,4755,ICMP,24063,6831,372.7752729847947,1.5019736461945288,SYN,60.221987683592026,19.887375439064797,957.3111460885308,2555.796668178348,15,769.0809892054818,396.043689162538,1.3696307382199442,0.9692629642945494,normal
1374,9591446,1474,ICMP,2208,6310,428.74024834717375,1.3049247640069401,SYN,39.599581657086986,25.25077903535152,669.8485417279769,482.8334357862203,27,1548.399244174561,252.52239472629185,1.869692263612401,1.0847131466942155,normal
1205,2165563,400,UDP,58656,5624,792.2580758409548,2.5208018034570516,FIN,40.830299419107455,73.3370596329142,417.20382862109835,3256.3367714499823,34,496.16149146640976,220.3060706860521,1.5554221800053387,1.319839663339062,normal
1877,5182377,4486,ICMP,23751,6762,513.4462819867033,7.797507210394738,SYN,73.5139834385677,9.804589230791342,686.6384083760081,7946.986524363202,4,1223.9732389480644,15.670871179834815,1.9609027751727024,2.8868852219318537,anomaly
3191,5282091,3387,TCP,60179,2087,293.0512675688475,7.854667178239891,ACK,36.786037408653925,35.708872555337315,236.52346059297344,3665.0799770572617,49,1429.6084900371516,288.3393562430105,1.2226327961853722,2.7460985021341844,normal
3536,4409285,4847,UDP,17935,7456,431.1770178845227,5.584494143404951,FIN,69.61443618407822,91.22694900947216,997.9866368097059,3301.360576820098,48,1342.547418850456,71.12410828717233,1.9763051583871878,1.376579961013028,normal
1860,8013369,4925,TCP,1940,352,101.83517197550373,7.1607466704448335,SYN,2.4185170897779082,56.1101009473634,436.77436568042793,9423.356065324688,18,1442.176416523451,384.67763798760285,1.4968807650465572,3.4733708369652483,normal
2973,4205955,682,UDP,60076,5694,1071.4142511423556,2.497732115885568,FIN,33.14009161038372,27.284159820015034,932.3691424836086,512.1441152735629,21,1442.7292191546496,136.2914846693596,1.9576445513836356,4.446315418009319,normal
2264,5060667,2570,UDP,4598,5022,763.5691527744993,7.804294659236365,SYN,32.5853591040126,95.74857335155068,436.4900723351372,7696.153136855632,48,1933.1312477129638,340.35183129624096,1.5128211953463673,0.22714223349115698,normal
4236,8091736,1221,TCP,37111,3011,186.65244628656214,1.9994939509769525,SYN,75.13469330377498,25.18727330489956,928.8583833107043,4882.626623312064,8,758.3478900886072,326.6495286340929,1.5770739207085205,2.0918112227351804,anomaly
763,2986696,939,ICMP,18814,930,298.9562900363122,1.7078763172716078,ACK,32.14115448653716,90.60486250549663,342.3285870651165,9450.178824354352,6,1769.321806314095,312.17104543570986,1.8242975087995887,2.9716653915386013,normal
3652,8144179,1549,ICMP,18649,4516,198.67508026333383,1.7854807747309103,SYN,63.699386104143215,72.85119768784101,762.9375548092487,3995.3603672175786,20,141.43341877870287,140.80648369322438,1.7503656506654546,2.936311665649627,normal
4184,8827233,922,UDP,6230,969,938.2595720000209,5.011895462907953,SYN,69.16391580867861,74.31158265891983,951.4919922849261,7109.619136354666,2,647.5856303142381,140.8739908160284,1.657642988375557,0.10748138147765869,normal
3572,3302106,653,TCP,57425,5445,186.605027238116,6.466820805026367,SYN,66.1841288755144,76.72899252175999,649.5208714138106,792.3601074660969,45,192.44598579834997,432.89354128625166,1.4752820212306004,1.0607246685845393,normal
4318,1373070,4532,TCP,20541,2095,1143.7093829010632,3.566670245122432,ACK,60.72607442381779,51.150361893663714,680.7895735171273,9294.847013280423,22,1337.2875239160965,16.275592988909224,1.8131945306596453,0.3185352993474864,normal
4798,2594726,511,UDP,50974,2534,79.7408330145672,7.845271914502885,SYN,41.94806808559007,81.64329387426422,111.85738286883064,3510.9724013060663,21,291.5017043900772,98.94609039243937,1.9534054999603883,2.849135712024171,normal
4899,6722308,739,ICMP,51699,3351,411.59489259404353,4.040940966828306,SYN,37.957192790697235,83.78311667749654,479.4777476922619,5287.645300264437,6,1706.843040938888,308.9837496445727,1.1088298072487242,3.230495539470641,normal
1293,8242353,1293,TCP,57385,7721,1341.4666800432653,2.053139855412514,SYN,56.89382177921308,36.68818544593559,887.8878520259196,1470.9679267533745,32,1328.5241992014935,410.3526646575532,1.629060586807395,0.8071133954831532,anomaly
3759,5671706,2128,ICMP,62475,3049,1091.8704112772568,4.261767237302957,FIN,7.306607145948305,40.63410730342115,248.50073786841097,9461.022925080384,6,154.7492620018508,185.58929924970073,1.8793828360805136,1.6717254855169423,normal
1131,4451252,4562,ICMP,38720,6026,155.8040827422472,5.7532601579570795,ACK,87.70616436310108,88.98691513536356,790.4793833633299,6762.406998905945,13,1458.0769943257837,330.187294719292,1.6878012836110017,1.655720679446345,normal
505,9959665,4396,UDP,17129,120,1240.6328515035107,6.825580463530651,FIN,82.70619916000398,52.948196782522906,678.9527869459017,634.080020677511,1,1737.866399788226,283.0066456139158,1.8207463320500032,4.1008136346330195,normal
4974,9250677,3846,UDP,36680,4666,764.9009262332969,4.21137802969615,ACK,35.292086986681774,86.82740609824504,230.75610509313208,1636.5471138749056,22,1356.129914558084,41.62465119619735,1.905554993464087,0.9813504286003754,normal
944,9246234,929,ICMP,3714,6965,1277.8353893948024,5.155247782344173,ACK,57.115093215177495,63.050176714022925,289.96329321528475,4058.3565766622323,24,157.99601027656115,314.6575964960323,1.7758559142677521,2.7460874654150356,normal
1434,8495630,4060,TCP,37883,2420,921.0726729530704,2.8714129851119736,FIN,93.29054212026186,59.763207918155196,433.2852911194902,2246.0330226042906,41,1730.0471420747724,408.81270141352184,1.7453156612282896,3.9168482073794126,normal
2008,5656635,2349,TCP,57458,3391,1038.6578964476453,5.521415684838598,ACK,27.89204294379757,4.067114374508326,133.87792336551837,3115.7931382116726,30,1491.6814345746666,496.2996769467106,1.9682713022275264,4.1495951825562685,normal
3122,4976045,765,UDP,59609,5821,1490.5772625737768,7.901803607652406,ACK,74.50307150179049,28.511545386234225,914.2375841866249,9975.162492674148,22,819.0574937195701,24.523635599344203,1.8773161921024153,3.3361648104808177,normal
2046,471529,1879,ICMP,47752,2363,386.8865415898263,1.343375008114557,FIN,9.19044892477951,50.703707043329494,741.9640290213349,6620.622101783046,44,724.397490799455,333.42850456609534,1.8338400826244965,1.5046434837867957,normal
4335,162445,4482,TCP,56425,372,954.7210834040131,7.205714694936175,SYN,52.813842599626135,59.14440004133539,371.3144590035439,9229.954262913074,12,1011.6583446741362,213.12928104250145,1.1777630244246886,4.117002408395993,normal
554,3835242,517,TCP,1714,2975,717.4660155832277,4.93597751937266,ACK,88.51294381528247,63.41301837107268,306.66884035191214,4414.403911057858,26,1747.4933267819547,14.796065466040588,1.3151268948254762,3.7134084752296315,anomaly
1264,6495503,1446,UDP,26127,7317,107.20533173790258,2.7646906169360994,FIN,55.619219130758275,71.9060596761501,692.6830816092537,7131.794616456622,4,578.9127685521594,311.03686241717054,1.6010804218925805,3.5253009778080533,normal
1581,685029,2585,ICMP,35287,1038,70.9824301791543,7.684227970064805,ACK,62.009029856873035,65.96710979706955,429.9787127332137,4650.933892396758,19,291.8312413582821,69.9893762922614,1.7386040944773322,0.3460036404361858,normal
3490,5338355,3436,TCP,62193,1199,222.88143783589507,4.383480121412292,FIN,90.85629003764487,85.00909403218424,237.043206186022,3349.4229742647385,16,1742.809108625995,195.49775659267695,1.3728934039704292,0.22589175445123225,normal
873,8899978,568,UDP,12109,5213,991.1830237808948,3.321831761713699,SYN,71.82070336493048,30.251563945863825,435.8492454440198,5239.8141503604575,12,149.9507128733736,138.06987531931713,1.183995301808741,3.4798728355308817,normal
978,6982440,3112,TCP,51068,7529,872.3864774744187,2.2704833978958883,ACK,69.89109834220228,64.51542858092336,872.5840133903465,4330.3793136961185,33,1830.8943422637226,186.97006711283868,1.379989268133723,4.724526058157314,normal
183,4000694,4526,TCP,58754,3556,852.4728636874048,2.7111654717966345,SYN,59.05201818719694,6.064791905430858,77.92057017456382,9807.352421938867,21,680.9158691726612,251.4208349354653,1.7939262625224672,3.8708824010344665,anomaly
2155,3309505,3632,TCP,26849,7277,96.19230566597713,6.829943291140098,SYN,63.66587280504942,48.53881765488076,374.6746648090929,5012.047411642368,36,1065.6231332077086,186.0126709198621,1.889660926407236,4.159063076803506,normal
3677,8202428,4409,UDP,11744,3670,730.4893447220102,5.300870065220161,FIN,80.56683697764511,27.53526362923736,962.7160287869937,8130.020015698075,9,351.3614970292333,280.83861658887423,1.9216132835099087,2.729461581440454,anomaly
4830,209944,4067,ICMP,39665,2522,1390.7030858716664,7.392719336418212,ACK,97.94407524642719,38.70782768117491,24.6835240300351,6701.5127361289,39,1814.284441815702,126.93834821409834,1.440980011229733,1.5298848589994891,normal
1902,5187686,3725,UDP,38295,3839,626.5082105004376,2.6237791651045006,ACK,79.7372100468106,36.11161242473095,891.7339143559064,4848.309648452483,42,1524.6888244303689,321.327266039907,1.435284717374177,3.391907114866752,normal
4960,7577472,1311,ICMP,12744,6875,956.1375811932617,1.8479700169423103,ACK,71.04614633107262,6.982637038111134,381.0853615913878,4794.085717416728,45,1855.895614555265,428.3438720211782,1.466036723874612,3.562734668708536,normal
4225,1362303,2165,TCP,47756,999,1180.737079653558,1.04261271682913,ACK,14.418943477539969,47.19793427438618,197.62302252970252,3484.7121589141725,8,1398.1351971245087,119.79285298845407,1.438228522479303,3.3800362787530944,normal
2983,4202765,702,ICMP,1921,5471,1186.691654755737,4.555034263311956,ACK,81.89095835672762,99.46829951116378,24.829949996984702,1159.1198955573554,20,450.91817581041965,258.859835769255,1.6995769467564887,4.73407819302941,normal
3334,7965443,4360,TCP,18118,4854,802.9561194731434,7.988148512673917,FIN,73.8634423724716,30.59466962681188,79.81757338480811,7638.546356479436,10,685.7073056738737,327.85799442944545,1.4224909359187934,1.842223375990137,normal
4348,2895100,1488,TCP,37487,996,1294.0303208333876,5.8647568817304725,ACK,77.27278734472215,73.87845119515681,180.1249305819503,9189.138452685336,32,1025.0122926965994,286.66680429457386,1.1183095429528214,0.2078911193893597,normal
2861,4667805,266,UDP,36478,1391,617.498235377433,3.1587621437560225,SYN,23.87855134608788,55.23104515712313,35.15514599578242,2257.753061135165,28,1253.790590184393,189.1682286341907,1.4951221406190847,4.543137320259473,anomaly
1300,1198162,2440,TCP,24596,2300,1338.6051614379576,7.138010081183202,SYN,90.44092595755184,33.19730475261589,342.49136940910455,9264.167589899054,10,1860.27293093892,324.67785692281666,1.301736859560729,0.8108906030818658,normal
3562,1047161,451,UDP,39570,5917,398.3293912735407,6.472055861915718,ACK,10.630855466339357,9.871098978849696,54.444183230676465,2399.811758776954,8,829.507784999364,23.840641042937353,1.125926424006158,3.489618513543288,anomaly
1306,6675851,1891,ICMP,57944,7785,456.313790136328,1.107906162535775,FIN,26.10759351350271,22.369932175756027,695.2939012260326,5347.783109639374,47,1435.8368416235771,191.25405367825218,1.5237586563806436,4.367290154465695,anomaly
3426,4689482,2656,ICMP,16174,7187,127.02490508855159,6.718023363787157,FIN,66.63932039411577,78.40350040953415,820.7180424020852,3501.8577616586645,33,1925.9168129305615,270.97998517409155,1.285359103278464,1.5576055760930294,normal
3536,8349022,3830,TCP,55189,6265,1203.5936629863102,3.103687300669472,ACK,67.69773191927051,28.622997564445892,888.5892843353807,1233.6369805313564,47,389.5107204893607,20.10044782957369,1.5074676333557608,4.153772051866083,normal
3634,6984604,4687,UDP,64714,5068,654.730092537423,2.047714252085208,SYN,32.019132063781655,15.285945758773464,553.6368991596419,623.0999120599186,49,1739.1482186811415,258.7479265453069,1.349974987949258,1.6669700500945064,normal
1446,1898501,1745,TCP,54688,4596,382.2190901715286,2.584315878159522,ACK,70.45045793406966,33.79853570560663,947.0444457680668,3716.930668227851,13,899.3415337470774,330.5846857751579,1.64333798325239,3.973347061898886,normal
3687,4755619,3745,UDP,17823,5353,386.09590254404054,4.280058630625973,ACK,39.405123227832334,58.82025227054133,15.588996054169172,568.7042590394556,44,1491.6013742657399,382.0117718793921,1.9917896481865633,0.3584510162388914,anomaly
3380,6466377,2655,UDP,10687,127,1357.029914782388,3.974075489476077,ACK,1.017376069934407,70.64285326470991,142.67813894248147,1131.643731624728,35,657.722843600459,65.55329989062089,1.5925087286404984,3.2796625633679293,normal
2753,6130439,28,UDP,63999,7352,1259.1790706685035,3.0222110956195873,FIN,17.098007096450967,39.34911885998842,300.234320923606,1508.7460301000438,29,734.570014705403,495.3767886969305,1.6822063252034931,3.3889190220881926,normal
520,9062826,1134,ICMP,37972,992,852.6197837679158,2.205528255449229,FIN,88.37920924659926,50.31656855075655,791.1341975346944,118.96549117209065,5,151.55312724932566,307.0221736541968,1.9273481819760812,2.4622148921039724,normal
1403,3886250,3995,UDP,38054,1646,943.3606606027955,6.335615527495185,SYN,23.046707161212463,46.03675251131269,886.5352487325185,1617.196936852169,3,1945.6678910172232,187.96495838004168,1.4366003759525825,3.438583410674927,anomaly
2833,8992899,2664,ICMP,28031,723,737.772077297922,7.930768486144419,SYN,12.178123547028715,1.8913316424192614,621.953106793017,5815.0589357459085,37,1645.5598929384903,132.05549868378978,1.2498936048070248,4.616686516063666,normal
2881,4903059,2090,UDP,36307,6498,617.9164871742729,6.444541062937833,ACK,68.53785998738626,40.16444701072898,389.4039809650472,8213.278908749771,41,278.44412005981894,290.71946222487315,1.3545175546374981,3.6719355765914576,anomaly
407,6608912,1557,ICMP,26695,6249,1377.4414777665806,3.0715587737007883,SYN,44.62993779856387,59.14466120703612,669.1871475502032,2014.9565981398914,6,1999.0667117611715,442.0387071116197,1.4625154466430943,4.806867184633452,normal
3069,5574694,871,ICMP,26409,6897,232.138420104438,2.7136627298849336,ACK,79.86250270336679,57.42452692516034,189.09037830412245,900.6387780902528,48,1249.5467346855887,265.07704410926874,1.6805159131302545,2.248575446121838,normal
717,5229566,164,ICMP,12260,894,656.7478450885305,2.5236611324615676,SYN,86.28304852201303,75.22698827509043,463.29531165070773,7322.190564515135,42,1722.0844121323278,334.12130724643055,1.104129226486749,2.646170751202746,anomaly
4518,720407,3504,TCP,23048,5563,549.6147665824192,1.956865521423254,ACK,84.75289886133592,67.36721513309854,512.468657340057,180.81084342643874,16,226.655450227951,185.2712553748745,1.868044893290286,1.3260560992161572,anomaly
1195,2539143,914,UDP,47896,7800,772.3185443641652,4.859313847846108,FIN,31.987912700492434,28.40387291449922,113.82250880110246,7368.204810160174,35,839.957239134655,200.1946211635966,1.1684845757448474,4.9281523223263335,normal
4235,338913,1279,TCP,40408,3829,713.5662180905039,5.237802603673409,ACK,51.049047858848255,26.3087234843373,43.533933619390226,1398.0606350821247,18,1372.3371323768588,150.22580182822708,1.9105896340266955,0.2851323084547492,normal
3769,329821,414,UDP,18400,2431,802.3898208940681,5.938518624641961,FIN,65.36403173004945,46.95003800827998,752.6044423766447,2360.0221149820945,11,302.2240655294329,355.7622742404375,1.9544910690844088,1.7995158839078835,normal
2795,3888008,853,UDP,59649,2127,252.88251697914143,5.761493596535676,FIN,32.876325641128275,73.56399710444383,539.3592956869114,1288.6921177914924,23,1028.9153934426013,186.00190117411688,1.9910925147009206,1.4955088521953783,normal
589,6726275,1792,TCP,38162,3573,794.0551771942518,3.0463331789836774,SYN,5.068832219948796,10.288903351020474,338.9163148591561,2548.6477548088055,47,941.0879616338689,103.45103798020723,1.82855916596619,1.9386934485089966,normal
2829,3616652,1574,ICMP,19181,1293,401.5072801364558,3.312177037777926,SYN,50.07077384739499,94.88433172058008,442.8563453445386,8001.94179077177,11,510.4764264998015,191.00627987145657,1.2276699733461374,4.589412123994129,normal
4186,5194734,1194,UDP,20969,579,317.28045603287734,5.770601748096365,FIN,2.2690150130937754,54.77215924693673,958.1263791108632,1412.18664073825,29,670.5126881184242,428.37533183805056,1.7355503389026676,1.846508991601889,normal
4885,8458411,756,ICMP,37608,136,144.00961723997727,3.446133485485398,ACK,95.11391684786877,31.33443109841657,391.0646341948111,9942.239759705986,42,1937.5248735404666,371.7435013526925,1.282989161547359,4.5857134969730025,normal
3825,7773580,1735,TCP,24041,7926,1155.8462101964044,2.4883623273351914,ACK,79.87168096122961,69.64573185726117,112.44443438723535,3338.2679833681395,27,648.4321234188784,173.9740137871463,1.9074150520223636,2.1224609196993813,normal
2558,808744,3198,ICMP,2780,4989,669.7907852420119,3.620353075877177,SYN,20.008967875835857,5.427855808067077,468.9661577677103,9227.484442532455,9,505.50965453998094,454.3363927699842,1.3849453330898103,4.275296158408839,normal
2829,9138344,280,UDP,36165,7078,958.6333408020496,2.9045891030458435,ACK,29.469603140300908,48.95529466252322,651.567889743288,1981.3274903719116,35,1118.7974250298334,46.66799120755881,1.394116379367537,2.613532991518337,anomaly
974,5721622,4875,UDP,3600,5083,1105.0103477918778,1.6181890485300445,ACK,98.30101625392439,49.110995098917094,21.991984938892603,1960.1854474495772,9,1374.8202647335659,34.379357792685184,1.9258879663233799,1.5636506887072916,normal
3006,9089147,3966,UDP,26491,3066,1035.0091647046524,6.810972315936575,ACK,37.98130685998913,17.035553206025682,339.0171544150287,5696.823262126431,18,1477.6769110321732,72.46047384476822,1.1119079637053342,2.2522554968497577,normal
1631,8635012,181,TCP,37976,5684,732.2260426800393,6.971779724099254,FIN,78.58851338595534,83.90139377824643,399.5792759291453,600.9408405563115,44,1533.0696505441408,67.06283037071552,1.2745695363352127,2.127661584101235,normal
3374,6934705,283,UDP,32229,63,612.4528669800083,2.5382521011681565,FIN,45.23473137350618,79.88439974934516,469.0776973063063,8029.92868659237,21,169.98173387803087,53.03881435604685,1.4797390399071095,1.306971169806899,normal
4535,5546403,2316,TCP,59075,528,595.1418689789624,1.4534053966764122,ACK,86.54549648596041,16.12050705091719,308.66735173771076,4452.190981613733,48,848.1447607211702,334.05787987901624,1.7306494105791737,1.4552972626596148,normal
305,18297,1168,ICMP,36189,6127,978.0707555485817,6.171792061458256,SYN,70.67159730798939,37.01890206277437,670.2530358812145,7022.0450861932595,36,1570.5203515878713,304.4127660311577,1.682809549440262,0.9404050673421617,normal
4854,789443,1716,UDP,13698,5304,767.4518146657165,2.4807003810438957,ACK,3.268095929224776,10.942526106457905,945.2621314885541,1828.858814610592,1,1819.2189934202459,327.3267001850402,1.7024706876504343,1.6866427804659658,normal
1888,3266962,1781,UDP,44118,3459,1281.2417595833404,3.754048426058022,SYN,30.144598707984482,85.01226692708047,914.8581942793182,6459.337772783285,27,1244.1802343322881,347.2993665393947,1.8920198255695977,3.1257849582133637,anomaly
1994,6011334,431,UDP,44338,3948,1318.3178772737326,1.4489467656616828,FIN,56.24123917445179,33.00869027111544,667.7494806609266,5981.299478081766,45,199.38302166840276,380.87107871553314,1.208927371063931,1.93892526186106,normal
59,9616754,1219,ICMP,23377,5431,297.31254810945177,2.583887093309046,ACK,92.69123036290563,44.49231447790762,511.8152254828076,7581.046393987644,40,853.6270311247492,111.51669446834109,1.5699455265968933,3.5644928225221983,normal
2921,5753613,4685,UDP,30873,4964,247.53879474130218,6.550315948307451,ACK,11.100959569507546,33.06332305203608,827.5569751772427,3044.2727972446087,38,241.03152015006384,314.92872148505194,1.7529299201922397,4.935021066742887,anomaly
847,1334572,900,TCP,5559,5995,964.0813427521992,6.6307751284064125,SYN,60.51509123339563,31.69257563003015,837.5778159799779,9338.339192217942,29,1522.2219391007106,294.2238430748229,1.672506598631748,1.8917343866275802,anomaly
1065,5638025,4827,ICMP,57059,936,486.77733469030517,2.449593774213973,SYN,30.915496409853098,74.98292312111032,831.277322291498,9616.880587017746,40,220.66039163516393,472.39341264370216,1.5034827079453408,2.3185696783071883,anomaly
1874,8073879,3277,ICMP,58303,2965,76.92754220939335,3.3513969157468266,ACK,89.04345041992458,75.0090571838025,166.2674784907057,8694.423751091412,19,452.8890267968368,123.8601848774278,1.1154031272849476,0.8289096831710071,normal
4519,9005471,4986,ICMP,48391,818,1338.531870576285,1.939668933656205,ACK,76.75179135619281,52.26102887757638,35.17801794832077,5763.134284989364,24,892.221005533071,38.774237843422384,1.1544070390830963,1.9671542760387872,normal
3186,4702669,1483,ICMP,42960,4991,379.006112503522,1.5192084119944567,SYN,37.60056947891925,66.10407798330512,983.361475650629,4260.8538795473705,44,979.0318975182568,330.21258416012614,1.207047194168453,3.63689392944549,normal
2243,3766056,3253,ICMP,18142,1780,1397.4569449444232,7.945202001138866,FIN,17.543213226952755,51.654656538437706,960.0576537637644,674.1249438425531,1,872.3152305985234,372.6846917159888,1.4089049775518272,1.0948499507148897,normal
273,3326315,4488,TCP,60836,2353,1090.2799537734677,5.589157658713875,SYN,2.1382992673324797,3.830331784031788,568.7346762798754,9477.555234463796,36,980.4536285514,148.76604284569981,1.2058881074004322,0.9184497027895939,normal
4998,5218092,2191,ICMP,60908,3295,1155.8475603716522,4.794675564388231,ACK,62.49231061652292,7.534636879863316,993.1330795501871,9522.635302613831,23,1455.1543888383796,289.71573116043777,1.4834740817563477,1.888110619509467,normal
4208,8265605,1459,UDP,1656,6847,342.1191689000826,6.358489502837097,FIN,41.20625695549313,38.9903163817703,772.841574320182,285.01570429887016,13,801.6107636155289,39.17267211173379,1.2607777915270215,4.09506093373148,normal
3975,829791,3106,ICMP,14304,7711,389.58191714437874,6.880540117814069,FIN,32.16089279321614,75.22488950421103,522.206381618916,3633.186711743129,30,1140.7258723861764,480.4219721724616,1.8012495777735855,3.122049376660302,normal
4834,3821887,3266,ICMP,15770,838,805.8382430448953,6.6470033763130925,FIN,98.56472687204672,91.40939658530014,395.4377564717902,8812.360045756792,49,676.4015893045912,63.86323691659262,1.884338855040994,4.7883210941571654,normal
4050,6653346,3166,ICMP,38060,2188,299.54478634230014,1.1157761450291361,FIN,47.1480714204712,3.941122229328509,596.934577398583,900.4351270922211,37,771.892240671917,43.109562714477896,1.4506827571713583,4.523656770288851,normal
1683,2847274,1600,ICMP,54275,5060,492.87595439039677,2.3076552873334895,ACK,75.234089080897,37.434975215993894,520.6440806488245,2046.007129431053,11,1266.2180221799536,31.613978152363334,1.560198588784075,0.7641746121479793,normal
2202,5989099,4249,ICMP,20309,7943,516.1205930243165,5.584337114824818,FIN,18.56382930787239,23.15446117552468,993.8645014341841,9788.90543651395,7,1031.9398381103379,219.3632341866428,1.9581466174048474,0.22233834529000102,normal
560,7070337,3991,TCP,19071,3755,281.4634032165079,3.6303154346277404,SYN,2.332070516439564,81.70532283538073,495.55571284914464,8488.159239991452,35,1473.768960232634,57.60827429402311,1.5819569798137585,2.001482723631823,normal
434,7872917,1445,TCP,49113,7851,347.5151084229831,7.877378557427749,SYN,42.33869932535358,84.75084632080947,837.5618753252857,9129.42859142926,11,1165.0233172983244,374.8776380682319,1.9955658942590824,2.6151765993050113,normal
454,5447079,233,ICMP,11231,3085,1193.400170911972,5.657833548467778,SYN,66.9008186593235,21.43447790149763,815.487584906859,1507.3287446876402,49,1626.7907622293585,450.4483387069388,1.2279178943228493,2.582697369941385,normal
4663,377794,229,TCP,6615,3279,292.43398909353914,7.695842361104446,ACK,51.153270922162484,71.37189809005234,80.6922107707322,2192.027993771765,43,942.4756046899614,137.50727683917995,1.8760037785370285,0.679195266177566,anomaly
4621,3879450,4284,UDP,28781,926,91.2632181736876,2.410125371520557,FIN,89.15615950481471,73.44384769284143,96.13669963752486,6093.624185082315,47,1032.963877746923,318.0988284331855,1.5474827024056688,0.6328389864515058,normal
2050,3034349,1664,ICMP,17250,4128,962.5646668119607,7.047699196805161,SYN,43.96395576752931,18.528711981474462,663.2120136533822,5067.208387926722,40,1372.9455629117851,30.74583903579071,1.1204427001247015,0.24383517133822638,normal
2806,9911074,4538,UDP,30756,622,1465.1755231190525,3.2494661407065775,SYN,31.78927850215603,43.93589578381534,266.5169266679483,3055.183566415784,48,520.3634943828929,199.41659112946974,1.9750006472954138,4.2557910310164475,normal
1718,6408054,274,UDP,62431,4315,530.2600312035261,7.926953657664647,SYN,91.68881894455671,62.413442738936155,660.9517643501355,8850.078367398739,21,833.2661201693957,153.54163557958688,1.9685431097690222,4.7392432489602125,anomaly
1510,783877,963,ICMP,28230,2653,222.05076963456582,2.103820704512031,FIN,41.27342558480371,3.580594086327289,153.17963537039472,9023.747293802173,47,1287.1983636222449,122.02335725577582,1.4449437561645984,0.5872682508876786,normal
3686,4903825,4534,UDP,21280,1811,877.0616217829196,4.614378731868286,SYN,27.695138302321553,41.054591471542395,403.0975449337459,2987.6717004514503,3,154.86491160489913,325.91450991806255,1.9587278639773142,1.073480619060067,normal
2774,7069132,3743,UDP,34846,3547,1364.213606088687,6.549911736859854,FIN,10.66844660419796,16.340865061814448,111.44556366232814,1641.956091860204,30,930.2457239044891,73.8116937156828,1.2269086780146912,0.45841579482720257,normal
4859,6300492,2784,UDP,42364,4563,1186.8895807512943,4.028497364228251,FIN,79.53766754836626,54.64775361096784,289.2721460474829,1576.0149656261035,24,1237.8148789816219,431.7481564155243,1.712099127008614,4.388735833992766,anomaly
4228,5799946,3134,ICMP,47371,1831,952.6480091984382,4.276588421313527,FIN,82.68405461898647,84.44884076263452,97.41560420659455,4895.809434380197,38,1938.0135107585759,335.76959412068,1.2727360881990513,4.793956580345842,normal
2098,7237694,489,ICMP,53258,3931,506.8319200810191,7.904490568540187,ACK,4.296480572952027,52.95063992397769,970.8728686457022,1415.8931044733938,3,1766.3314670735751,358.26023755714846,1.321982512701345,1.3163649178372416,normal
4196,5929643,3524,UDP,44375,860,835.7262512505189,3.9771570521080735,ACK,36.50591424175095,4.562376024659713,401.1078501671523,4786.068198742731,37,633.4097105910505,468.3187112422574,1.801403693482345,1.5248833113775209,normal
4830,9725700,1363,ICMP,41799,3162,182.30501989117028,5.228504704193445,FIN,75.237769005198,3.936067314082326,902.1768802192041,4673.147321312588,33,1063.699197654957,471.7627070362322,1.4396222761087656,1.8197217252205684,normal
766,6050850,3332,ICMP,49695,4705,1034.4708652069714,1.381777624726055,FIN,94.69180290131733,60.94481144451078,971.4600513385598,8852.691110736005,22,207.18730805417349,280.30963867142555,1.106414752545759,2.517294159309849,normal
4594,851350,3888,UDP,10808,7983,1101.3892274015936,6.89547056147182,ACK,38.40401010064559,33.47017429403564,910.4670335262962,3032.4833540203667,31,557.4333881538336,252.73611047013043,1.4728145817760352,3.415480283438185,normal
4633,8557255,899,ICMP,38053,5269,1449.2958532193823,5.537176342856805,ACK,87.33328970656986,57.69398384371737,460.4100677225467,5650.459340545677,46,1572.2261493293713,174.33698803118594,1.3052623885696635,2.5269090104405745,normal
1873,2334679,3864,TCP,61115,7052,427.57617018035387,3.828140720039695,FIN,39.97832024668731,17.20007378268277,781.1083246062367,7460.648656412554,12,334.2966233231547,360.6300889992095,1.7149969222024621,4.755497892564444,normal
2131,436477,934,ICMP,36181,2110,76.76180761238282,1.1131867796816381,ACK,18.76996809702216,77.90937293077508,162.16248891747568,5999.556470994074,45,589.6119971845176,273.7223546201083,1.2750038270511503,0.5084683580222784,normal
3469,7737484,2180,TCP,20961,4635,841.1322734193684,5.1416817441545275,SYN,1.3411682339100994,86.21125086762322,103.88428768101673,9545.271665303357,14,1893.6807532980351,467.10878907266107,1.8580281755928283,3.9950415062525644,normal
1624,5652944,1912,UDP,55314,1056,1074.846231375381,1.0886047993891355,FIN,33.6879212921351,89.03333460640447,878.1324531524207,6062.547056947723,12,1665.3260209356702,126.92671486917662,1.340383710897348,1.6790706231592207,normal
299,4328308,4883,ICMP,47731,744,1196.0908400303326,1.0084252973631254,FIN,38.46903002200978,31.10338429430378,40.80894424621591,9028.435566854107,27,1585.472654032933,162.02381626274047,1.4537254324547124,1.8939629635518727,anomaly
723,1582420,2405,UDP,12243,6786,330.9214528859754,5.312689935045483,ACK,94.56663535984627,66.41280139484844,972.6040773881982,2526.058253612055,13,1742.659231574098,164.8843192357847,1.3682331747173881,3.5470589241140247,normal
4583,787261,38,UDP,10423,1007,429.5416601036843,2.32311947134188,SYN,21.400954989641658,28.62519632589576,675.4125412634718,5651.45245051642,24,1524.2508045064724,404.93924273278645,1.6795310130284293,4.647591778273151,normal
2215,3495708,44,UDP,62221,822,793.2568416375797,2.343212848026667,ACK,38.840840093732965,76.51292526034626,425.41689118660275,5478.728673009879,38,329.11381062464636,58.52976260265464,1.1910471871037571,3.583841884982348,normal
820,6953314,3599,UDP,34336,2602,529.3711744565027,5.572900960829206,SYN,3.4902588524882026,12.931975220406033,149.96157311724465,9895.575890386826,47,1081.4665203219397,233.26806928460005,1.5302894354284198,3.8815442711431896,anomaly
4012,3080042,2680,UDP,28681,6465,1297.7416555517952,1.3758803155756198,SYN,76.59043377404726,76.51371630099496,725.9988394451651,2124.6125026513228,48,944.0634495244118,219.5145611167932,1.4010093336935525,3.7563884183724063,normal
4413,6666769,3375,ICMP,21071,3857,736.9522229211444,3.1938389303218946,FIN,91.59898238924367,44.53313512868994,567.4806368593192,1495.834643823177,9,691.1879987137222,45.83841429674171,1.8957241669594833,1.6116832438587871,normal
2034,6539655,598,TCP,36031,546,1209.3890339479044,2.0460233149941334,SYN,24.544244080372696,85.69939955311727,714.0157373721037,6155.553568541162,8,1684.6767784672504,211.2905292867301,1.1660708842169532,3.7870828615794165,normal
1127,8515668,3228,ICMP,11583,1685,891.898652699413,5.061234588575737,FIN,43.470515953376285,74.1541551386285,423.74298357263183,2314.552218987427,37,981.864484511044,261.5552118091508,1.8467255584395694,3.92475859349681,normal
285,5969633,3148,ICMP,21181,7760,1170.9807053448123,5.6323560830917705,SYN,13.089149515233405,38.27544442895201,75.59748223030257,6427.63792193787,15,214.5654425793444,41.901299327407486,1.2509124288769182,2.671667600046059,normal
438,6899046,913,ICMP,36419,1158,532.3758304689695,6.047950975193305,FIN,46.226707600976184,90.4503793506848,321.82247854521967,9727.641976343553,7,622.4346090685096,259.832442937887,1.1797198939369598,2.688413630947413,anomaly
3087,3078099,4096,ICMP,7642,479,1255.5541017989513,2.786618518429958,SYN,14.200903900765447,29.050376788255726,321.8705456825439,9470.40935443483,24,534.3800102559458,480.0265732948665,1.2820905723107072,3.801006807281794,normal
4908,2845180,2179,TCP,45915,6995,448.1298575489813,1.624748261456088,ACK,52.81150094749606,96.73187451215641,18.592366754284257,2387.9199439755803,49,1786.2098811414387,489.6680183491508,1.1923876838106295,4.086984002499793,normal
1898,6759699,349,ICMP,7804,2572,841.8432716047716,1.5507855985932848,SYN,73.72758200279108,76.95313501161274,19.48520494793427,1791.8738473002745,16,1330.1323912140997,270.5230915090075,1.568885553381913,1.6926052557330455,anomaly
4769,7984939,4280,UDP,28074,7495,360.3103141021176,3.9830608391550664,ACK,55.78093470660265,99.07681027584773,337.45070432843886,5651.318942909203,24,1164.7149051759427,262.3974969754499,1.9893934576242032,4.009795465700701,normal
2864,5067112,1724,ICMP,9039,5047,739.5134563579803,7.620910863439005,SYN,25.27673826035022,6.336557023449277,730.3471509512204,5909.095153409186,43,1062.6335591895395,149.8990015440318,1.130894616731833,4.072902943310302,normal
3424,4094886,4702,ICMP,4154,6102,511.3540537876196,2.5241032397291723,SYN,36.02580256142161,28.12956854183595,627.8032931127061,6656.275706668438,7,1335.2147523287845,498.5865811389298,1.5150155143875152,1.178286948183711,normal
3328,8951668,4556,TCP,29107,4440,436.71997442396065,2.7971912093908453,FIN,64.21870103285761,74.38516139493285,246.62747023944397,7440.760167269404,43,1534.263538876537,144.37229380236076,1.4474632961970757,3.5875842191304126,normal
1302,5302358,566,TCP,17504,4694,1452.1282761406544,1.7062216147410125,SYN,59.38578636114319,92.30272042378715,606.7350256504494,6049.477375652841,28,1153.3309410798688,231.9216372155786,1.4056457728217604,0.9408042699624303,normal
4031,1507145,3097,UDP,48623,2828,282.1074529557594,5.238991917257512,SYN,14.540704024012015,3.8483108948258424,650.9038196038966,1206.3547368246616,2,1882.74228878996,11.437688323311498,1.3986772493900248,0.47431507381076493,normal
4723,2649202,3276,ICMP,54034,7362,1191.6224643132232,5.759110117630224,SYN,84.64999788304416,1.0009203015828896,527.3442235967491,7922.563908637533,34,1955.9849242357307,181.12382254547708,1.905511480963816,2.8769696301306356,normal
2172,1193931,3577,ICMP,36500,2918,1477.0391912506616,5.50051845712532,ACK,48.04370231245453,26.368020296368528,526.1404354349543,887.2201267937971,38,1991.1504015567637,45.005747298323705,1.1170785351875638,4.544174471929161,normal
4580,4890084,2066,ICMP,39189,5653,78.85715142311285,7.027911701313469,FIN,17.074553228112908,85.42508898652457,376.05039433201284,297.92759355020155,3,1371.843109168425,374.4741374887148,1.7974247486421246,0.1869405273935586,anomaly
2200,7134456,3909,UDP,12552,3263,1063.5897503610377,4.404980845182502,FIN,13.159827714898196,76.94815711217927,132.16042011570437,7719.616146457577,1,1871.9788868361688,284.8970819846668,1.3276398609253475,4.134243171598659,normal
4909,872522,1026,TCP,56328,4088,416.7221180566163,1.941199285369451,SYN,96.58962568986789,34.687468754716846,391.62896204992035,5528.738501913191,31,868.511421085114,290.3642198709517,1.4449659597358173,2.5372913414104983,normal
1379,6050531,2072,UDP,50632,7123,108.70734527604145,3.0258359149308887,SYN,28.871976006181054,1.199115170198139,351.8809729853592,7016.055044006581,23,1733.225543370032,150.39053009085447,1.47813492156372,4.305868289118937,normal
1408,9931855,848,ICMP,6938,6665,634.1898894871147,5.637009813949462,ACK,90.95076520372122,55.91586835441899,596.0528669472977,3889.198509655227,20,1827.4311676053937,409.2991822239571,1.3742585786663692,4.218949906503523,normal
2532,6891709,1647,TCP,38160,6116,1406.0658247477688,5.291853816190919,SYN,41.64794457812495,24.557591673644136,857.6975670789423,209.8156858924756,16,1817.8668974313237,11.602753412312586,1.1842029756518582,4.3776811560332805,normal
4592,2182906,4331,TCP,12203,6497,67.05938683214664,4.717021908200738,FIN,39.20622161486584,74.81528392148452,381.62141319198116,3377.051956397151,46,1678.607937525925,173.46457779045411,1.2028977639464913,3.8466810344852997,normal
2067,8991884,3506,UDP,21496,2351,902.4342532981834,5.78075093082081,FIN,70.39196799529377,45.18861677387998,712.6379251206884,6120.5388059391125,32,872.5384071183759,333.1537703248452,1.36831801167438,4.216531849189505,normal
1381,1501134,1823,TCP,13100,4590,777.0248939632203,5.461735952613095,ACK,1.978445489770682,68.18159038171905,813.7120737215038,2334.4603976540866,17,401.92421576339524,454.88204333429127,1.8396281475985257,0.8883657839340061,anomaly
4394,2605884,3489,TCP,59399,5193,1316.4070383380188,7.169274226254662,ACK,34.47086264140866,85.37857415894074,219.63399859348817,6909.26290296602,18,734.5170770544471,124.96181889336421,1.2211648875086707,1.5262272128859589,normal
4311,1706243,1461,ICMP,25807,5597,171.8024860549072,5.102114642348076,FIN,30.961925506989083,54.04022015233183,902.6336751109214,7964.569997930255,4,1557.8482816663766,275.13902534643483,1.7683758498313376,1.220005992328409,normal
1408,4275692,2323,ICMP,52113,5718,1038.2127433356432,6.450209510903895,ACK,86.9417113341206,34.259598532100945,79.74048879756698,4597.243283819036,35,542.482471526953,273.61579606132733,1.359982756486359,3.714717235603022,normal
4687,240779,1524,TCP,47740,5559,1036.1590627282521,2.740950091765275,SYN,53.38323036305754,77.18481105550966,902.7021454097139,8769.640850884758,40,1008.7169231693475,438.34544083141293,1.8951184416008835,0.7766791656420083,normal
4904,2976605,1241,TCP,51322,3705,1020.1660244503107,5.747278092123476,SYN,37.09244556520094,27.253536737346607,171.99656370289821,8562.683989234267,36,1174.2590841708768,34.75327588432275,1.4854956278605769,0.919316673985165,normal
3227,5100154,1655,UDP,55328,651,1416.3850176558035,7.31535882867873,ACK,27.341851719672093,89.26036279453697,343.79790680597245,8792.773732639154,23,1247.331268631963,217.99302492464656,1.2545509819676381,4.396033956402493,anomaly
2178,6290249,3009,UDP,14848,4818,1243.4769170599766,3.7001262952988325,FIN,59.46047107225228,8.071337026560641,609.1828679664817,6644.266623302667,15,1877.8785419197175,99.40818064804645,1.987260005099459,3.5323521426350624,normal
2230,8153885,3450,TCP,5323,2476,110.86045305308372,6.453729311370527,ACK,16.015640913793103,83.71139546974592,906.6265321131169,3117.4110967684405,13,1356.8367387872033,20.550974146313045,1.2589710673069205,4.3781460898162425,anomaly
4942,9177748,4066,ICMP,65029,1001,733.0701335215441,6.073525108368048,FIN,25.374272082369377,10.064016999824156,263.1444261595829,4864.387695478563,14,1593.9677505468742,82.04516085503658,1.6108578391090425,0.7053827387208457,normal
187,6165014,315,TCP,47912,5443,627.0319314919335,1.4166833781027575,ACK,30.067604341410224,6.557561060571758,765.9381743319097,7134.055430357804,14,1205.5688609941035,488.47062969561756,1.6123578302865207,2.0009122187608988,normal
3522,7500412,3546,TCP,9142,6074,499.713470581663,5.070558167368506,ACK,61.182985813087164,36.96243679746793,713.3314501584606,2184.5801672994703,37,1683.8026058377302,115.27576966493127,1.435532106060002,1.422924338680825,normal
2882,6217074,1733,ICMP,11780,4674,704.438251473441,1.9113254444056167,ACK,37.952240942631065,95.69838609300797,168.11167452074545,7414.550741619811,5,600.9608648325493,468.165078934542,1.9563397332942178,0.058308615545451026,anomaly
3629,5334968,1699,ICMP,58810,4337,607.0815681426673,7.771234205614138,SYN,51.0725467118849,98.36511936496862,484.6693051384847,5526.077309221098,22,498.76757617069956,110.57462788916142,1.8594871061705585,1.4297695725891473,normal
3081,4589727,1527,UDP,57935,1576,676.8841548240647,6.679852518904593,SYN,65.39338811289208,21.004979595649772,486.6900422458558,1050.5726588072766,28,1860.0080926401424,466.3346614183974,1.846837604754418,1.9041204273696186,normal
4214,8326032,3927,UDP,8977,2225,1469.9297051325316,1.768066608729841,FIN,95.67088847996104,15.715118010544549,311.5656965100836,5617.134637301656,45,1417.613665079019,330.7642582481541,1.97673674188653,0.4701759898411323,normal
2643,8979989,429,UDP,38576,4463,178.5178133868921,1.8522639835337489,ACK,76.71890231317248,35.942379823922984,782.1221033704373,761.0837683035846,4,1375.8985964106203,65.47710297594412,1.5113984043766853,2.836772913555831,normal
4350,3684909,2946,UDP,16209,5298,1387.2347612661583,5.161316984388333,SYN,41.12042127663866,34.371597247226305,926.6745138493676,241.64212196155822,38,987.8609533940548,295.1384260120231,1.1874671980580265,1.9220315857384396,normal
3868,1540600,3872,ICMP,42816,5004,746.3432345329887,3.4142242192122834,ACK,75.07926206532842,76.19969539105948,719.4067340167886,8907.313932082116,29,815.7247926576699,166.07187839473653,1.7889103329048144,0.2418436947649518,normal
4188,7466106,4239,TCP,15698,3975,954.4262559743347,1.244341013511765,FIN,95.01972391100205,44.95590305392589,973.2251856925865,4950.169504884497,37,1155.8132695094137,197.7450464292544,1.4427313215067405,3.522854535691204,normal
3873,5084801,1460,UDP,51637,941,1253.7653015956562,4.7914905548313715,SYN,50.43867401975836,78.20847498771683,59.96378637079622,5478.567584899215,35,329.0760639011675,225.6837693391368,1.2713106366231666,3.6491063708671065,normal
4092,2228503,3106,UDP,45500,5374,572.6713922664205,3.7149156978009286,FIN,41.63919637916608,75.12259660547954,46.85045823850124,2871.3839391396423,20,963.9538660579047,217.12644103986392,1.5349226088982282,4.17401250041748,normal
1956,3071771,3271,ICMP,34951,6825,674.111766727552,1.7075354466021986,SYN,8.723851201072918,58.25273258246641,894.9200907183143,5473.172722629185,35,965.1986384844138,335.41335633668416,1.933147046150447,2.432847593336243,normal
810,1144647,1174,ICMP,1410,424,643.8017964041352,6.613442745791879,ACK,89.34466669443536,83.51769787442386,898.8223659996363,1771.8000522823545,35,1122.839374594104,386.5003536094739,1.2542213171131658,4.843607398699204,normal
3495,7157406,1879,TCP,27641,5396,593.3599826768518,7.405537356951642,FIN,25.396993798571902,20.369126908718005,116.04957723700355,7481.893394106798,20,1305.9026672976843,171.29706770854946,1.8638289337067677,4.571180081216958,normal
949,1417953,1829,TCP,8216,4792,1392.0175163879976,6.29615753809891,SYN,7.331831785094815,17.019239070390817,363.8715885782354,8251.156687998468,2,1918.904895372188,462.938341225988,1.4763844474536056,2.7612446092496565,normal
4505,2695245,2715,ICMP,11769,4704,1251.9483422298674,6.756956170113941,SYN,54.18314517251722,75.31437559176415,837.0406323317247,8573.170221200677,18,1339.1213414743381,469.84849386924947,1.2231217826328278,2.2303101360363917,normal
2997,422280,3525,UDP,31044,1640,208.04998530131533,2.5154339708628215,ACK,84.74406495019099,25.234909153374254,137.25527072662942,1155.8619025365074,30,1779.0777887114818,29.938314204060266,1.8635440735897908,0.02514179523558504,normal
1769,910245,1352,UDP,43702,6721,206.77886109178925,2.845010656430207,FIN,41.25687050668219,1.2766439982180815,274.753791883115,5621.76856341345,42,1156.977336791411,17.305306552679063,1.9726583070722858,3.5578627133787766,normal
330,342207,2236,UDP,22183,2972,670.4107965368372,2.459692782094314,FIN,78.52367954574261,91.28405669580927,684.1860764893736,8106.634601455925,29,1291.1629769922306,218.2825017740199,1.3621436442515105,2.8291229752079583,normal
3316,1231746,1089,TCP,62418,3138,193.05319626257312,6.355444019558948,FIN,83.80320472111558,62.67076874527322,982.0800639332178,1369.3432333026442,39,232.69021090818225,299.41617298395266,1.373182588857862,4.688345285975543,normal
1937,3290791,4216,UDP,4433,7400,947.6849881431235,7.63541955254148,ACK,45.98595232316651,45.04883210278613,799.1674516696884,1085.271840923359,22,353.2010734803896,146.1733262515102,1.4514913847359399,2.9752183049538083,normal
3316,593632,4573,UDP,50865,6642,258.35283052951416,6.017860447137318,SYN,59.50455152810689,72.84791449089475,779.5444465862435,8187.725786833207,29,1201.3738268753252,137.11273803202943,1.8327173280147264,4.964351908524722,normal
716,9861786,2789,ICMP,57204,6650,807.4412327518615,7.170267354156892,SYN,53.85731755535507,33.9998415784133,349.2360370542255,7987.686785023105,46,851.8544529202555,342.38357655750343,1.10937547706555,4.270558166597819,normal
4238,1163189,2538,UDP,57438,1614,60.46892315539074,5.470893664182208,FIN,93.98039030181565,95.41293965244635,664.7296409547595,4542.062055938332,10,1617.7399877444534,304.8350994812292,1.301560896563781,4.768453699716616,normal
721,5731385,823,ICMP,55840,585,509.0647051983377,3.7136193039115932,SYN,72.82506282408437,7.7934086057936796,121.95740604151973,1186.1405717146417,20,1132.0379622609344,91.90196874662372,1.7353098299956935,1.6450372287123445,normal
2019,8803907,2041,UDP,56942,7529,1031.9265493253504,3.980331304512136,FIN,92.6089382662412,64.45387087557373,992.3443628516642,5209.619257437822,16,1776.352974007542,443.40547199992784,1.4650755054369735,0.7551866138886596,normal
4206,2382486,332,TCP,26769,6687,751.8564633303803,1.527250025171834,ACK,22.780987828135213,77.95165880326608,485.7784745764503,4008.551680046195,6,1947.4301890783534,343.18827437892423,1.3972660606713148,3.9863918478376754,normal
3172,6714070,2979,UDP,46972,4819,1468.4907546985328,1.2202003667221826,ACK,31.713448331434375,47.44346488145743,642.4197895817347,5233.619567335725,17,380.5068517308215,187.66236209281408,1.8850546000118156,3.933123543815971,normal
4749,8169326,913,UDP,51128,7690,1317.4505042960056,5.868329229323542,ACK,8.020433844826702,75.74186715153755,877.4101796946392,4454.962500053268,6,850.1727281456905,344.9760980956635,1.9256005281316155,1.0651302076337603,normal
4827,5394455,1551,ICMP,63718,7193,570.6526296125693,4.0690022440782645,FIN,50.49088771288496,92.76412938997836,10.955312225128344,5728.292692569803,22,1363.4639479522586,65.2000125162298,1.9531875972495758,3.826075824133215,normal
3950,126438,3513,ICMP,30479,2888,115.95548513479817,4.865505476382406,SYN,87.51844425920517,74.65539616724917,976.222603320345,7298.58421328161,18,680.4286352606645,239.44550104128749,1.345295479388867,2.914047056626617,normal
573,3771183,2663,ICMP,39934,7331,1276.1581351667774,4.903628733356914,ACK,33.35782301594085,31.6273198464948,365.5677190484912,7771.1130461435,32,607.3614416708408,92.80236068418405,1.9212613485851961,0.5565304730593482,normal
2443,7086904,2486,UDP,39759,877,1371.2897499562735,2.94163069333311,FIN,13.69992858798382,56.62279109720105,346.1948339818681,6524.923762554657,28,1646.1032651947896,30.30131060293395,1.76326899925456,2.5139001518753417,normal
3167,6700744,3350,UDP,30190,1304,1239.9097204576033,4.331247575806435,FIN,7.776179237976246,91.2487482681027,153.61270273172732,2069.512088959288,42,1962.7190912116116,175.7798724412669,1.2387932736397227,4.656378624185006,anomaly
2643,9025327,4253,TCP,40997,604,235.52741433365904,4.295321551673916,ACK,45.3025269798418,45.46067482276678,859.6025661807057,4031.5179534906797,10,1570.2263293702147,83.8603869055838,1.6492430254773893,2.5372231517716917,normal
2018,2802445,1151,UDP,29096,6849,1496.9769448978172,3.718990548594999,ACK,17.238152718247566,68.48815099665578,872.1311405085681,805.1178844836443,41,1094.9855833278157,320.42379890737413,1.123701337376292,3.9456079578718257,normal
1803,9197866,859,TCP,49798,4347,424.94712125152205,6.744727683807493,ACK,35.26429885962525,47.085957787758375,29.789108955441353,4571.569907944197,22,940.7713406960979,340.29326806867806,1.7375403401937786,0.15426083334336316,normal
2346,6840789,376,ICMP,13133,6433,1100.0971235721365,4.158148025813171,SYN,82.17800100016125,13.013071537095854,65.16796866458316,9706.360185976026,28,1125.3306690076934,82.85923005103564,1.7602107703858447,3.643126250184342,normal
2311,8571556,2907,ICMP,46826,7103,1366.6505706867963,5.2255116715419145,SYN,39.020690892994914,6.801165951751245,919.1582440273338,6453.134005151006,15,979.3954341566981,22.060372745678876,1.8104046577354977,4.734718556826011,normal
2336,2583814,1099,ICMP,3508,7634,391.7463157795287,7.268640842665782,FIN,61.37722090737922,95.27512200324003,131.63945095462753,1630.6638951686193,43,1055.4873078927694,398.4771752012286,1.2552725487101914,2.50264364661575,normal
4252,3770457,4051,TCP,35646,7037,1366.9749042817457,7.063635360012457,ACK,50.71384552645867,61.641635568688464,624.7181893272892,2758.9188317767826,29,486.5607960055326,11.00794015699552,1.6654249468527778,1.6951724659976761,anomaly
2928,1207751,2048,UDP,45423,1265,498.7482898325571,7.232955426454156,ACK,72.13479600403359,11.277676399126667,623.4539456666328,739.2790983952134,7,1817.1097036877225,178.51741370005647,1.260971016344889,3.236786019385617,anomaly
4193,954692,2870,ICMP,64856,71,1465.7991724568815,2.890034975255098,SYN,16.460330939769307,85.88641728851397,871.0330317575678,1905.897512504463,34,1533.6165028942094,252.3458160423782,1.951985075050258,4.582143463315164,normal
3694,218770,4280,UDP,53407,2183,457.82702955168816,1.24487741815644,ACK,92.12366261187826,52.746620514570516,576.9275643714216,4929.63227043,32,1393.857103117118,411.1346723838321,1.7075096234127511,0.8920805561613813,anomaly
4482,4100906,1864,UDP,3621,557,1432.4819458988609,2.8274675992673046,FIN,64.7196469574535,77.42127911174745,439.6712971975225,3514.078176143464,2,1904.857444851499,420.8937349456089,1.1857932632036503,2.0244341080133217,normal
2105,4837917,4693,ICMP,41621,7752,127.63974379437862,2.9509514193449604,ACK,27.82441942643062,13.548863366916091,974.636974765135,2119.22694135679,26,640.3492306343923,365.22032589912317,1.2683290070052406,0.7898885020993874,normal
4770,6970129,504,TCP,41978,8064,1078.4444169212288,7.365522287074776,SYN,13.202117105667844,90.78413275112902,236.5273212389803,1551.3242942722752,45,254.20288069786702,131.12683504454995,1.697114088316773,2.488304618777265,normal
1326,5911184,3192,UDP,5007,560,821.5611440636553,5.544699129865794,FIN,15.82283085047284,59.46300852852053,270.0908375063514,6595.104058074339,11,1669.6634546751302,362.8915978163937,1.5290034465436477,2.7067058450224897,normal
2816,6083199,1794,ICMP,57139,5158,742.9217618279595,1.5719277172156012,FIN,78.4836297627147,74.08780739415506,93.9219582506219,5625.213531041226,25,1996.9922309335843,130.80420695970142,1.7626678995897906,4.721576037461084,normal
352,5302533,3520,UDP,40476,834,374.066755670968,1.947650172077708,ACK,59.222895277982836,4.106589113668445,975.5636489833947,8442.139090927192,19,1199.0216322383787,115.1580139485338,1.3527099190330933,2.0684506173004604,normal
688,1791008,3796,UDP,44175,1435,1073.1138951759133,2.0897328787938276,FIN,38.69507078110015,32.21518511970131,709.2966067492392,1914.2035687047592,20,211.73783703409555,278.0926975729609,1.692125783162369,2.8391135015630944,normal
105,1827525,4140,UDP,61003,2858,326.6737625971453,5.412952237182462,ACK,33.95718377250112,27.47709602514576,21.976116616487026,8495.056053289636,33,1582.8892762943883,342.6386774786907,1.2592641512273952,4.42746024453022,normal
4871,4514070,1008,UDP,18064,1672,851.620604177914,6.147898178549021,ACK,85.72004243565249,95.00990453349921,707.2708873032472,5821.320608342576,17,240.12319280709895,35.99536529672349,1.5893392370249297,1.613810950879032,normal
575,9728138,4479,UDP,45796,2685,417.20577640836365,7.017507373957773,SYN,87.60148985436464,19.34851831915327,410.0947500025554,2735.6096203991847,30,1126.0265738926344,39.411074551058135,1.9620196323949877,3.374077706148274,normal
4619,7418874,1461,TCP,57919,4534,1435.6510006829662,7.584455855643702,FIN,58.54494180351,70.99812094469516,967.874194817988,2808.176091628261,18,627.3117010000014,394.243636540227,1.6654000090618877,3.788237625622261,normal
4173,6152537,1761,TCP,31578,4082,91.5152310616966,2.4119319017050924,ACK,52.929862500838595,5.2326002371800096,284.6136271407691,3964.7658624241385,32,1838.5508831255513,431.1536529730851,1.1449942557544248,1.659335891088177,normal
2175,4467951,2290,ICMP,64856,2376,339.606006161293,3.1684073930683434,ACK,81.82835616558057,20.570724483729617,713.1834753267593,4655.259445001263,40,957.5293051930215,306.17604900752804,1.989885923962964,0.830062515797916,normal
3337,1479768,4810,TCP,28940,3830,401.3503792617992,2.6822601652138145,ACK,75.18418279964315,34.52113807118093,631.1598088706518,916.8003388951385,45,1807.0803621092514,220.12572475637413,1.2411796966839792,2.519518614092344,normal
414,7090478,4668,TCP,45895,883,650.3983473633338,3.5113309722629644,FIN,40.632193149451055,79.65607893959942,21.92947514728622,8435.791740096647,4,668.2540619836784,424.20507500360105,1.7462621924273947,1.7904406333651752,normal
4671,9954821,2944,TCP,57015,205,387.4588507115776,7.402655751966246,FIN,9.191129790334843,79.20768142611824,886.3647600390498,1303.2565863095213,32,835.9889092605674,367.12034605991175,1.5792770351577765,1.3396475346431478,normal
1696,5125674,3744,UDP,27396,4376,762.4561808897387,5.02578796857553,FIN,77.08151062891501,95.30758431257303,148.21653374943682,4886.252445995829,19,1899.526457669453,294.0011572313216,1.3649246190238735,4.867372340363584,anomaly
968,8327435,3356,UDP,62731,1571,1315.0750087248816,6.167343281271494,ACK,17.70140186508413,91.75998276402159,666.9528912078548,3891.3855085901255,3,482.4974567701072,166.68098975489406,1.2595794368849382,2.5157435633206506,normal
2847,9077760,1883,ICMP,40104,5412,1082.4919610432976,4.430834652887474,FIN,2.6213137413693555,9.069944909456618,777.7929662863461,5171.642134688233,38,1199.1521881371757,107.01758021183996,1.2599321278490443,4.283823692278684,normal
1581,403980,4544,ICMP,41730,2227,890.944871775911,1.2020053933528718,ACK,84.48696484519509,83.15690449232488,634.6183700334764,8886.076918974903,28,838.1696242642116,215.14978924304268,1.8725597130873446,0.9846338786113623,normal
3395,9427944,3813,ICMP,43746,7033,179.0546080748855,1.4493684019847004,FIN,58.24713068833515,45.666184374461665,106.14272883852233,9891.974564575452,38,1570.9170816305818,150.54306222050366,1.885621262747081,4.697819396846661,normal
1956,9558540,1989,UDP,56352,781,1056.2885571644497,4.765461218875201,FIN,89.27493751804008,86.72272298224361,975.4273448921442,300.6865895593078,6,345.66310522557905,176.23670798988587,1.5186309694622409,3.9742128584994187,normal
3136,7558260,708,TCP,30072,4339,291.3007122508628,6.03152324374018,ACK,48.974220236564186,9.839338901581925,244.44973537601012,3993.070374079422,40,930.7084411088701,262.6592171028959,1.1932593166324765,4.045373859383821,normal
4630,6933667,1322,TCP,20693,1299,1190.2327096444621,2.5073136927011204,FIN,92.7216289704289,82.45414104922622,631.5861222444303,8194.344256080713,17,1427.971991006,92.85603890628879,1.8957485934621108,1.9549267272276838,normal
2125,9838695,2972,UDP,10801,4295,412.5822998397221,6.053367017946128,ACK,36.04320304990751,16.804609381076656,799.206277678698,3333.368514593573,42,873.3308465117036,405.0265732361745,1.5383148375575801,2.4333285954576542,normal
763,2532528,2948,ICMP,55735,6183,654.7206560653063,6.674660414384587,FIN,72.727678231095,34.05032137686488,939.8436498074466,6525.458141593364,5,211.21030462321573,81.30943624023604,1.4948861805802225,2.9708380862344135,normal
1112,2109542,4797,ICMP,37355,5763,558.1817933609955,3.8832823485347783,FIN,30.797664416916565,3.8559916287121454,607.9704239633487,9923.366117287958,19,1439.7132965371534,245.6868833162667,1.4666213219938582,3.950930025663273,normal
2026,6923496,2310,ICMP,60808,4747,1295.2801762785423,6.224934629908734,FIN,1.1152027684698647,13.249080730526716,266.4636076714845,6503.035759277844,43,1056.076822601468,375.5259556594139,1.4285127564732851,4.246793192781584,normal
1346,9327243,3207,UDP,21992,7893,233.4894651344418,3.8282096522992193,FIN,38.59470892034672,45.12686265582588,838.2726272328968,1200.7946384703623,42,121.48650469219103,247.66014676790218,1.5734048632477347,0.39944609366615286,normal
175,3503626,136,ICMP,54993,7655,870.1850794579435,5.74845440618514,SYN,74.03878579781464,82.01549522781256,171.58776629057078,8445.026373844457,35,1264.0462009339087,186.900811158433,1.6440871039505338,4.521271313790541,anomaly
4682,1387689,1201,ICMP,38833,3714,255.98933369244023,6.347979345236801,ACK,15.852393765204878,77.59330736513992,32.05960379035991,9669.908629196043,22,1847.7739428046943,242.69673985314796,1.5197889832156604,4.688108295996262,normal
3646,2847230,2649,UDP,12316,3301,1071.9539623916708,7.943486328156776,SYN,50.97540128753191,24.29447841585501,909.0673698579776,7153.833370858789,24,310.94930160220906,425.84864244832886,1.90698334710954,2.96850814774036,normal
3333,2119433,4399,TCP,56358,1556,1362.3632853019976,3.4177766344451728,FIN,22.019827000220786,16.017354457858815,579.63506847406,4248.774188446396,10,1222.275346517421,495.31153215913923,1.3858951056765476,0.9418855601419807,normal
1653,5554535,3926,UDP,41818,6221,680.1810981075174,3.8772854640222802,FIN,8.387788020491188,39.537082835195235,78.94507590320546,9489.161735919703,2,1484.4708753489977,319.2602117518234,1.6204806711081032,4.0938900151904125,normal
116,3679621,1376,UDP,14947,3184,757.733777384215,2.159340415871199,ACK,62.12774621248731,88.44356637407559,583.9320932517752,9688.862948987064,28,234.46997326658035,398.78758089786334,1.3699585281745867,2.7474521966024987,normal
282,4557766,1029,UDP,53420,7408,1394.7631129000054,2.428511408812648,ACK,95.2447946080369,10.051082342137313,153.56402663922412,9357.655760641659,41,142.96937051195397,17.099456218051447,1.7780150214132808,4.087810304044734,normal
2206,6228018,4089,UDP,51216,2790,805.4375135415678,5.8537650181886445,ACK,31.759717653073793,54.74848702409068,41.07214633289641,4177.008122869798,37,981.9721466253998,441.3785606670406,1.1919089893954122,4.075892551680689,normal
1219,5001546,4524,TCP,28727,1983,757.0177351718634,7.419319131081332,ACK,58.48393423563509,9.791940460901149,125.35880701584664,7918.105972291584,17,1603.2547057452912,477.4843823646799,1.2698290971157993,0.44277928527210436,normal
2208,9687599,4549,ICMP,19681,7419,888.577198921241,3.7622346616286837,FIN,95.40673340732866,47.55099999525965,777.3563542209106,6576.375654437194,6,405.36687918872383,291.83297746120957,1.8210812689342557,3.039036927569614,normal
4256,6972138,694,UDP,4653,3865,1049.3831177262803,2.258911127848789,ACK,65.39785164947406,13.552359703937245,758.1042957654638,1879.0959922673094,43,1689.6108172083534,379.3643824095077,1.264877835697585,2.4208900533509192,normal
1543,8608009,3639,TCP,3138,3455,204.9808938761955,2.995696495680958,SYN,67.63821692868547,8.953356564937113,608.2749535661303,5401.597526603825,5,1347.4967853048327,261.2449240504367,1.663171711575266,4.731136155297593,normal
4768,9374740,2897,ICMP,57540,4730,1240.6102652251982,4.185361933656971,ACK,18.713922644522754,19.89408397329489,217.23500701367766,7502.140990373506,39,731.1292467981227,150.23983282323897,1.9732191067137772,1.490240046707728,anomaly
4057,8548900,1472,ICMP,35469,581,681.4822898072259,3.034552305557579,ACK,49.768358206429845,26.270345917507854,741.5773951373554,8969.531532056564,7,1080.0690171356541,427.60150627167627,1.5706015523893693,1.0379405298927158,normal
2522,7546189,4096,ICMP,65346,2441,154.90533935135403,2.6350535818530636,SYN,37.34119196163742,28.350272534011054,413.96481454291694,8639.723867024879,32,1934.592461480803,302.4499888780115,1.2686568017060624,4.486463411535582,normal
2710,8853545,2271,UDP,36886,4737,1189.964870337409,6.151891421299557,SYN,47.62472838671197,64.88152677748596,515.6460809550766,1631.1191518362727,4,511.2302442014437,293.8977110577894,1.3886219411233738,0.7520906888115226,anomaly
2789,2682206,4190,UDP,26598,7643,596.5774589450946,1.0549144486843622,SYN,80.28183106774584,6.4432056866652445,898.6642863930581,4931.529140203587,21,1049.1172557136765,332.9747798821911,1.8411122688088144,3.435732099035064,normal
1811,9581705,2851,ICMP,33373,2155,195.53286788782822,4.774613691355382,SYN,46.60919978686373,9.000096930631049,463.27894850074415,4834.859431661771,42,1286.5244566044794,429.4415512561357,1.4164948218079765,1.5070988710706363,normal
3564,6644433,1777,ICMP,23281,7207,968.9796073377133,6.556367649208277,ACK,7.222217147525673,19.681909986447444,630.1024923129758,8997.496912789431,32,362.22775040376587,368.63400162777253,1.7511602231268322,2.843550319932413,normal
2025,188771,4190,ICMP,36076,5129,1326.1904624787805,2.8635980042222773,SYN,90.64862445393544,87.33424384896077,962.1339769195289,119.1793604549818,18,182.69196838428832,113.45085516571517,1.7996150565956093,3.0849349698778927,anomaly
2412,238199,3570,ICMP,38844,2081,1337.2425886502801,5.223040574284122,FIN,54.93677285774509,63.23188768026005,456.8759998456574,7413.264022506583,33,125.57391056979544,238.7435367595866,1.5510645625206478,2.0926727169702537,normal
926,7291213,2122,ICMP,57238,2200,1438.6120384730111,5.682300739330325,ACK,92.5249414944989,73.3065962596076,565.1206192107633,6224.551013808026,14,716.9164275400309,490.34618267324106,1.80489204592975,4.875075251383108,normal
3862,2858281,4768,ICMP,18997,1980,1308.1729166616976,5.58517287483563,FIN,57.66309669073482,37.665853400208256,588.5704786346136,9223.557584448004,6,240.4998595212442,281.73474974375955,1.385212703985393,0.667847508744046,anomaly
3498,2275316,636,TCP,26761,3899,53.104333050939076,4.120947439391024,ACK,7.893995281530999,22.108814557930085,248.30444328402677,4623.481768284206,11,1627.1629098281178,469.74022320069133,1.5645436820447651,1.9630814542934176,normal
1362,9972822,4169,ICMP,52696,5173,601.3496912994158,3.4260459151304543,ACK,55.734069959051354,4.758174735328367,739.5528416601229,6610.955273767457,46,1994.9071016073174,408.5510482933974,1.7179024375749266,2.1576726811028357,normal
1510,752518,3424,UDP,64332,7055,1236.8867408629794,6.851468511194694,FIN,57.99815431677538,49.365026377217326,729.370657991109,9730.19560117327,20,216.47726129548164,336.35148648629183,1.2512658325739423,3.158924275490946,anomaly
2759,8228323,1385,UDP,13071,3299,581.0668586977876,6.30912169899905,SYN,22.219648054954586,57.85381545850397,221.42117408072522,7464.647252867497,29,922.1799242735352,181.18894930328005,1.3462597706439707,2.04222619339065,normal
2374,514313,1191,UDP,54824,3904,922.2453342505739,3.2487862138973878,SYN,47.6318793263333,89.80327664339347,23.204664386167494,767.101343884697,35,148.89103366689204,159.1164802874651,1.686832943054287,0.49420969674709453,normal
1783,2333214,500,ICMP,23137,3290,929.1595736930714,1.7211343610954426,FIN,46.48470967549148,88.3272048961504,998.9521548627685,1758.5821546294778,16,354.5826924388001,325.2763219958181,1.689824107846598,4.737675690922322,anomaly
1655,5082820,3739,UDP,1718,4707,579.2866908562934,1.5026528181182843,SYN,62.66473875303976,43.04383068875324,585.7718556310828,8232.365919301505,48,713.5528657302807,221.95500801474128,1.5439723818076811,2.086234617377041,normal
2613,5267662,3544,TCP,57983,602,1361.487194557867,1.6599318452925522,ACK,26.701795768718117,42.934214971342755,189.22172195224132,3414.4758556392235,7,848.0266048095347,401.3892751801963,1.8160268211039083,1.7199418988131923,normal
3471,9043832,3306,ICMP,16612,7342,779.6811008098705,5.080085528344299,ACK,58.59309337687118,16.951166774867534,290.7298276895326,7088.589294922922,40,1885.5875982144162,382.62380237469597,1.533849411804478,2.2391433996282832,normal
3567,2251397,1950,UDP,62780,1633,723.9370986093762,1.3616352308029278,ACK,24.854252221057337,26.487449796416495,621.6141217870089,7028.254960103897,36,852.0899366381021,162.943938501872,1.89319003887236,1.090812453823323,normal
2447,8292860,4418,TCP,65109,1121,1496.394931209749,3.358488124748269,SYN,45.198081948186754,92.64069405576825,146.23942523759956,9937.635181543228,44,1042.9275522090643,354.33710370026336,1.7623130877847508,0.510106206496568,normal
3785,8844026,1892,TCP,46847,7359,765.5755279052942,6.2723979133996055,SYN,13.147864234393396,14.96256508258501,46.907830737866895,4751.739963999774,44,566.6083997203461,252.3295931476202,1.3832253769730072,0.7514066107532242,normal
2920,7727360,4918,UDP,49872,308,308.6774652964425,3.0604371656076466,FIN,4.692754238286341,96.90125512762151,800.495036110196,7404.54036900864,31,100.23776363749344,168.41312939885856,1.4557286076361,0.8416075867477625,normal
1210,7847613,2997,TCP,62166,5684,793.9506631519852,6.3431565402609085,ACK,32.73814329318166,50.969116471304446,718.6877819083976,582.6534851324132,42,1808.7354677929568,212.35363045467358,1.700918017192861,0.9963904566973166,normal
4904,1473542,3169,UDP,65397,7999,1230.3242665038986,6.218269267449387,FIN,28.182603314324407,46.20407070191628,316.5056316516537,4679.651104861577,44,255.25803836897916,448.7224149340083,1.905007356941142,2.1056014590086995,normal
292,8334648,4785,TCP,21091,3879,1176.447474002508,2.7207899284325143,SYN,41.28665529110332,18.289199687949097,67.90646399682345,1948.1472936895964,43,1932.0727979688352,186.16366914004485,1.260837859433158,3.1232573525303264,normal
2640,4474014,4540,ICMP,7728,3080,1193.443559407283,6.1017552606492185,FIN,96.23627938003364,66.4925837977656,491.40820173959685,8421.658361960452,43,348.60379779049447,150.82564392653444,1.5631971848677821,3.1481503117533953,anomaly
1113,563621,691,ICMP,41160,2946,1076.6344867969722,6.234436467904705,SYN,52.700700182262516,46.52470631786254,283.42442702630336,8415.092486959102,47,1249.2691134258364,182.38553814796754,1.2069059791919392,0.010486872114015021,normal
4374,3530801,1083,ICMP,2995,5559,418.61585214669793,3.782177479669188,ACK,55.76449390753889,37.6956437234089,403.80142514051124,2440.0077649863833,6,1998.8801169276103,115.16303374225893,1.3515096397881181,4.605578757823015,normal
2645,4809163,2397,ICMP,48385,4122,1300.0219244683356,2.472943386190628,ACK,94.21850283995005,27.187105639943905,281.22965291184687,3251.0230158530353,29,363.08273253238417,276.87114382420106,1.7173832233639181,4.116007430856285,normal
969,6285851,2404,ICMP,59871,1203,1345.4930247955845,4.648895648243084,SYN,92.19356662159147,7.582193498472326,183.51494372666508,7054.5300661574865,27,905.4918613856661,82.24385379804079,1.1699611717233456,4.820050816785839,normal
55,1599099,2703,UDP,41847,4355,331.52141009689615,7.449783116001374,SYN,88.52708343614137,52.41348353855848,393.11988896802495,7408.832641781444,43,1582.8049710458054,410.54745535408904,1.6961227236999628,1.8063318602036624,normal
517,9601177,1380,ICMP,12465,6102,239.16067299952118,5.477317127024434,SYN,10.70147946094159,31.977924972805038,965.2451822430372,6610.5528609323,2,161.1612847149397,120.53432115035679,1.9107300088507673,3.3273483906800907,normal
4220,1196885,4754,ICMP,32500,1466,1464.6272044542125,2.2104574833908286,ACK,63.79544364151271,71.07865509727444,273.56558833986736,9967.276911508996,22,1410.5872271660846,303.0469634944264,1.9724332619166196,0.8484235387879246,normal
53,9545691,4350,ICMP,54394,6699,1309.0697472930335,5.77929847313464,SYN,81.00179906885766,72.62871331816609,342.60697760651465,8699.963798652609,9,252.709341992519,71.26249447074784,1.294968980922964,4.086994805829477,normal
695,3899190,2166,ICMP,15701,1769,1345.1924134544226,3.990421190972842,ACK,83.7218942681324,33.878594142241845,335.94961318938437,4228.882919449973,11,549.3882703191301,489.4420426250199,1.7740081609470884,0.8152249375423006,normal
167,7387133,2590,TCP,28842,6233,1335.245757705373,5.140701581487611,FIN,58.212807107687716,67.24294767310933,485.48593159263487,3337.069543264648,16,404.1447087373848,232.7419748578871,1.9337334038349767,1.6366686470306704,normal
2978,3389445,4401,ICMP,2892,1923,835.4458948489062,6.138448245161755,ACK,2.7320592011307414,26.608848787669935,845.0704834048557,6008.812505161197,45,1823.939220129179,412.8639569718191,1.1822323797644925,2.4592659311754463,normal
2601,2743974,2169,ICMP,19079,6379,987.2825181654096,4.604631460601114,FIN,97.39757726253177,72.99019889797314,408.1013656341486,8194.599724751688,13,442.8677618851936,386.637439468492,1.472621247640285,2.9767130275752245,normal
4339,9668788,3258,UDP,59450,3195,840.7761355937804,6.69788782201316,ACK,47.74747357305402,2.591637408976977,808.0864843927114,4805.900389991873,18,176.82478147879868,359.7095931013826,1.9274687901849494,2.8025687911907906,normal
896,8198590,3741,TCP,2752,7914,124.24920632597716,6.055089055216395,ACK,39.96599363208622,16.009267931545963,123.86198833821177,7403.156807633231,25,1216.488789050748,415.4087868902588,1.2825087484293471,0.5194590984328864,normal
2812,8183535,3839,UDP,8656,1097,1130.9794737615202,5.305513380129574,SYN,40.09992265404904,25.255857528836184,895.958132635292,289.68439110981967,33,757.7437582784338,59.22716824325585,1.9403846154090576,2.114163254290616,normal
1191,8067513,1637,ICMP,13067,6969,782.7314483370264,2.0555497108264604,ACK,42.99093712576838,77.52061321166413,193.45104268869522,9265.81707215123,10,870.8418192185961,342.4636267612614,1.5744728639790007,4.615317228387054,normal
1860,2585182,3482,UDP,7427,2397,989.1781584458331,6.851643776380978,SYN,24.975891099102547,7.571249055356445,48.80948409170218,7760.963802402979,30,326.2192152388393,140.25534528415278,1.1899037742838001,4.363118953481739,normal
773,4364089,37,UDP,16756,867,778.8277172145262,7.551339097238713,SYN,33.40602894923315,19.617657227837565,166.77093557329272,4002.481858964916,49,1521.6455337230695,395.077115392629,1.5048895850799635,2.9580097810406523,normal
274,2798921,1995,ICMP,56268,7390,763.1264173675611,1.9587558666650637,SYN,98.55040336769918,36.503786445014214,198.84229337774542,3901.722022640992,1,1242.951934322684,478.8656923254655,1.3936350759203597,2.8658996315134706,normal
4677,8658768,4163,TCP,19550,5427,299.0942087427619,4.417687906034014,ACK,37.44863202535333,1.908324421138179,513.4190863372255,1118.579396710203,33,792.0123850217319,451.72986962292094,1.3539837444966276,0.5672591614201576,normal
4258,442904,1531,TCP,10364,6208,454.134886954666,2.8122211937935315,SYN,53.14577663090511,76.44997656206645,455.4389098255252,8179.921866437031,49,425.99239314995833,66.32658901209639,1.5873280180703153,1.009294667028414,normal
4704,5071414,306,UDP,39976,2896,280.3364033187359,6.281663151978952,FIN,84.98113233154663,56.45040981754132,718.7156727623915,7709.432141646126,15,1227.5583044240648,191.0806861296823,1.5352334216766832,1.2706723155944393,normal
2098,5093792,2191,ICMP,23418,6361,333.71612865674655,6.0514074520329,FIN,53.21535329977748,90.1672593149817,60.44157493572684,6339.472104602601,29,1579.334831064017,188.5181510268239,1.5337704436580828,2.44609668533379,normal
4799,579526,3412,UDP,34045,1259,1460.817201609442,1.986195843992791,ACK,33.120888740198595,4.072072221949599,502.72918886232367,1104.4190742259418,2,693.5548393476703,69.92517051617,1.1793275579928038,3.6594666799976365,normal
4465,6613208,2306,UDP,5126,5620,272.0144963696877,7.13919089883146,SYN,52.85134671493448,27.867677692865705,339.14651465414704,2697.179519807001,11,149.1347287233345,58.08176613994545,1.822086362924423,2.3090195244652483,normal
1623,7588676,2607,UDP,37334,1352,440.4421152425511,2.266811447846016,FIN,12.294544733470648,73.39391408623352,634.3992687700984,4643.253285319722,34,507.2535710306696,198.59616613489902,1.5332953838202157,0.6390445987686147,normal
1878,838393,911,ICMP,20183,7059,906.3550037209482,6.580813179536753,ACK,13.870688568044214,67.83979252544847,53.26272688376825,2733.122243265837,41,1396.5558558963755,496.11505974329054,1.8388152458316869,2.2023508962867884,normal
1967,5135544,1108,ICMP,57854,3526,934.7589355431306,4.198862517396034,ACK,69.71664569083622,25.06268661986608,44.58546082897777,4396.3418392137455,19,1979.283117168153,288.7818990224748,1.8421351773958552,0.821539936206953,normal
4284,815422,1687,TCP,7236,2399,273.26248812855215,3.2979060549070587,ACK,91.82860506871482,59.973085761838156,432.9790853823336,2336.9796523127575,2,125.41485487667539,314.67299801608556,1.385421792363239,3.7582252849474935,normal
2076,5306431,2891,ICMP,32848,4811,1200.890267388558,2.1076748387194946,ACK,72.84213521536331,79.58200765766762,813.2260844094968,3561.0449876795656,48,681.6917680509914,240.79926590915434,1.1039116734268513,0.8408392934188493,normal
3794,9124591,4876,UDP,38429,4142,1188.5441584735963,2.1732997930264055,ACK,8.386710825078362,4.304689630126859,674.3831234939219,6557.739147606613,20,217.83965385279384,334.54197062897117,1.9201211097123068,2.4178446078268387,normal
951,2264429,1388,UDP,12549,3257,394.1106710956421,5.6332338829063024,SYN,40.88666549206956,72.04521129007206,26.539030992450254,8934.374699718981,41,701.0636467497611,478.7644195649371,1.7846252237776161,3.4701338772788537,normal
4835,3136812,1258,TCP,29784,2385,468.5661388794177,4.853012715629843,SYN,1.2528052385383095,25.95760944628358,186.68737327198113,3911.80374420497,31,871.2372519421003,298.461997271052,1.196526761141124,1.1487083390865909,normal
2089,2939687,3745,ICMP,56210,7461,1410.0824049162707,1.8545979515586288,SYN,51.60946758923765,94.8372775648791,234.46414987226854,6949.891488491499,4,1849.6379746978846,41.8688452633847,1.7315543306027912,0.3893902371102589,anomaly
59,5154435,4251,UDP,45263,7570,1247.2235966702433,1.7888850230682762,SYN,20.127244003303286,54.28380191474973,428.82833826974274,1434.451555186951,29,253.0655188694596,251.51637889241732,1.1180209418019926,2.820864385612996,normal
310,1417842,1274,TCP,46292,2432,1061.8056979406597,1.5061740234095402,ACK,86.94651822413701,4.305232080496832,590.8485270825815,5454.097980772039,30,1576.554700824963,496.4481238934561,1.1249831622986288,0.28047129088691863,anomaly
1723,3690024,1917,TCP,28481,3194,169.23817119037076,6.206371431614809,ACK,11.329170234039157,40.93963125947297,224.29557215831676,9224.871832989684,13,851.5153525196304,199.82733309118902,1.5732409156380582,2.9429655284111584,normal
2269,4397650,1068,UDP,58633,5075,656.4829173087348,5.983174596605024,FIN,1.1419064660560099,96.6648739637291,388.68908222757466,376.56446412809584,15,1641.3994143671628,301.00180623509135,1.186433686312712,3.769957702555145,normal
2110,3703418,2759,UDP,49039,5642,860.9877145113992,1.409016935982026,FIN,45.663458268262275,73.30692633117714,588.1039600538265,2748.8178810954046,20,1075.4641521186804,62.25201408012033,1.967902870236427,1.6532867984448096,normal
3763,3642771,2058,ICMP,11556,5984,321.74636757647653,4.92189052917881,SYN,16.387897088648177,30.747421364959756,389.60095086263254,1411.6859834334282,34,174.63587380247915,79.17844438091778,1.9044481039852363,2.4468635513126538,normal
1669,6429099,4258,TCP,14542,392,699.9285440569256,1.5927330866988294,ACK,74.06065184524101,57.95146213707276,151.73772717078586,5377.902647014506,28,1897.7911809581938,438.59391204544164,1.6848308281230964,4.644521572742483,normal
370,4080441,2486,UDP,7500,7803,921.4875223586005,7.326220394262592,FIN,92.0735384463581,60.311034206340025,496.74451428284135,6828.460394306121,20,257.1947205255915,157.1688678432896,1.157338073754482,2.3608332322360064,normal
1392,5357430,4026,TCP,53324,1969,524.6961861673288,7.349821934260927,FIN,5.151863415954149,3.3114679175378123,330.75425399426734,672.0140014247824,25,1235.5986548141366,159.67112394375056,1.3923517320263588,4.98280476635301,normal
2426,6776602,4613,ICMP,20767,264,1182.3699874782064,5.887630928691911,FIN,40.16262907969357,18.704502763672977,865.5464789292873,795.8157643414578,27,1767.56874957368,199.7343680411408,1.4345506981154394,0.7934420326747879,normal
2882,961652,3207,UDP,2028,1860,1268.651893376268,7.48332245007615,FIN,99.68468263102402,55.62591689291056,777.8686590128959,8709.329008214163,30,251.56261572536837,483.574549723216,1.5327918522458297,3.5475801733916126,normal
2874,2189370,4596,ICMP,44078,7356,519.2337306794026,6.680171212895834,SYN,73.53452503006618,40.872503290578216,198.37234131135253,4616.708170818332,41,1152.3974379904246,51.351343058069446,1.2520125866058072,3.2665668050042975,normal
2044,9938093,3563,TCP,38509,7815,1266.0528740140628,6.799770031489346,ACK,95.3655767268749,19.813743637495918,161.10943341753594,4683.2208364226135,20,1666.1507634964591,411.19441025015414,1.6197604785174764,4.362801019496373,normal
3008,9956951,4450,ICMP,4295,5792,200.18602084937177,4.987954953989533,SYN,17.2442452363994,77.49420475155281,354.19990658135504,9451.345910085356,1,1974.016946427012,177.36335946833336,1.492193583118301,0.47129162783279827,anomaly
2088,6986945,1771,ICMP,46506,7605,1264.7071930028517,3.1424143875132313,FIN,22.9154873897034,49.4104931871975,418.05275543915644,3270.0751416228245,35,1476.2220615466404,426.2393327328827,1.9525672670535728,1.4082308915940653,normal
3540,9145220,230,TCP,1233,3447,271.48812591804403,2.524593805814951,FIN,16.326312819085768,31.687341094318064,932.6979698114808,8980.534105624625,49,628.835313380258,495.9602682572258,1.9425757066626972,0.669574336544073,normal
3727,3995528,4828,ICMP,26487,6641,170.24437113910278,3.290400154272504,ACK,30.934534343817887,17.006057295158847,308.60452971447967,9745.12197130501,43,1429.183626706278,180.84703100375646,1.6089265598059752,4.666144660136888,normal
1168,2077475,4633,TCP,6563,144,980.5743364394663,5.399468010623434,ACK,72.71402276457614,61.50517291637146,868.9085094388066,2492.7725567392604,24,1440.9568616845147,73.38461944405407,1.6799144023914816,2.138910269979833,normal
1654,2142912,2898,UDP,50329,4652,734.3091803451767,2.2085957508267926,SYN,17.32971941506063,66.95986896347571,510.25618656017855,5188.9846072041755,25,1429.935422998773,80.74399401163484,1.2240168209963682,4.551228569219995,normal
4077,3145311,1674,TCP,21001,2773,1366.4413705986076,2.8104816564612514,ACK,52.89916975044556,67.29012444113243,886.7674883018158,5390.125913712558,40,1723.0948304769008,381.7830365651011,1.3009909149561545,1.4790909018505252,normal
285,286622,3996,TCP,9630,1939,576.6243343317313,4.276426039568252,SYN,27.651781992325407,22.808448668581576,704.9342395553006,8675.064306741433,12,266.0221187870328,81.0115606456869,1.9106438637817185,0.6405768257946429,anomaly
2019,1963889,4586,UDP,45408,1655,466.3707819845616,2.631350689672309,SYN,83.09038213455462,59.938502315012855,711.3050784282752,3108.6905501800334,11,305.9977062893234,137.60656858197194,1.7292493306061614,1.489720992200222,normal
4479,1397436,2987,TCP,63644,1445,776.0656139090876,5.1205056880124316,FIN,1.6526481285549621,90.63524002098431,523.6095126211864,8000.620189198807,30,1317.1725360285602,110.15518839441908,1.27048717755477,2.989900053046964,normal
1958,9057148,1881,UDP,35076,1560,711.1219693645589,7.462232199194309,SYN,23.088380895328015,35.965572475535765,841.9010011623584,9712.973173652315,13,1912.3740825865568,184.28249637518144,1.6131892754659005,4.227710633005108,normal
425,2196690,1472,UDP,4172,550,549.420667014923,6.236625559921885,FIN,60.918834999646016,21.865926331542564,261.88055718927865,8419.332862168563,47,985.0934139465672,46.43962182334686,1.941285125440504,1.9330995591927345,normal
3580,9977844,354,TCP,34560,7869,1055.9248831125765,5.664986299042392,SYN,10.574339695410414,77.44280208605544,908.2777588017003,9100.488806221503,25,1925.0691330887828,429.80381637955645,1.4106539955457134,4.574895209674886,normal
2685,5171080,54,ICMP,59350,6949,1151.364659175167,5.079050331886451,SYN,47.16490937865297,18.511411075785688,640.4080964856075,7112.708947515399,25,1882.3619930806926,431.47169278248685,1.2672383379671768,1.2287179777928643,normal
1620,4706815,2078,ICMP,6631,4369,1286.826755093698,4.415635364799455,ACK,44.184522351754595,26.121123319094302,444.3218124776005,9049.16202674402,17,1815.528502645207,212.33712025651798,1.9478227492181885,3.4707680296457966,normal
2610,2983410,1524,UDP,20610,6284,1460.6420768299972,2.3059470174426178,ACK,85.3997776753546,10.963795036884285,982.3680043814014,1732.0212899880407,12,1828.7168522417621,309.92290882150286,1.5151388242628894,3.6812096189065384,normal
3441,6675192,2608,ICMP,30274,3123,436.65147859213147,7.262973187988059,FIN,62.914322123514516,27.519557291392257,863.3939658425237,7152.378008912097,11,1806.8057073231735,324.5562697431093,1.4755177987964898,1.377074967459774,normal
3015,1405355,1011,ICMP,61894,4776,1088.335549610444,2.7397520140898544,ACK,64.33050415375116,41.62317155528286,774.3008027033826,7345.585814217613,10,1657.7898287244461,377.1364765195051,1.3408104798134752,0.14457969271963195,anomaly
3693,5057093,1043,TCP,52963,1821,621.6744414688305,1.6391621430471253,SYN,95.22895257712743,7.35162833235612,281.1634463582544,4447.891370344264,17,1420.4600213501276,265.138142896585,1.9024267654524298,1.8325343368332696,normal
3900,2465722,2050,UDP,19618,5176,1031.7688593291068,6.250106254600866,FIN,98.25367715701412,87.29918217883275,974.0032934280737,889.41082684333,45,146.37553932595566,260.0646622664261,1.8610550902006175,0.23552877505761907,normal
922,6560442,283,UDP,59406,7876,740.1734510063695,2.2293087403181646,FIN,65.68607848313103,51.85380442945188,745.5576277976962,6262.193087982189,16,351.2818250964997,319.3388508908233,1.4626913594930788,4.504761339256866,normal
1302,5631761,2657,TCP,8423,5481,1490.970999013501,3.6032719967882323,FIN,52.67814356505337,59.22225955696451,609.1651111887511,613.6199850477586,20,355.04090360978756,354.49371387824,1.1275519519073711,4.768091062040949,normal
1364,2902092,1789,ICMP,56514,1056,1106.9080968965873,1.197994498036858,SYN,61.184085788023104,37.757289886911984,922.5812367231996,3885.7847119498406,49,144.72654013122076,179.87828474433337,1.5019862874555256,3.6795457805705425,anomaly
4870,9912142,4486,UDP,62300,5322,1431.1123856297706,1.9594755977831366,ACK,38.86192680036188,67.31368772583727,170.5598651098379,3997.3352668599414,5,321.7333600049096,171.8815319017194,1.262772214922048,3.636156080716031,normal
2948,1723907,488,ICMP,26141,3748,1260.7058467477193,2.2124254153193847,FIN,98.75820507904766,43.74639184925204,147.62589223663397,9989.332833786995,41,1847.518223777502,142.1620180069955,1.2284606631339932,1.2120544203645358,anomaly
127,2871574,525,UDP,34150,7452,1359.206466186888,1.3808708942512458,SYN,70.79710469018902,76.37006367938525,568.0762802468525,3068.040133918194,32,1361.2281451304934,278.93481210324677,1.4537842507058814,0.37888862702484233,normal
2671,6883799,4296,UDP,34641,6251,1230.9078359612786,5.596598696359917,ACK,29.8096726435373,82.3188122080253,66.1464606667796,8222.493985444518,27,692.9387347613026,186.47628788232845,1.1891692436101646,4.012502132945974,normal
4277,7953017,1201,UDP,8522,4031,715.7807390450715,6.8590545706218204,ACK,6.7188635982347735,67.51306207676575,667.3469932483456,626.3996836617026,4,1607.3840232496918,274.75350117673963,1.9617180562384986,2.800218038451304,normal
650,6922983,2678,UDP,38314,7649,415.09325735298233,3.613207844561587,FIN,5.427470986044814,49.64222629824882,248.33372673446362,5344.68325531982,41,1027.9020252142168,208.93253525519157,1.1427852636031537,3.411321378628003,anomaly
1115,6527925,1421,ICMP,52720,6209,586.9642544032572,7.122035337027405,SYN,21.286385072127377,78.44466570962054,127.83631216364066,5413.247617704519,48,370.0413701401655,419.99974945080385,1.4612326646588545,3.9004089297502875,normal
2186,5366986,3290,ICMP,65339,3483,79.34253732792814,2.4934260219208855,ACK,24.058392371058048,49.93424582908006,415.40089129356323,6324.6235466251765,7,1780.553954330336,45.83381747527576,1.2464324318285254,2.0530770020718214,anomaly
2499,6760291,281,ICMP,46565,1162,809.7900928237674,3.2777329649286764,SYN,42.089503901436125,12.039480532587307,471.29013010190806,8119.051513560389,46,743.4576978492978,290.3831908662906,1.7199301893758805,0.7312874839918054,normal
2393,8344528,152,ICMP,52007,7096,782.3338103920926,2.0551589512181785,ACK,22.26975515198913,12.517682101166514,178.7800152571104,7643.041479059165,14,1427.832538006799,292.0556377877269,1.1709303042931056,3.977233628820848,normal
1913,5533388,3342,TCP,51648,5670,811.6131740042078,5.343914367932991,FIN,63.46013265531271,94.90973082366712,51.11991824657086,7633.980470490508,39,652.1289049492541,198.02148216396293,1.592125016787771,2.274290539749753,normal
1368,8021364,797,UDP,10652,7634,1462.3452762094926,3.939087136092148,FIN,21.914218350247594,22.142737837329737,419.9150353264255,4379.70994981044,24,1050.13537628022,216.30023833594015,1.7957913456817438,4.136351911971103,normal
4761,7452747,1691,UDP,1353,1775,1371.608305009517,5.292983427893291,ACK,19.59977735517345,81.77657411117566,761.9310726285456,7301.9676764186115,48,1650.8801519077895,402.064366832635,1.9550538515440736,2.1941187423324635,normal
3647,3882857,632,UDP,39643,6081,284.4835285786566,6.331724337759285,SYN,47.652462287236624,25.423835320227827,875.4577728950114,4964.025605716303,18,397.87695820629864,147.53011802756407,1.7286748066724713,1.0929118782019573,normal
3812,4538871,3851,TCP,8056,4860,584.8796562560393,4.81992111223064,ACK,88.97819133305806,43.64722929182482,106.57281118780871,762.8166656155217,38,1956.777650954629,436.9878577988198,1.1895425818711252,0.8633150331023738,normal
4720,292464,3686,ICMP,49118,1649,664.7364602217298,5.393412484312515,SYN,47.36224325048479,65.83986309771626,529.4287083811425,8912.799647856096,39,233.4102534353798,449.2082190259997,1.179668494742727,3.722169565230247,normal
2240,4740400,2582,UDP,39058,5082,572.7727308848893,7.546752200760331,ACK,41.97102571264453,16.72785011669451,270.76895891832095,8912.616730773727,40,1114.6169285069577,328.803459157076,1.7584382436842594,2.8786967227420437,normal
1042,119581,3270,ICMP,38146,782,1207.819147225674,3.093450167261902,FIN,58.231395838511176,73.98740234802388,380.8875309068378,3296.4997700858794,1,1840.448486768701,388.7002797169682,1.293796464503122,2.0289684733187854,normal
2762,5371807,4722,ICMP,56611,6925,809.854621308001,3.5141475704376717,SYN,26.46415419641122,69.30138428309729,934.1074114623074,9147.635930881308,17,1896.8183812767982,310.34428889369934,1.502515377769924,2.4656626133947466,normal
2242,3853256,76,TCP,58154,4909,879.5447346088563,6.023923531965359,FIN,35.99021889455301,54.765206021472515,358.55402521619044,7604.0419812003065,26,541.0070294715745,267.3769657358299,1.978958991216223,2.752696640379834,normal
1298,8728148,4296,TCP,21646,4859,1286.869660532492,5.279138619387707,SYN,22.169690311045926,57.02308584820081,371.69247087654355,4067.932185534029,22,373.5714643081364,483.67209958261253,1.837916118563488,1.2046880447107222,normal
3104,502590,4626,ICMP,56288,5185,1218.5958224522699,2.2497303317780037,ACK,57.609189466160686,11.471407558637448,217.30186748754136,3381.90542441001,39,1476.3657006039928,148.50093247145745,1.8619340215701805,1.897046242691469,normal
4648,9808020,1150,UDP,29608,3977,241.70670808943456,3.6330311700734312,FIN,70.04136859535232,44.1589658930771,960.418233845597,9753.9127239224,18,179.7497797248505,85.53396385512494,1.8746929142552708,1.4691332108975779,normal
4083,3361492,2324,UDP,48874,5647,1085.1761469212697,4.274866091873005,FIN,67.69616545806662,9.570568140404834,461.92248309368057,7155.006934801978,38,1021.9540411575971,150.8678279398325,1.6575908061094022,1.9482349952606801,normal
2047,873328,2542,TCP,5746,577,681.3823869079515,3.9357288657787253,SYN,26.226963978511414,31.478465812317552,574.6882127161953,3850.218552234882,28,1613.0749309070457,311.1665481059281,1.7695405314762307,2.5078054454543453,normal
4966,4810479,3590,TCP,18796,6110,477.24090944062567,2.2479236582542854,SYN,78.18517236904873,90.13090196797272,458.6364113783858,6455.64049100997,21,1164.4839765819843,100.73988466956041,1.4230648231708587,0.8750541198812859,normal
3737,3111691,1197,TCP,21593,4641,122.5272903081702,7.471010642489836,SYN,26.339412859743092,57.87880665492442,260.38988599622553,5758.109370469952,38,457.2252049706095,455.3188811808939,1.9986016039155658,1.9736401626179514,normal
2201,1359097,4481,TCP,42703,6760,756.5118625009039,6.336231331857831,FIN,15.880843575508534,74.52764037711547,812.308487009577,5292.946224769211,33,1025.38416899293,211.4019563260424,1.3516599526891806,1.9336172721015483,normal
4068,8314157,4758,TCP,4259,8018,565.3831870505705,4.3694908247549655,ACK,35.631066120032244,57.814700870213336,38.18651361805295,6482.548798237253,30,1850.4219612528966,426.4818103630034,1.6310066629731677,1.4371590460428911,normal
3160,1295315,3349,TCP,5600,859,414.6939075307812,5.760427198147856,SYN,60.17666482791741,20.22943904265826,693.3409957907768,5422.500589585583,42,1272.7046582841258,132.1259068191202,1.353855510489074,4.992496660764236,normal
2020,6088595,558,TCP,27731,22,1057.2740079155883,7.2809787049486525,ACK,15.058180061635401,59.88602326220926,598.3300824933589,6582.424501495168,8,1470.8321923811377,163.4524939905463,1.200863945504066,0.377401269881514,normal
247,2576508,4097,UDP,34892,1071,1165.7538116076012,1.9532189965309985,SYN,65.16062409873717,75.78341965324697,152.8378441818617,9084.928766014027,30,738.9013713587783,39.01946461452333,1.610827233359309,3.2183261850358216,anomaly
2676,9747919,82,TCP,42656,1424,404.94480259266595,2.7526113549488436,ACK,86.44373162909561,14.702095283835723,174.24599385768252,9933.323184638191,39,458.11917281847366,136.30616917093124,1.4180138037795258,0.8804486466168138,normal
1252,4511784,208,TCP,42500,176,121.69878318505353,4.798908730796516,SYN,30.020910515548984,81.8737642993639,662.6333320218607,7121.9400461453315,9,585.7202368092469,250.2537712920177,1.624897340771049,4.19922470653306,normal
2085,9679075,3211,UDP,52708,7018,1280.6914158195907,6.5930725994665105,ACK,45.57045499539683,55.983825718851286,319.0174037466388,9285.425937329284,33,1113.0374281445604,473.6070896843887,1.6028106289984936,4.571840714686411,normal
527,165074,1791,UDP,31309,1957,64.44162474623981,1.2537842680906917,FIN,23.602732136892634,1.4232450147093487,273.0806973840224,8598.261513441246,43,632.4182918603371,200.56245720683413,1.5880310562292055,2.0133751332187044,normal
1304,2571466,581,ICMP,25178,6070,1408.8131161861345,7.888127051374523,SYN,36.7649111779691,52.45807014745972,68.5645345819065,3020.8702400146635,29,1129.733096109592,323.4745009468395,1.2109710098418767,4.1191574626093415,normal
972,9180253,800,TCP,21078,530,960.0488172749235,4.18434622017678,SYN,3.175086509448234,40.17147772154613,768.8182584295564,9335.789032126053,31,1444.804662014736,219.5779575597061,1.4961626969153214,1.2570481522568016,normal
469,3288093,1648,TCP,18189,3424,516.6776210419143,3.514617984352061,FIN,95.42317022506988,30.348204617708767,883.845215947639,801.0091005209526,3,1495.3521647235727,32.92800687629121,1.8308035454589127,0.7089418515730153,normal
2254,1018481,1841,TCP,15463,8031,407.3929688862675,3.049071064878403,SYN,42.17313110800732,77.35446477186964,821.6459082084764,3366.226028331094,38,412.9013853560775,256.7309866893843,1.3836291459901724,1.5862325493490288,normal
2647,3595804,1865,TCP,53699,4802,63.0582131834891,2.2204969535561014,SYN,79.09814087198994,90.05048848222624,471.3737783050366,6435.45485753752,11,1525.8186127843398,42.29768688492122,1.4994483547628588,1.7149533293163257,anomaly
1170,8452115,1184,ICMP,45542,1157,391.43355466577185,6.541017362510195,FIN,15.121700298294455,76.50265584516592,538.6168444947568,5316.462914361907,5,1378.1074652254822,443.01296305279266,1.5444484312882412,1.992814148480039,anomaly
3118,9495318,3750,UDP,23539,5528,249.7060371998546,7.687899153222675,FIN,81.42314936593948,84.83048557749645,249.85343204484147,5469.882689010689,31,122.80975340054269,378.98811135594786,1.8764581813325703,1.8710651203695157,normal
1000,2339377,3287,UDP,27986,5626,937.6410200485611,3.8955132839177873,ACK,86.1545837852579,90.96931337790615,181.12619202459828,7969.394465032356,20,211.8571326705266,195.53922091365945,1.6900397923034172,2.0616108197240144,normal
2386,807564,188,TCP,54958,3934,291.4911034610119,7.6669448632741934,FIN,71.83223574008024,91.35030182627129,824.7711631424313,2027.5664546333037,4,1327.8740535347226,323.70714643373196,1.1901822813535827,3.5530664953675988,normal
2293,3919949,2254,TCP,43573,3341,816.513264428098,6.766583308045239,FIN,90.41762417335714,12.349176156678988,800.360718939382,9822.54754867784,8,829.0374091710484,64.89379610353274,1.878653887224519,1.2354448630000188,normal
2695,6048511,4096,TCP,38787,4686,905.6688123994827,4.367357892334228,SYN,17.5525158173455,46.18216339982899,779.5862301525231,4430.836450241988,42,377.5975991937652,354.2519436116989,1.848859377933881,0.10269222286795722,normal
1907,9999081,744,ICMP,51677,734,482.1604626030261,5.718183253882929,FIN,48.17170105007338,1.0283609648981193,468.72571333365846,9503.448321575393,35,184.35346242230318,413.13888040582003,1.7782813825392578,2.4535059513925455,normal
4662,738954,808,ICMP,45778,5454,100.84417607714212,4.04488925419324,SYN,62.39084366959957,51.13979588566358,865.8626832361135,3892.8470585186433,13,402.8568472776186,412.6553677837349,1.519452216486954,2.2469733085822714,normal
1915,2909056,797,UDP,65118,2306,104.01812689058434,4.911063857487867,FIN,60.023104099051245,92.50014950003529,926.9697486573066,6057.688021631193,49,1919.2765322110715,149.29599836842135,1.7817908451372262,0.309724299318718,normal
2962,7841130,2805,TCP,46302,7421,88.20363168118052,1.4063243591295267,FIN,86.24305251810351,20.711126749419165,335.06090120691033,4558.083566099047,5,1482.3747189848425,139.23563568564506,1.5308678563784817,0.6776689934920546,normal
2903,8358998,4314,TCP,20488,6466,1121.730767347992,5.873844327103732,ACK,22.353445429315684,64.33887624789139,232.4475468625523,6791.758122134505,40,1102.6402997751584,265.48486707231245,1.7629611808944468,2.5545052644776205,normal
4960,9096781,4598,TCP,43060,2674,511.1140719807323,1.369772511388957,FIN,18.388739421347772,64.79352559537148,469.62040046822335,1917.8848209034463,19,1888.9269501037243,484.2083593456257,1.8920991484752827,1.1814062924977007,anomaly
3278,5935261,3094,TCP,59468,1010,1204.6352696531123,6.719594628437546,FIN,26.084480890937193,16.87504448408952,187.53309310784658,4066.222475120801,18,1276.3098315950474,461.05625902698176,1.9014874266175372,4.389215487765821,anomaly
3769,4511579,2928,ICMP,31437,7840,676.0125945721313,6.774628506223903,SYN,89.2634548918742,24.614216492428575,885.1628562884979,776.973108863571,33,1478.7258577332677,186.22285606043107,1.509120716768709,0.8747295074328808,normal
3278,9069055,741,UDP,34294,4449,706.8472462034475,2.659541012893502,SYN,94.1616811830999,46.74015661206386,344.61059507699173,6021.204028201134,4,637.0384551611569,392.1164580296916,1.8734084114168263,0.11041193292409614,normal
2421,9451012,1139,UDP,43323,2180,793.6797736388819,3.265639467250602,ACK,57.39338032272973,19.6327282689802,580.410068675171,9630.548816032315,18,1219.065502819472,461.44570440481414,1.1913116424569419,2.243343209261391,normal
2941,7564493,3456,ICMP,21293,5760,1083.8956117439006,4.369172649908053,FIN,50.63582152248146,58.914403873926396,598.7723009480537,554.474500058119,46,372.6067641658965,137.85396820162646,1.191637475738103,4.9309539219351946,normal
3806,2536232,1615,TCP,32565,4477,446.57915545307526,5.17664034852737,SYN,60.933175193252985,48.969631371204635,519.8380015424375,6630.337242565508,24,868.5179758757732,416.8448683054405,1.593440252180732,3.173023906269317,anomaly
4275,7705694,3788,UDP,9033,5996,226.301656823614,3.011475632193977,FIN,62.014457334822715,52.40061967272494,164.96045232886732,7773.469840012831,43,163.15661747455923,141.26885718549653,1.686660156610642,1.776608309097003,normal
144,2379907,2755,UDP,18031,6964,856.2831360276192,5.147404832423475,ACK,17.860165789406086,14.312287729234967,991.0906336924376,2209.7733993585257,29,511.5933664070929,178.2082416847332,1.2376943983805626,0.09417137722461304,normal
2724,6991607,3180,ICMP,27486,2164,524.1175537019719,3.0845095126050923,SYN,68.95467728068989,52.2079307184257,180.8771969487184,2803.4355043486157,31,242.2503959030819,107.42213851686954,1.5249620403253936,2.4298927143137115,normal
2005,4533688,4699,TCP,64676,6097,691.6124048186542,1.3884350474974247,SYN,45.78275913249413,5.898340914359792,753.9922869652007,2095.65275377635,28,836.7797570637396,258.46910154562966,1.1849264010343308,1.040265350670767,normal
843,7580751,2943,UDP,12566,8034,988.0727270890928,1.0176928488233625,ACK,52.22081392595647,88.27199450315648,793.4492453146074,3044.385103095444,9,1701.7668128131313,423.22233818800817,1.6418895369979793,3.2422928863787637,normal
1884,7134131,1225,TCP,18458,2083,766.4823246548424,1.7080574054290003,FIN,4.001343829180393,34.98171938975365,153.71207127765996,1189.8173360144044,45,818.0748020556009,268.74554734340103,1.8695846330775632,2.9192123837191932,anomaly
2166,2364162,334,UDP,30789,2623,949.4042847962222,6.545754901148127,SYN,76.691106620572,85.77739515873503,933.8318764343815,3766.4439257256813,26,1680.1152893898225,70.48560474961779,1.7638750784175714,1.3334167391820528,normal
4156,4882909,1860,ICMP,24793,1997,839.0900030647604,7.73001918668336,SYN,83.7073681655203,70.46398050573954,492.881175001451,3752.399033612509,49,1347.346793899886,133.3702067913133,1.4404623971863442,0.35372484375117147,normal
3375,5681820,1500,TCP,23489,395,1122.7047393073437,3.988763394968535,ACK,62.32273383952011,76.85108634042092,632.5941289820097,8091.947820393548,47,1068.105948598573,285.8023149678561,1.9944144169734095,3.77754579822127,anomaly
2969,9304721,903,ICMP,22892,761,1073.608095681849,4.588787674149599,ACK,75.1236398943696,32.13990495935335,645.7641954744482,8029.487324447112,2,550.094217196528,295.7618532295745,1.6966414788195232,2.9314658320187816,normal
2647,2693794,1400,UDP,21180,4505,824.5753431224979,2.0279371835139828,ACK,52.74789431403809,23.54665004357146,509.9055743363777,7987.561296762711,6,1852.0965764038895,292.6838927369862,1.8337235909982312,4.212209985048055,anomaly
3255,2346704,3399,ICMP,21324,2687,1034.409380246575,4.857219468761099,FIN,62.216984518877005,41.26731483027037,150.60182367994219,5713.65554086741,29,202.9815367998632,47.731711328045826,1.7027276485625595,1.3064020780272143,normal
4857,8812940,4249,ICMP,54194,1260,1316.6614232952884,2.012584314048838,FIN,40.06259814786062,3.3983603788671344,754.2358243123862,3326.218799976712,26,1408.934733627749,379.3109873910296,1.990474661978414,3.2677817032542564,anomaly
864,8221038,4489,ICMP,51505,3490,676.7933672928444,5.27850031839181,FIN,79.39555224118874,91.9568120099666,585.9679767722573,4168.548712364294,28,1280.355796337801,455.61981750461325,1.8392237904959956,0.602215697638138,normal
395,8278983,2273,UDP,14459,7447,648.5064554857507,7.532810673065977,ACK,47.35882209618477,39.31441233064633,127.49380910480966,3245.66069714461,7,937.978892287401,260.15428438765093,1.5674808961058966,1.46613144050505,anomaly
2399,293575,3442,TCP,5138,4939,1158.1561502359511,2.369889775121277,SYN,68.34107753746937,98.86710387951294,703.3187489472725,5861.0862593091415,34,556.6098150559501,362.2263505182128,1.430191606553831,3.286130168268074,normal
412,1460700,2381,ICMP,47360,2387,894.7030637108913,6.351946026399714,FIN,62.52150848333096,76.38349265993388,705.7356281984256,9385.993301005296,45,918.3222800060071,457.86759109791006,1.7139393462339583,4.129650712672517,normal
2493,8418944,3096,TCP,37159,2263,152.95983132275342,1.1645169597282683,ACK,70.52913732018922,8.970985970131737,553.001581634956,2916.518162151571,10,1758.2681785514992,324.8851499245278,1.631199627926308,1.6114182536993011,normal
2315,3202078,4322,UDP,9119,3569,1343.562422752068,3.628480689251347,FIN,78.7363716373971,66.35863950641502,99.64332218865235,4642.632994696684,48,1689.855609484413,340.41960497121505,1.6664155319247909,3.996279247216941,normal
2238,2608622,1525,TCP,38933,437,94.6354982445782,1.7752395548135633,SYN,51.75863467770652,27.813077318957557,359.11759082536196,6585.657608379467,41,1888.6243749563555,363.48816255813773,1.4087105896553813,3.3919847767636795,normal
3055,1887963,2927,ICMP,4975,7662,1135.1747165041274,3.467328091169896,SYN,81.4935289763112,25.128145912556633,60.414866550433956,8462.479626776269,40,684.8070925879712,137.64620121249192,1.485855578513499,1.7498871098229234,anomaly
3331,5305120,2362,ICMP,22492,626,1150.2515069212536,2.2147584374721845,ACK,50.228466489889286,26.399704320418074,482.8200586381274,2608.0058143455517,47,835.4979009008586,295.5121586112454,1.6022869174015848,4.383220719344752,normal
1034,2773605,1177,ICMP,28097,587,1432.0110736587992,3.613134930860212,SYN,95.70679796352974,91.69142982058888,907.3826605751029,2874.8705147058663,22,135.5796900537403,422.6658061267836,1.8553550617296586,2.5510530395168014,normal
1689,1448947,120,ICMP,48679,563,128.4948921833651,3.9226596427527123,ACK,75.51450311286463,50.498037431066116,12.230452786794489,8863.138769333767,27,1891.6049899680156,155.11973782776784,1.786618025986613,3.2447516445049502,normal
877,5814775,4337,ICMP,35365,6394,915.4424481375119,3.1041378594664284,ACK,17.943023324860352,67.27761898234898,273.97226651198804,894.5553878594499,39,725.8411744528108,449.6135448024615,1.2067902834525115,2.4832003960983657,normal
2780,7243447,3665,ICMP,47151,903,670.3688274092268,5.596353646311904,ACK,83.12886266497969,28.81383475417037,801.8605101366041,6093.931299075404,22,867.9112609126871,313.98715538515967,1.3209988250174527,2.269072602848932,normal
3581,8279499,3803,UDP,65206,6684,529.417784546336,7.431964358812368,ACK,55.60717841985678,52.7724910633267,19.762225483390452,8618.508619350272,19,1824.8287617500496,217.35567720219754,1.1239919524397248,4.241408809021894,anomaly
4501,6473652,1765,UDP,52810,4818,180.9619124336559,3.8041676187369067,SYN,98.46163483941267,35.65991368290779,20.07170267554664,9225.25322848018,36,1100.537017316945,315.3596510861435,1.1071645111690323,1.4805750310427426,normal
2985,6607470,1587,UDP,3792,8060,865.8484735233983,2.34640209532515,SYN,72.16308532367921,32.79276499924367,614.7104002334551,225.60381690540072,9,1175.7316293354081,206.9113537876474,1.3019379223522176,0.19277981959498616,normal
3926,1499339,1306,TCP,39094,1243,744.6090522281897,2.8950593073718833,SYN,9.354683910448916,25.44991594905101,791.3077592305987,3759.6931771924246,19,434.84239248674197,420.63744490560555,1.8193888532083968,4.400115391289356,normal
176,677296,3784,TCP,47538,2913,201.6039643189852,6.978005764474583,SYN,40.10108233342453,41.49168295084665,778.740363292004,2646.9213825983616,2,1047.4540395554436,246.33610423312257,1.9142728923569483,4.126869525725403,normal
3227,380039,2230,UDP,56426,6836,938.1097852907709,5.001478062891035,ACK,52.21026486465339,66.34298095237227,781.7822405417941,5723.5226288697595,28,1844.596341726671,451.594546279625,1.4525915293087384,1.8391367681023676,normal
3106,529714,982,TCP,35003,5738,1120.0320243667609,4.185077226148701,ACK,84.06234671282039,22.982333830643793,367.39628136948903,6365.3365404549295,39,1161.5643674050593,259.805959615435,1.606878736946011,0.9354011821390041,normal
653,7036655,1040,TCP,26375,2088,1162.55353652779,2.047457050562487,SYN,73.2052078986475,96.57895470085766,883.8969028317142,9997.767328294734,22,584.7210928155403,333.5805109223197,1.7354473417598428,3.38091287881187,normal
3499,8369352,2603,ICMP,16469,7498,1362.7911229805197,4.148091158266474,FIN,37.56664699055225,13.336555969903,22.70724538276953,5176.348719299363,6,159.2436418560494,498.8947662933568,1.9576430293265539,0.4030169091418399,normal
4196,2912190,4002,ICMP,56131,6751,643.732575738727,2.9494440235017065,FIN,65.68983606276026,48.5405135644222,319.0668494045774,5559.52209949897,47,738.9733695627292,82.01326209418517,1.9216390135676886,2.1245362301386543,anomaly
3583,8942047,4623,TCP,64330,7061,1431.9555145020986,7.602141894973444,FIN,58.11417988193955,9.417793419179592,343.815817887036,4201.703727275855,7,1187.92273672247,370.99728287936875,1.151473073043242,0.43845298448475545,normal
3417,4143535,923,TCP,49607,7840,1304.8726373698948,7.188490765910119,SYN,13.479208286288282,3.243866785831988,173.91541456134573,1562.0046546018991,6,180.9652479045772,78.04739167880744,1.3233492588883529,2.9935692798905262,normal
3418,274452,2191,UDP,2184,3729,479.9272779847116,1.587317792797386,ACK,24.251010606861453,92.34505465013798,342.86371326217824,3102.9139387779246,33,1258.6058968531968,421.04451922455416,1.1442300895596595,0.1457698352100536,normal
3847,9168491,3207,TCP,23385,1806,280.9604041567148,4.6165744248287,ACK,34.77110895871712,81.22809460111277,590.0252887515879,2545.1506853392148,14,1094.4862715244144,302.2621567693857,1.6548881788901464,3.149899494415215,normal
1842,4372047,1472,ICMP,8065,5735,681.3146243856195,2.5754084186027044,FIN,20.35285722998679,69.72138193943027,525.0765195704087,8032.0749443485865,1,1588.5273914164848,469.698184697165,1.739443984825375,3.369295810714089,normal
2911,7185872,2388,TCP,19791,1477,632.7531265361516,3.875439626670034,FIN,15.863250737172528,86.65389050184453,326.23308499869444,5503.582573367892,25,154.88752731672747,434.3187349529855,1.3774550711208604,2.4408509283795037,normal
3526,2190921,3464,UDP,11870,6534,884.7929927302463,7.137935987760195,ACK,6.761579242898417,80.48199387400312,751.834238545631,3032.3169391318866,6,1583.609955155601,46.68729835972348,1.868466717319893,0.8832865731950833,anomaly
3467,7428297,3563,ICMP,65349,5699,895.9100368752346,4.692601639219814,FIN,87.43715399528408,65.07653437765283,717.6426726534291,4942.019738645682,28,1089.666386940403,77.27824542264185,1.507531475370348,0.5159557537497642,anomaly
1695,3199156,1317,ICMP,39668,1934,1137.481127350964,3.3395070535953186,FIN,29.605398378520515,84.88689025106855,287.889512309636,2266.7623426446135,18,804.0057322814517,304.57375501734435,1.9985433635873113,1.5733288172036461,normal
1255,5802038,1199,ICMP,20948,97,789.3404248981348,2.4552184787349796,ACK,29.74173978942305,39.689254792550415,329.9961088501383,1932.7587906748577,27,1934.2276550817658,263.9741735716167,1.1003597233303926,2.331381331204062,normal
3080,4823139,697,ICMP,46681,3633,201.99282936411004,6.602274015845425,FIN,21.41658560558539,55.722431490277486,294.6449966458064,8613.428148694671,49,404.22713974850075,92.59691400058784,1.198540737576701,3.2146195010557737,normal
2922,4955582,4671,TCP,14906,1328,1294.522436552004,5.37162610755043,FIN,48.064339814524416,77.85475464488592,137.56265484610338,9453.627459214775,2,1128.5177262731022,73.3860218531084,1.3716139186418064,0.016238136317313114,anomaly
3122,763371,1217,UDP,15762,667,499.15864561852123,4.276458222983619,SYN,51.90995482431487,9.395003608388318,755.2538265312463,892.1446174871801,40,709.864799825709,286.35548388639046,1.122956838158342,3.558208956984462,normal
1904,3258945,1904,TCP,22043,2207,1458.3813174445584,2.5223904770408465,FIN,21.619854503882923,86.00590124908591,55.813745410096566,7672.338801145563,21,1102.224119711138,33.97155850774975,1.8041055119644258,3.56643254130513,normal
4071,8280143,4932,TCP,2119,572,220.89715758566672,3.3397246190999192,SYN,61.248463448501404,16.5262151139639,159.07468916238855,4587.784210630172,23,1149.323359902783,438.1302984471851,1.1474946090841587,2.2282436543975743,normal
4712,5662064,1821,ICMP,39693,5113,1439.4641997371298,7.71890398716963,ACK,72.57699599978116,86.58958403685638,114.25147257036896,3950.8192489517082,2,269.951672007207,405.47063070328403,1.7740816699644446,1.7235981642822793,normal
2758,3769950,3193,UDP,42007,301,181.96711997964962,4.64062956324084,SYN,38.01016851057974,31.82195429165977,827.085585769091,6925.171964523428,16,1356.1567791448645,394.83128613843377,1.1473116129105945,4.21311973770509,normal
3552,143980,3807,ICMP,46703,7749,385.0024000232362,3.8048949687027704,ACK,58.95971798888643,33.35150175095263,53.56843023288348,2735.91148481022,4,1305.5148422461225,17.83860204996312,1.3274545381877412,3.9250915353358273,normal
1382,6501785,1654,TCP,15147,1301,117.5409160254853,4.649954296438267,SYN,50.72788861128018,8.320920297100425,667.9810170173932,303.7541402075151,34,1561.9878218054814,33.344062272241594,1.8571491340926767,4.916547681703443,normal
251,258354,3978,TCP,29156,1866,1072.4140626265425,6.452919541297261,SYN,20.359291437254114,88.7040627656792,54.02985242669544,2218.6281934181484,5,272.25113795242487,279.421169363857,1.9559857648139518,1.8659347186413708,normal
3557,7864438,2726,ICMP,2103,5499,1282.9331680290982,3.3807625555200813,SYN,73.2710878886832,18.27652983669609,788.5789698825813,1930.7582594207722,49,664.7912391170069,497.2685875581471,1.4730737083944612,4.535094698236921,normal
4262,5955075,200,TCP,30681,2507,679.4030686331716,2.250942846528262,FIN,80.34384975458069,63.37494030166451,913.586945529811,437.0888773802689,34,1335.2101394833924,177.73493847596234,1.9729450678812963,0.4461354106058319,normal
624,7973368,1345,TCP,46302,6433,1396.357008811523,5.094552828373335,FIN,65.23051844312958,64.7527923260987,491.9747341762158,3281.022618660581,22,359.7885692396561,178.74366003861854,1.6641928313826884,2.0632156705917524,anomaly
586,2236883,4813,ICMP,33399,5273,905.9336540456194,5.65642872436747,FIN,33.065706749334076,28.833998838049943,806.4963830021727,4797.733481789985,46,1387.4366004980404,75.79620376237185,1.4742516101896384,2.332216852555808,normal
1675,765265,3116,TCP,25778,2813,963.5103463974586,5.989026020709847,FIN,92.75245694652082,98.58043478822363,709.3464275217261,7384.704100800726,20,212.15075055880368,340.4245438323557,1.8225212095711254,2.2099628378552563,normal
2172,6631840,388,UDP,53023,3731,1275.8578424661164,7.173913135362907,FIN,46.08048041151731,7.352455592997407,797.6789392517325,3324.047122376709,39,736.3699506232927,326.87157760706276,1.3657956681261811,3.1292399602713075,normal
435,5669889,4492,ICMP,32177,4219,480.3602973251664,3.5982188448237915,SYN,27.321970053124687,61.179329088160316,769.1074475307286,2025.9486300116598,47,1708.7511324317863,59.64798402578794,1.3392166352241965,0.859337115802463,anomaly
3331,309617,3839,UDP,19368,4881,563.6852959250574,1.5274842736022425,FIN,41.415227461373696,48.47484881826172,213.31420490134462,2383.1357156106933,13,1571.1534517242044,239.03202066349206,1.690892909219967,4.333596336913997,normal
524,745748,625,TCP,35265,6258,1363.6302828322343,7.708440085416596,ACK,69.51543409891278,25.30292660758019,504.56342005324166,8922.653083700974,44,1325.045358931467,336.8667053227674,1.4514386257712855,2.7633024525128,anomaly
467,5088692,2340,TCP,38680,8036,1356.3970692562075,4.045083492062327,SYN,84.74724678026567,17.191619420971698,960.810045255122,2126.7320235319507,34,1753.8709915876923,251.82290679774425,1.2223262242504818,4.522005644586189,normal
3650,735275,1764,ICMP,6003,2796,1465.9000254912628,5.3628025677119195,SYN,36.300974429004384,73.97135145773966,350.09761513567673,8804.482608413453,44,1447.6121339271808,340.4381551137302,1.160267811760918,0.023131903667208888,normal
1004,6215638,473,TCP,65003,1616,1357.665558840423,5.664137261898046,ACK,24.029820154928096,91.71517257363746,970.7822197306938,4526.2800553291745,6,1086.8126999005258,409.97249474143,1.8090583186236295,3.153640686829052,anomaly
4908,9687427,976,ICMP,2236,499,234.6894522483733,4.825595960908425,FIN,63.02282005168528,11.647079933517517,587.3300943193985,9350.564280250412,29,1961.4632507329945,346.04956222966615,1.70831965862211,2.068164655805616,normal
1255,9423794,4277,ICMP,55873,6943,1244.4002148986317,2.4368027081538908,ACK,92.20029491052226,20.20404099849454,466.99530348911964,4140.112149416516,33,1420.2265515997071,311.89597555695667,1.470618402145943,2.530444318129793,normal
4809,8988114,3168,ICMP,10025,3332,644.2657932589113,6.28600135081299,SYN,19.14604299238274,98.64070498226097,661.1798903759401,1859.0610446775918,1,1242.5976359447059,428.2592259028017,1.906604871653951,3.7215845087936237,normal
4170,5440296,3634,ICMP,14272,6176,1486.66196612161,6.626263820128571,SYN,80.49891884763728,2.4872447495495877,817.6807794659168,5535.396299192243,47,876.8540658117729,451.28839825619616,1.4697710771983397,1.143487224200081,normal
2040,6195224,4948,ICMP,34211,3238,734.8073982767615,4.870829102122078,SYN,48.184110967260935,51.3169449956394,400.26607330224175,5918.2953682057705,48,1814.5837473001957,200.55435421614405,1.739265924318845,1.0324481817197964,normal
4855,8946326,699,UDP,16632,1983,853.0623196282198,4.419928124093891,ACK,80.15173789224708,52.095172158099615,42.62463336349156,6391.34410240537,7,661.8472816494864,94.89244498470411,1.9182037476865634,3.5180090105083437,normal
3622,6025293,2632,ICMP,37451,7939,818.1736271223579,1.7975672818958972,FIN,51.0485738275558,27.05299098943161,711.7182349907073,4173.817512848319,22,117.51722900071509,410.7515979639448,1.856643912837599,2.6116151371314587,normal
4430,6194367,2222,UDP,32392,6764,516.5186932945028,1.587661630498487,SYN,38.35544965591971,66.63985916392242,956.6051166524113,581.1532738655023,32,473.8069926214839,114.73902257674675,1.5599942987056212,1.175859099327835,normal
4208,9986461,392,TCP,6307,2162,158.78202889473135,3.376953918944701,FIN,69.97735902075543,94.54914973627436,628.7367837735746,6304.527237200168,14,308.0832346904824,465.185828177052,1.7125727532020596,2.4252529870003827,normal
4807,5319331,2266,ICMP,62184,3918,1348.694284082782,3.1759230886217527,SYN,90.16210216489483,45.571179164701135,196.5303337600186,9336.99852724302,24,706.0881709288369,21.210193158732693,1.4722991990546321,2.303196444828026,anomaly
2763,8742022,3820,TCP,26878,6456,1213.879928163116,7.675595156742899,FIN,32.704921306647925,75.19253103471786,255.76010685929927,9579.830422206729,19,1669.1694871710645,461.4228794834587,1.6824774550647026,3.4603076928024046,normal
2253,2964944,3513,ICMP,11739,2092,252.31383181152046,6.4853591971040085,ACK,46.61406536444281,64.96095566787437,910.6532114450605,6009.165141824045,27,1337.9064021935142,298.69966637991075,1.3317971945108564,0.023278907060204225,anomaly
3170,3949401,1422,UDP,17189,1315,1176.3139934576056,5.619470066813419,SYN,23.71066204295573,47.82124449062977,23.42647464842593,296.881477748875,23,421.0631195440538,389.6236370913119,1.491267902392598,2.9379337261997,normal
1016,125932,1593,UDP,59808,5644,957.4776657733845,4.623536623123235,SYN,19.157536898117726,5.931417680517263,553.2591988087833,1149.7809604032416,45,1598.7612700754432,205.2613676615582,1.2885911638416552,3.0323339710562545,normal
4994,5235259,381,UDP,64681,5305,643.2584924805524,2.171572715086559,SYN,78.01112409682534,74.43323069077026,167.09086874201623,8356.506205117483,21,1058.0177455888652,495.9409830353513,1.1343664574115933,3.73009558456772,normal
3482,8657691,620,TCP,35132,958,418.33066618856594,7.849196705289987,ACK,20.8657475521558,36.961893265024834,289.9367908649086,8314.469932768088,44,1074.1577858247642,121.50019950748231,1.629685865517835,4.447260025516891,normal
738,6851807,125,ICMP,27821,781,1296.6067360782372,3.6252848876814703,ACK,79.53849896211054,23.22497415183967,313.9118329983275,9465.554492156783,29,788.0131438636593,139.52839469270563,1.8779864108157178,2.206547087587327,normal
4293,6281757,456,TCP,48597,7274,1065.272975976377,1.7484792171307135,FIN,43.49248813218618,94.87859632902888,227.0899202609443,5681.36678638145,1,1742.7710931618444,35.20189757836174,1.1230204471608725,1.7191759193013332,normal
3751,6785672,1401,UDP,11608,4769,844.2228687302485,4.456592270010223,ACK,99.50982361736386,77.57677418516904,794.4285420790942,8651.781315237547,31,704.8218773260061,470.83194790010475,1.2764267666563665,0.5205786837813187,normal
391,3878809,3334,TCP,15804,1689,933.8743741527729,7.1179860812915825,SYN,20.536800400937636,96.2645994860167,338.88708223897123,8266.380564250585,27,278.86554527240844,233.45435876335128,1.5141665533433781,1.690810866017233,normal
1774,4877709,1350,UDP,38929,7148,182.04596401916243,7.211037012441306,FIN,10.204821258769776,26.365476284393417,352.0301413528826,5935.265981450291,44,675.1850885466956,340.6776832124811,1.699307135158028,0.35173847557759447,normal
4472,9948034,4520,UDP,22597,3882,737.1836533212282,1.0767614123951308,ACK,8.467873890746066,83.74353943021084,458.47674555652446,7858.011778333831,36,1459.1717379089828,346.84595645679195,1.254106274302898,4.016072824653859,normal
1842,2593316,2949,UDP,51537,2705,330.8654245392679,7.204070213259798,FIN,83.70638246769587,61.16441902193495,903.2723358530183,1344.5343906734672,27,1349.4055849263248,438.50602521851204,1.151025346073562,4.036960677750724,normal
1809,5896725,3709,ICMP,65139,3919,352.1563345627968,2.9003895224990095,FIN,44.339854794775995,98.16886524101875,691.2913017064162,6428.107293113191,15,457.2325917517979,335.8133728167405,1.5671438459542002,2.0920159099009425,normal
3262,8678828,1083,ICMP,34383,6654,1008.8907453159568,1.2728065477789614,FIN,1.309310615089791,94.68537761575207,71.13220712609993,9539.164467738221,25,312.39016829938987,285.3903793290517,1.836838741751578,1.3056097570436893,normal
1039,5439757,4823,UDP,1550,1951,1371.3214201597177,6.934531892540121,SYN,87.60236488783026,97.32383644932753,48.86930182620837,1703.379234550137,48,1355.644940963318,358.05607685361133,1.1317114183814942,0.5989201765068362,anomaly
2312,9784893,3579,TCP,8879,7328,635.4470851936024,7.0470672919174575,SYN,87.81517968412014,95.22499421565425,570.7253372812552,7466.022549820011,15,1385.1159877443333,377.975691511532,1.4144325053231235,4.2576734584490135,anomaly
2532,2665749,3160,TCP,44487,3959,351.236445867676,5.17361755889645,ACK,80.8352507278603,1.7584258221534599,888.1899561099358,3275.779393699508,40,795.6843107000843,101.10469366175616,1.6971632685140017,4.388701439143173,normal
1001,6729926,1615,ICMP,35084,1146,990.6830589931486,5.021036301074509,SYN,25.583529819459407,74.36745560491825,330.0189612405852,8189.328844806517,19,1701.3226287052514,63.73684909860897,1.2176678054922203,1.3387851768031722,normal
772,4000453,4667,UDP,51830,3317,1313.2212172079608,6.691841908349936,FIN,37.90251928665013,27.921521559754535,255.29411061314673,7002.388243686109,47,1958.589887219842,46.67593673792592,1.3123520992034812,3.1125851368541406,normal
3439,9796586,2304,TCP,30506,6041,1135.0622616276116,6.504166868971959,FIN,74.74769629435288,70.79768245970028,750.7091348599483,9269.125150305572,11,490.72592455385126,193.28621231604296,1.5819433794076394,1.3006817873040395,normal
2129,7247813,3672,UDP,17595,4690,1309.6979842780513,7.230738314098929,SYN,49.44595941535094,98.08050892413696,606.0704528051291,7148.160654969563,41,1196.430559841454,254.02011752049515,1.9579085267277963,1.1333818694464581,anomaly
2767,2922989,4492,TCP,32764,6457,828.0042729656591,4.869232133176924,FIN,16.228831095631698,4.8965796791771234,569.3770689332371,4162.0748901323295,33,110.15802510748442,311.66845016203183,1.3586083564193805,0.11582817265076228,normal
2382,985156,4807,ICMP,64056,7059,1140.2205543353268,7.773529649129661,SYN,25.037028188239567,57.131795411495695,157.80818715210572,207.8360914542253,41,1454.803352449946,479.4369146479089,1.5387746790986394,2.8900254937544516,normal
3426,3714543,993,UDP,20166,5445,253.09361107045788,7.973027816533369,FIN,97.28636413840418,73.76036265356016,184.20170547437579,7949.877278031199,23,887.1360157703037,172.08603190143307,1.4599377767579764,0.7582083004959305,normal
4574,9253267,361,UDP,26128,5393,554.9981922766276,1.815812269990428,ACK,15.950298625283516,26.082519439265884,288.969898164784,4143.803169888515,12,467.2115311160132,382.82828551786446,1.907657004827072,0.07173220250599044,normal
1550,1204920,1734,TCP,9649,1223,614.8462884982075,6.946806316878854,ACK,72.88199491114067,23.287071769647103,214.77054533511756,6739.277538865111,2,1529.2216513523147,270.3652336014936,1.1647008776280041,0.5332073100407183,normal
335,3109591,1961,TCP,40223,4155,791.3788320567502,4.498755804240123,SYN,48.32381235929435,6.974205034786219,971.7302975959717,1140.1581643593458,43,1640.2327153565532,117.84406672258926,1.609532832206688,1.575708266023191,normal
3545,748852,1289,TCP,56213,6939,1397.1607223723945,3.7129643680988247,SYN,75.11156429566381,10.298065859639484,28.424906192595788,8920.589495386785,21,311.21635223428086,311.49966027309193,1.8615077292709497,3.349124318657441,normal
2115,9546226,1917,UDP,16950,3792,1317.7300123221528,5.291506169179005,SYN,66.45021087329492,66.01824117398779,629.7957750450308,4413.0121943244,14,177.8919474922646,483.91632736195476,1.9893058193563324,1.0210890361273046,normal
818,5297990,4858,ICMP,32242,539,245.06196381931758,1.3917589008340492,SYN,44.47755186487827,51.01585128416313,522.4228366266839,9204.948164705951,34,734.7490391713228,70.91106663312348,1.7288529477696266,4.4390769070330425,normal
3107,6929655,1034,ICMP,45496,5755,300.54499522957167,4.545227831369559,SYN,36.037171643623644,3.9771505207126476,330.0187235394519,7099.472594565461,15,1289.3818849459676,258.5670846291222,1.4419419280998722,1.4495571678109207,normal
4339,9497418,555,TCP,27404,7924,568.5787969039214,7.096233990186667,FIN,75.68156618125643,96.99651411652381,888.7128249829357,1302.476394770727,21,1607.497101658403,35.288093533758826,1.4706419172805496,1.6628191842240134,normal
2211,9201891,4184,ICMP,58670,6709,471.5786055414772,2.494230612972782,ACK,32.99097941972282,65.9485410793917,673.4609517638894,5834.046472736222,23,1137.5187435978696,167.3959864592175,1.4165139977684875,1.0977061279603668,normal
3343,1822367,2391,TCP,21590,2303,941.4178820765803,3.984729263385976,FIN,78.98937652876828,52.031388332584825,998.3708078099942,9108.351034623694,21,1203.4226749832633,314.0953120210557,1.643251789826258,1.2764886319884736,normal
996,3373863,898,ICMP,57149,4578,1359.02526925859,7.576366214004128,ACK,68.30446356691274,27.99969942601591,176.9693997332205,8019.70854284597,14,1619.730621330493,422.1178986550698,1.7654651936464258,0.37993422162017765,normal
4976,2900033,1115,UDP,34229,5367,1445.3227354252508,3.999946864639881,FIN,58.18924785308372,66.15178959594282,96.98915750915047,4238.006035004875,21,1104.802411015643,367.86092664577484,1.837520807230038,1.4809051877937858,normal
3385,1579315,2559,TCP,44572,7887,997.7242811760784,3.5085734263267883,FIN,37.51128760532744,37.05261842538856,148.0032947916805,9555.13753281368,12,1261.193531429971,236.7998213255822,1.4749337987148547,4.299491123407108,normal
4200,7428210,2000,ICMP,30741,5964,1265.3308420315757,4.083756536863648,FIN,21.303054418871117,70.54692210358647,276.59805790875026,2758.904189935115,42,1080.8129459554625,455.5191509810318,1.7450376520331354,3.4452384615641107,normal
4945,8299852,4008,UDP,51008,502,811.5431903346558,4.636169365622894,SYN,71.33156032282572,68.57462011036965,422.61912165227653,3813.566262851326,46,1772.8706433986376,158.3301858616476,1.9246003328267989,4.377588337289427,normal
4923,6094073,3785,ICMP,42780,2497,352.0740729470576,5.4239394089202815,ACK,10.04357348988751,10.181635717288804,863.9772521519235,7522.170315539303,47,547.4815753116688,379.4518710103315,1.9287423150056346,0.5332464817529896,normal
1531,1350590,2822,UDP,26159,3113,810.7981975355422,6.604849606417118,SYN,97.0836833594202,91.01681012278817,290.75584866559774,2405.755116433609,5,601.5878106269678,242.26442065635462,1.7336261024431783,2.283526987902374,normal
1951,5367645,930,UDP,29188,362,854.869772084594,4.1647154403502,SYN,97.89604354693326,49.21045090856645,916.0908769274054,5202.2072525995245,2,343.1267770434689,450.3315197896601,1.6732119735312825,1.1539818161707742,normal
3501,5630905,4655,ICMP,9977,7227,1126.563468109657,6.722366545630982,FIN,13.892038979855728,39.90154895768884,468.2786115206695,7315.012982031128,22,1656.9868278394013,400.7420826103425,1.578373467972506,3.6088657968751785,normal
4114,3046529,2071,ICMP,39586,5312,368.8303350756562,4.736044629464565,ACK,11.289596974257922,95.59075221924908,650.5993183535928,6475.280884809246,6,882.3768520684789,451.72013404047664,1.2648779013639158,4.851486745382194,normal
104,5441107,4497,UDP,4598,1482,584.050054025761,3.3693635725758435,ACK,41.85895598121998,44.38271883000995,271.76363691539126,1638.1621497975855,44,760.9984876743632,114.98144598161596,1.2112666873448767,4.078643800460936,normal
1873,7104260,3649,UDP,21193,1222,577.8398303611211,5.605655796835899,ACK,96.4046439537897,72.40087077340338,164.45367786330254,6333.6371296655625,2,1964.5625624655968,337.3937117369419,1.5371399061104423,0.1860380520875218,normal
3512,7082530,3175,UDP,60882,1641,1441.187413824689,6.02405578320444,ACK,40.63077902388018,65.85851124773377,870.7623712514687,5769.834235170561,29,1860.9263962355924,371.8470699600036,1.2434997405867134,1.5901318762747285,normal
3129,9859401,4445,TCP,22628,6296,693.7201924737425,4.906342829406412,SYN,37.016408734801146,17.348869710222605,118.41111871496229,5622.663767887214,36,1946.7765960370466,373.7829899884709,1.6192999331024023,0.15261265534811255,normal
882,2898706,2654,UDP,25158,2418,1144.8862525823124,1.3963048119430639,SYN,70.65492084087835,99.12313460057057,776.2810927093524,8277.867146718738,7,370.3680938415164,256.9602207289954,1.6811324572710964,0.21043316498561784,normal
4458,8283356,4862,TCP,50093,3616,1138.6765029929365,2.189180126125774,ACK,18.69439242292748,46.89682790679778,585.1744630160889,1920.5706229976377,16,1793.378444981516,15.512755950496745,1.5730540377680367,0.4067813677804253,normal
2856,3202473,1055,UDP,24226,7727,435.0390679647,2.9970840462315973,SYN,36.969024873801395,40.083474669313546,862.5264038620604,7540.50327173013,33,724.5482388361578,138.10108409584672,1.1327840412613523,1.388871375563104,normal
2540,9488265,3566,TCP,1708,6669,879.2110495890115,2.978379241660452,ACK,29.83943718117429,92.04173578256979,720.6402279771953,7633.16757557731,33,124.04786340253878,168.41742875214675,1.151955162922099,1.5279718105142746,normal
377,9315823,2691,UDP,63628,6247,1346.7391953120398,5.713945601728094,SYN,60.55192764043199,53.3945953211339,288.8474610904264,7254.189851850597,14,843.4668383678306,427.4979424680631,1.202007066213337,2.008263031042092,normal
3360,6508660,3209,UDP,38025,5108,739.0366932125767,1.128440631715428,FIN,17.11253573520222,70.80261923100193,578.6833212847034,5109.086303439724,43,1067.4730709623134,422.0340503810679,1.2382812244895052,2.030606161386818,normal
3350,1450991,948,UDP,50753,3555,1420.4203856466918,6.289772439346639,FIN,55.321424305017395,84.77835867893909,22.942883409392813,4015.833602603601,12,305.61880477807017,61.293250978513804,1.9908943523923999,3.8593309690974733,normal
3725,6040523,4953,ICMP,46789,2897,360.9644325200343,2.857397323648532,ACK,85.89711240374764,24.313945176727316,480.4661589487047,4007.3038847215075,43,1121.5874720610868,475.4195820679162,1.4100455151768103,0.7156021854587099,normal
3104,5354966,451,ICMP,9031,7024,157.53070337234456,3.170152923512717,ACK,51.902884124052584,17.777191934258422,95.15349921631531,7364.7062680281815,6,1656.98080993579,99.40416845923058,1.3627760362771575,0.7971256728632459,normal
2193,6748741,2560,UDP,50403,2410,1342.6081160598865,4.69536879560747,SYN,68.66616509271043,7.782173753509591,434.6555478322264,5029.177355570426,12,817.5368065944685,213.03613113745135,1.1470399720978062,3.136679367844448,normal
1361,5169554,4235,TCP,36120,3371,1279.1377370452142,2.5114792065727025,ACK,8.449553750115355,89.81619662536046,118.51568991869043,3450.493869886176,31,770.0251324151742,115.42691339427014,1.6717883516170369,2.8629933394405582,normal
3241,425528,606,TCP,52907,2933,1489.2553201040748,7.191299195028693,ACK,45.45155234545726,20.836342379571725,955.9250088759609,6292.149875612684,12,743.7397984382872,431.56290972638516,1.6869717066181527,0.778483480355741,normal
2588,7991001,1515,UDP,42811,7450,1035.1205577630178,1.5975814552859569,SYN,10.394423576149345,31.467650362374993,527.8372778336505,8386.411478979866,10,1853.8794471790147,377.20699561106284,1.2579038206207982,4.262799490001056,normal
4033,9001789,871,ICMP,50606,1209,1408.1974936673669,4.110676536107454,ACK,60.34670590287903,29.294885681816158,914.0858054238769,708.9365375659894,40,192.6403877013783,183.22911537502395,1.9273173868321518,1.652006476365025,normal
4597,6451219,2650,TCP,10279,2360,1249.0760863719606,6.94595588618423,ACK,28.82438274620803,31.154210764717096,32.14256073610819,9724.155881937233,27,945.644669786615,344.12052675276715,1.8204441919356147,1.8411670692369861,normal
214,1651824,3741,ICMP,33286,3600,1274.418183024126,5.3109072609486505,FIN,29.439317268183046,67.13805155604312,641.2767510430789,1056.8542018608528,7,602.738962884462,100.33977324405575,1.3072873851267572,2.1080958033645967,anomaly
4327,5266481,1561,TCP,19117,1623,875.255277158689,3.046306610898434,FIN,8.599906977353092,95.4572423153133,313.884956907354,5166.20739495889,46,1798.233348236239,197.3255752642408,1.5372647578248837,1.6202823349872895,anomaly
872,6703692,3246,UDP,6806,3317,604.4286669792307,3.9453214544352253,FIN,31.713548282632704,33.6158901597965,437.5107060055839,5646.074485974182,36,282.49930080922746,194.782718285673,1.5125517705789648,2.791700710840406,normal
993,8528835,1746,ICMP,2258,5309,1405.1092051877586,5.946860662397603,ACK,51.16104053360264,41.35706831121099,874.3565212625429,1468.2859830773468,33,881.7412566927806,126.58897404348492,1.4136683999080888,1.9493521385594106,normal
4475,1774055,1459,TCP,58669,617,676.5699046430469,7.812825203547296,SYN,58.88135021400438,77.3435514267525,980.2208838111574,9164.378154875027,27,872.9506888590628,439.3929042956124,1.8358712415430518,1.3045792824669853,normal
824,5193859,274,UDP,38997,664,831.2880825120201,7.251971028656034,FIN,7.599889576306507,43.8014564745809,254.02703488901884,4767.52406519569,8,1787.949393339343,342.63441038477185,1.198338037059036,4.523329589876764,normal
2248,9081745,2669,UDP,35212,4563,696.8657453315222,3.3970296586766375,ACK,65.49445938589095,92.6782340246787,948.7707524997686,1516.8930931578939,5,509.43754557784195,147.17026217626164,1.4737828158450135,1.5486701932993723,normal
3206,282854,2731,UDP,33020,6853,868.9865552422858,7.987385155015002,FIN,49.39870031459596,50.81858702377644,691.839679392902,7144.962788192931,8,1325.301279573061,128.63917270822827,1.4852280174942953,3.4954597380894215,normal
4292,6663314,1472,ICMP,30228,7165,732.2323645388744,1.024532644717408,SYN,54.15389278350924,35.425750720597925,951.899775213698,6667.7030179018375,40,355.3716410867993,18.797200789627134,1.5218530441527618,1.742661584080912,normal
3745,5831395,4262,ICMP,18176,2922,119.55295994024002,1.1934082906589056,SYN,83.44687070301168,97.18567588969269,566.7433286349979,9632.36914083633,21,1912.5538567530311,179.82530435825376,1.875214991988766,2.1817477345185847,normal
3502,9049935,1455,UDP,56210,6665,1328.969869711163,6.766883606198357,SYN,34.88041808518179,43.15240573035381,961.1487221415559,4471.011614408708,24,1226.728422617343,268.1179288245059,1.2963501831813513,1.1873581817726448,normal
964,1658153,2308,ICMP,43388,783,694.3710374278662,2.396238807831364,SYN,18.231060025138436,23.886312247616218,893.5309035659593,2751.1801343311176,7,1289.8877876092736,146.07836153510445,1.1926308561610455,3.7641248007423984,normal
1358,9874863,2935,TCP,26043,7714,903.9682903356556,1.425384878773686,SYN,55.629207394988455,18.59238066416376,137.30582381319158,693.9406623230946,19,924.1694631548971,353.2245554505873,1.656027616538997,3.688644224617003,normal
4227,7084610,1642,UDP,20512,4850,251.8223139990812,2.6600365126555157,SYN,94.55716983598865,99.52295125700424,317.6820278307132,7357.903098294667,31,750.3371540660123,211.75726921552047,1.2564510274802425,0.1209773295824199,normal
563,7843680,2384,UDP,38147,7566,54.912379574826744,3.9827010778660217,ACK,52.26909229893199,75.54578161975607,250.63255959738677,6211.049123381182,36,504.085216040265,164.99574013522724,1.167438877269158,0.31036826110344623,anomaly
1970,1807684,522,ICMP,20713,7388,405.6706357832823,6.113963893033834,FIN,83.35930523783114,41.457319948062896,576.3783327897545,9728.84726551752,27,1247.576732281292,470.1382528072623,1.4839842985139482,4.6126585091772485,normal
3644,1810858,225,UDP,51714,1662,1071.6497465933578,5.370348685858438,SYN,75.94617339164228,82.80997094236682,804.771437190866,7150.433300055962,29,1913.6673161616523,138.77242987118814,1.297681787772327,4.445245967716875,normal
4891,480083,3341,TCP,29530,2317,193.83206866367397,2.663348522922943,FIN,52.314747913973314,55.133806821934016,761.8173324180124,9338.298651388339,23,783.6028127755658,205.1462338473616,1.4250949569811853,2.535375091964866,normal
1459,9783924,2182,ICMP,18739,7596,1367.8867885603784,4.522893136704091,FIN,65.10792298768882,32.421567789693974,729.4816409606419,9916.630068317847,20,1777.9980884579031,197.32248637517824,1.3337399720922118,2.4718533838760988,normal
4852,1902740,3163,ICMP,58344,4716,361.78272556646766,7.483498737789981,ACK,41.26133822556919,74.59519506485998,381.51222697823,4341.46832790359,6,382.6749944097744,128.18718937891168,1.1833728164510742,4.063996630175125,normal
4616,5649393,1716,UDP,65250,2192,346.6607407230749,6.705054438886304,SYN,53.53224022062218,74.84357914943203,148.24051281154968,1587.920632355843,12,1878.6394396754215,116.56360250710419,1.6043124826317814,0.7008662329555463,normal
3240,6285725,2116,UDP,57115,2180,313.1865443511685,3.2623284938225536,SYN,51.22128977377283,50.51675368922936,218.47771809231327,2038.9226913423106,12,765.9239394063454,158.16620921856776,1.1243165762355372,3.271958615516336,normal
4541,7753950,1577,UDP,42053,5096,70.27348380847889,7.875851929489874,ACK,71.20192593281952,5.470675695194141,744.2606850518494,3251.9147088119353,3,821.4817020273567,433.47572326627864,1.9697378131949597,2.385155142491425,anomaly
1605,6710914,2218,ICMP,14789,7324,1169.1179292934403,5.960342803045917,ACK,41.58815061627199,8.625226170793095,156.0589956689676,5138.068093956101,42,979.4002883652237,385.87061474235236,1.4071974695614697,3.7192218362849583,anomaly
854,7396873,2341,UDP,22966,5898,1318.8000703056248,1.4371454896674725,ACK,10.876945139591864,79.08619842112586,230.7172378841859,1311.9579940239262,39,1464.6641129005354,343.6897619384256,1.7256417594408235,0.16021292864683237,normal
1329,4585946,2163,TCP,39736,7683,940.5359187934883,1.2461249930204708,ACK,79.08224275854866,82.52416122283311,430.3071263447563,3087.006931366833,35,1467.341524009167,233.98046639482178,1.829326585292705,2.9677004931224533,anomaly
3627,8344199,1138,UDP,61803,3769,322.8899734358003,2.17885564307021,ACK,68.80044732949254,68.15068510914105,81.39130638058835,3147.1590890908624,19,1011.218310967364,258.7994524699757,1.3511943159855997,2.788073793925632,normal
2951,4302400,3520,UDP,40918,6313,463.65309556427565,6.094991076351027,FIN,95.06222209027918,84.06778896635062,220.56514016242852,140.44798415065677,45,1093.9905086964782,140.89803429179557,1.7738648381990614,4.205833164650035,normal
1437,4642094,4333,ICMP,50656,2942,740.0937111791968,2.286172480896995,ACK,43.44290140893842,72.2292595654036,158.2704460678242,3606.270522697288,4,157.0199267708682,46.41479777959964,1.8491787698822386,3.387413124799589,normal
4738,2708184,3663,UDP,39055,6506,1433.8016298537862,4.580407384461834,SYN,8.742360034198377,89.79652743038268,951.808565082722,1249.906780838247,31,678.1637329608187,172.2098727930363,1.3171855104304522,4.402000188394231,normal
2811,7874491,2375,ICMP,21502,599,408.6594891357271,1.652820841265822,SYN,13.040279649961054,15.889428988714752,199.61062668944024,4354.142658657653,42,757.432441038158,252.83604043625942,1.9932452092064654,4.437493874996369,normal
2729,3771771,4907,UDP,23575,3824,1110.8865606838376,7.4462031048113655,ACK,77.55863477710471,39.38641130436047,863.1520130686898,2045.7137002971162,38,1161.5818105789429,38.0833927944729,1.1186198145578805,2.046738364489592,anomaly
2156,1541724,2931,TCP,49092,4898,687.1999237747344,3.407724295084973,ACK,7.707970995081592,46.9469685951911,123.65020935394232,8238.93097296264,33,1160.7695580054785,53.23431800798216,1.295300432211987,0.6957963274215475,normal
4273,5876293,4577,TCP,29096,2388,481.8786551220316,7.356924395924415,ACK,90.87478834799926,30.468715681063145,870.9764009794823,897.2009924608532,6,1448.809615682959,138.88236411343794,1.8020186806492937,3.1551154425527184,anomaly
4881,1966730,1089,ICMP,36585,6985,711.0781086820649,7.61412949337381,ACK,28.88336101822335,72.81127836679497,603.4394484107349,8670.038271040181,8,1462.3518628143538,189.86938306045317,1.2747179225501777,4.369993031058467,normal
2818,7344728,3521,ICMP,3916,3952,153.24974043478716,1.0429005311957655,ACK,89.98902501735316,91.33144245622488,851.2088639923717,5847.213493693523,28,546.9003760029577,202.72523744816556,1.7284338769755858,0.3840171875318561,normal
4003,9065281,2751,UDP,34990,4647,1208.0966878490256,4.2489463103911245,SYN,77.57717803129367,41.835737727658355,868.6752016519839,4640.542565663739,15,1563.355587099167,67.76417248112251,1.8699773644846132,2.7940371326924742,normal
3236,7098037,3030,UDP,25419,3380,402.7877955753023,1.1725923899482502,FIN,87.24890259287731,94.21265449519869,600.409795360735,5542.448937249711,31,137.2467792879359,120.6524637220465,1.9632928453708343,0.5838476380325215,anomaly
3330,4063224,238,TCP,19780,5628,1101.8475786298072,7.360849364120341,ACK,22.189929485226607,52.16012180726161,918.5172118610737,3823.4803788589256,8,1460.707580752769,138.2071535111683,1.5268227638602427,0.14470999885845776,normal
2623,1095316,180,UDP,52068,6655,149.10513859988237,4.62885281314203,ACK,59.973656085543254,52.72904705478906,589.5938085697767,1363.3578594202563,6,293.91609668690387,43.141089338610634,1.9739982106839058,3.401380416164759,normal
4666,4301915,304,TCP,23198,4727,1434.8929064402448,1.5246080888894777,ACK,10.265324075169836,60.4217345270979,715.4394270995915,7682.210176259421,29,1486.331596000316,169.78885328895166,1.4704600670135108,3.412429563242098,normal
2649,6761403,4294,ICMP,35675,6415,329.871728838263,1.771937097935968,SYN,21.02579598639822,27.56477544681321,421.9196723971443,9286.324741954513,46,1101.524372079968,45.38857065019854,1.2963152357069472,3.0072836445318463,normal
4083,6621241,435,UDP,55643,6121,1329.9760105002667,3.6845631714491733,SYN,31.680320506389577,38.952691394368664,914.9270175262775,9505.669468886661,34,930.7835512978751,354.69434312373835,1.5625296677762528,4.2975217914699675,normal
286,1637675,928,ICMP,1821,1120,1223.73615394238,7.581639350110226,FIN,74.34044655949229,55.77050783566397,825.9209135229064,6740.04391160517,7,1412.2661405467152,199.16340561308212,1.6848409198803433,0.41357343456945705,normal
1354,9096281,3263,UDP,9233,1690,1453.3968899180531,5.850364060976566,FIN,3.4467235594598478,94.25630567175291,175.0459805007582,4162.439522515006,40,169.10458411974216,170.1086707954036,1.5121669844449495,0.5352487058768092,normal
3480,802849,508,TCP,42027,5531,742.9414583713369,7.073332063323927,FIN,90.40861100434151,64.62656526706662,580.6239717026517,4835.763626537315,10,524.5936187835989,71.99586403676739,1.6102751995701126,4.324031835517442,normal
1351,1162068,2819,ICMP,50330,5551,1104.7260760766296,3.5651965243798576,FIN,8.00954785757925,33.97853923098224,897.859055796077,6603.960400194224,13,1271.2362706885426,120.98679116799894,1.4747682689544699,2.5213508322324527,normal
2591,7371131,4971,ICMP,22370,2240,587.5304527047869,1.3024958968499882,SYN,38.27252933911809,2.036388758333761,795.1338487223614,8248.417913432644,22,1709.7092725985542,124.02555238017057,1.5722857586191248,1.3725335161028038,normal
2101,1036891,835,UDP,49049,4990,317.333945128556,7.820223460430899,FIN,9.027873204529829,98.18489934306066,962.9272528547117,3808.214661676101,21,824.1045101957222,492.75006528791846,1.9573361047519056,3.693403320146584,anomaly
491,754494,3789,ICMP,29048,6364,692.4601027535008,1.120210934636587,ACK,77.127816467234,49.80547122402115,238.98867007811884,9176.134125333001,1,591.6467980037585,419.32119595916174,1.5498480372826988,4.473074575795966,normal
2126,8812785,1868,TCP,30438,236,290.3360723132596,7.633561571567623,SYN,14.990182366872922,93.91102067474633,373.78503679917327,3310.2943338130676,41,1085.5992279990892,17.478522900381495,1.3278616695283343,3.4511203981527814,normal
3230,9032370,2128,ICMP,54256,395,1473.9647030402566,3.580741966944013,SYN,88.5909341159833,55.38517814967023,512.11996913795,5355.511775739322,42,1282.3989795349987,312.24992947655505,1.7828719593613136,3.961743657425461,normal
2707,7612432,155,ICMP,41842,7907,189.55741215403873,1.0706328351531706,SYN,53.49197667256108,60.941021162006585,240.3424783269923,9617.481820352576,2,898.1957596709183,135.39594724674265,1.4038260120033945,1.4196612285740107,anomaly
3848,9157484,4575,UDP,6971,1629,904.3569990062996,5.824100622071558,ACK,94.89880912608422,71.47931333449324,400.10480263693086,9388.169262713542,29,1765.7502970535345,61.14469512159629,1.8345864537392518,1.4509890434586068,normal
854,3705697,3587,ICMP,10641,4126,958.372590118381,7.863782128219479,SYN,29.745730368011337,32.77659763277615,542.1638123800891,6987.876386324718,11,1094.5335468340254,355.7438839286798,1.1511577900854968,4.321978162969615,normal
124,5278420,202,UDP,21728,7986,830.2153371673786,7.7593800598631475,ACK,45.97729903596071,70.19941210682842,199.42581097132725,3313.1459253025864,37,168.0648163841115,74.48671923949112,1.3989601793978221,3.0781656147895244,anomaly
2225,9595792,3898,UDP,62680,3859,1010.1695342821587,2.1265590784169293,FIN,69.73044927062821,53.152399075286986,264.1209405155548,2268.446828521635,7,523.8025139417617,227.43298196957048,1.1849239174345756,1.178472130851945,normal
3974,5328580,61,ICMP,62007,7199,218.46212376724188,2.2687346424630848,SYN,83.35941794452509,67.57551500866816,133.59407481070653,893.4192178020878,35,956.2293587438477,319.76093077156287,1.1767860418212484,2.625567459156439,normal
2139,7273003,2420,TCP,29726,2959,854.776860097672,4.958772402337621,ACK,42.71435168681507,83.74749283007417,716.247595786891,7115.678606919915,30,1425.6784861321735,281.70243051594446,1.6925506032551936,3.432443752646524,normal
90,1761511,1830,UDP,2916,4082,466.45822813467424,5.461133784998271,SYN,89.35082129438925,19.23868389692641,367.93640727077167,5084.161870620153,16,517.5292632059188,489.03825816834404,1.4468013212182467,1.100559915441432,normal
2131,3542815,2974,ICMP,30778,1633,1413.255291786532,6.175925395661059,FIN,12.68073362411513,61.74154012324021,228.0634916519505,5765.648170048147,15,1954.8891354631,395.01388043003607,1.8843310477866013,3.2779829769566025,normal
4733,8435610,2531,UDP,64379,6598,1155.0038974876022,2.2673525233050325,SYN,71.15978716219945,6.1590215323738216,512.2509076891429,4776.682521864805,40,705.2606905573587,389.35475430247,1.5647646240861763,0.22030280059066126,normal
1672,7390844,1879,TCP,59265,7871,1460.145999131627,7.713049607351041,FIN,35.47169923915238,11.10939380595465,77.5668126283952,4881.169692377085,20,1111.7123930351179,184.2417430997053,1.3658088990550545,1.5254211987907644,normal
391,4611146,2578,TCP,4448,3699,104.45630112327484,5.471174794024665,SYN,11.0322129291271,67.78482933782311,924.1725402552108,5755.608830129156,28,136.03613098897824,14.113791121229433,1.7487999991659753,3.3731193405133126,normal
4102,9104947,1877,UDP,65446,4933,463.4431040120276,6.929328432093884,ACK,39.27979112339838,8.022827529023626,301.52284594569164,9151.193861142774,37,1781.2923707185282,369.86135553863727,1.6616151124271297,0.7552518367946088,normal
2124,4140289,2748,TCP,62908,7560,333.36275062560605,4.780460006989203,FIN,88.14134682407122,59.940420201583414,887.5997047020235,390.7263647336722,3,1598.7858416978486,499.8687213048795,1.8196351587462831,1.1187731629060695,normal
695,5352826,3279,ICMP,43242,1316,66.17415160215423,3.899937933129178,SYN,98.07285325757536,22.78124726648716,502.6438646714005,8036.204117774308,29,471.37020816162607,208.88076279437163,1.6792294487076966,4.396675518888363,normal
4876,6391459,3209,ICMP,14442,7094,401.37230885716605,7.840280346164972,FIN,39.88718585294778,31.10439802266305,851.6489927335341,3966.1109795268308,37,1873.1497133557014,492.9040644889875,1.2503120753890282,3.3748622861637263,normal
4313,1785006,2589,UDP,30910,4016,1034.2251761046218,5.074849595738852,FIN,88.75522239283113,13.834013712595212,254.59379638174806,7474.7502461016975,9,700.0955512150688,79.43697367182975,1.7032790339003594,2.499604364180802,normal
659,6073310,4015,TCP,35807,4806,385.0789370951244,7.068115079594253,ACK,51.455787207945946,25.61808113111109,183.5178962203255,9490.410659519128,27,1415.1539479222224,155.29105230199153,1.4523942778542294,1.062358026715987,normal
504,4914478,4945,ICMP,24081,5715,788.0549959497964,7.673046774564029,ACK,71.98448872873021,82.30788669711347,850.91768520248,3132.241235910718,32,1656.0550042315397,93.65619655381063,1.5168287272318113,1.7136341863454678,normal
3003,9018497,250,ICMP,56208,5648,1337.336266699248,5.727482389060615,ACK,5.491770805108495,64.24896215504623,220.7946435479938,986.5909037636094,48,1507.7374763506436,242.83622673413973,1.9294081181636102,2.875909186453922,anomaly
1758,8304143,3450,ICMP,5857,1175,1055.9489845061591,4.842570749630725,ACK,56.173885226418314,95.02621967657262,748.7333958065843,2399.754519517764,46,1843.4072896566981,400.520886738538,1.4239676416679723,0.7850098435842956,normal
3522,6354300,4641,UDP,10918,7018,622.2121513637463,1.0245759563745542,FIN,7.946031684888053,5.825740680021773,351.1379567130361,2298.71902801437,39,1742.1220446473462,176.9242288535974,1.6507632286917548,2.4139029586919625,normal
3019,5969333,1417,UDP,49734,6063,590.0799614225571,1.280137485173042,FIN,27.59317775228613,79.4487877212228,750.7117891708098,7444.309232856514,31,1989.7618767740591,454.05217920441703,1.4271335600710158,2.0507822267487317,normal
3078,9315387,3512,ICMP,42857,4899,710.8169303123028,2.4059585123578144,SYN,57.11461826099919,70.20864114466303,908.5698033284469,712.3959990786619,47,446.9616838946765,276.9669025315947,1.1852547368220125,2.388669833723815,normal
4847,6211958,4048,ICMP,1589,2386,306.71008953686425,2.302059022991967,SYN,80.90921287574638,26.828338214556066,981.8220469744202,604.2424405717643,26,679.0474223307301,238.05796273351987,1.5081728078434704,0.5367484981886942,normal
2731,6602457,92,TCP,41204,2911,969.3011127531828,2.7833115663989174,SYN,56.52847073658715,73.18750357824787,366.2113824959471,6966.725085389976,40,1308.829148120097,395.6475626756854,1.6373553540136867,0.5414204643546927,normal
3679,6680155,3778,TCP,19426,1992,578.021587701678,3.134542463883626,ACK,93.68296257040579,71.93830644154741,373.85057629414075,5611.5248802726355,3,1492.789653194009,59.70731355047444,1.466752962833839,4.820913654204143,normal
4275,5738580,960,TCP,43869,5992,1285.9297564299634,3.5204584548550977,FIN,81.22291825000772,46.47517510281564,981.573859417006,4235.8986939477145,11,1115.7496036558473,389.1387108932306,1.451599566210366,4.897044991286595,anomaly
3117,5526724,620,UDP,11339,6784,1147.0013570838337,3.9437638304821356,FIN,16.46777446440516,69.17532226651718,862.912848995058,5796.147229072747,29,240.46389328456834,129.04648008468507,1.8383406625049572,2.1365616429799728,normal
1436,6026095,4679,ICMP,13858,804,935.244087933632,1.6920643691921027,SYN,39.5068900771658,45.01350939849146,54.641052192264254,7378.954269089526,27,1699.0309309207257,147.5981481197864,1.1267166550605232,3.9470873137176783,normal
3826,226391,3615,UDP,3338,7355,578.0932228417983,1.2965335236694742,SYN,67.1800573033711,34.21901400972934,577.7154863642552,1124.3665897971152,47,1925.661276440417,303.73234892683917,1.366026857066108,3.2823992203461536,normal
2916,6699541,4564,ICMP,38204,4512,354.40115592655235,5.717611143511164,FIN,93.90219712931973,47.1826050733547,189.43232383295393,5577.535518211331,10,870.48200327015,451.9478682726405,1.8305815388394904,0.593415104545761,normal
4838,192387,3293,TCP,4907,7367,1175.4202029531532,4.761343773901544,ACK,98.78387100572242,89.61781866778634,994.0724107322864,8261.726645851624,35,527.1437152278074,293.41940538772377,1.9284771337500475,1.490426500100142,normal
3413,3633632,2183,TCP,45176,1101,755.2931935370755,4.109009415540838,SYN,76.55545735831791,39.0737954931616,147.53378224726396,3688.0487887252925,47,136.6961344279663,327.9851809092986,1.4710696272567456,1.5751205291361572,normal
4939,4609474,3494,TCP,11075,5619,375.88755535716837,5.441079588178466,SYN,57.80316125235703,40.96512956820972,563.754136417438,7653.878077464126,23,550.868168577812,390.53134890658436,1.8999148188764687,2.982914429947527,normal
4174,9763681,1532,TCP,42008,2053,333.00319180800903,6.793755850424784,FIN,75.9043592840612,61.23191953458297,668.5463863288913,8469.66630755044,6,1429.8456721930022,137.0691319063185,1.2790371099125295,2.904083794449205,normal
198,2536394,2611,ICMP,12719,1634,289.8313115269706,3.9938503638134324,FIN,28.050405526930824,75.54694806792851,937.6940081075157,8227.198999019325,11,1832.0198365781878,415.3444996740298,1.2992843610741553,4.6183083815767505,normal
3900,5597526,2667,TCP,62623,4575,1176.8837344981127,5.487836255363856,SYN,29.07669969870364,73.72746517080449,848.785728527745,6538.528379660026,43,277.67482622035504,214.80047304290338,1.8615722389263232,3.952281206741607,normal
2108,9814271,2169,ICMP,24147,6224,382.03141868545197,7.675005566846111,SYN,65.78058527006999,2.9600742816975676,253.29722361450519,7201.7107321249405,27,1151.1924556076667,96.07128981066963,1.9129319672065563,4.2856698463688385,normal
1186,3292070,2459,ICMP,59505,2436,813.6312821115364,6.8773714710309255,ACK,87.31172206359113,69.05411796886646,576.8977117795795,7897.984289076331,31,1421.5093721724816,181.55785893595123,1.3005251911664009,4.457230781918937,normal
236,687268,3840,UDP,8926,7308,704.7422234109318,3.9820056735168663,ACK,97.01113942845902,45.604850761793756,954.0382183268244,7363.722164026557,30,625.1235601019104,130.60424474193042,1.15339177097175,4.008370596049352,normal
2904,802955,131,TCP,46979,6882,890.4358038810117,5.513017864703201,ACK,34.79212548229061,52.88490678789129,738.3596786338883,4571.63360663713,3,1182.8043744235738,122.06966651646647,1.181291723349759,1.6710774926749674,normal
1300,9500617,4378,TCP,65013,4661,1321.8746055382317,2.2394964534115784,ACK,79.8588086870307,56.60467035735494,691.4529848960948,1675.29733443236,13,1458.9720094109684,148.4559673723914,1.3352427518387269,1.0829147269591552,normal
1383,2014148,1327,UDP,18597,3673,1308.2337156185094,4.923655294265629,SYN,85.30154972346187,73.44024209371827,757.352068488345,3166.3329388667194,40,1691.666561957216,98.65609922362385,1.7853041694321155,2.8631190167250242,normal
4243,6836735,4503,ICMP,57332,7204,704.0603041460465,7.8692980379690995,SYN,62.694151060107885,83.30196537722298,329.2811270979416,2151.740966196376,21,959.7497165579637,337.173860970495,1.5589926450166547,3.4509458991020603,normal
4200,4468223,2528,TCP,30398,6659,72.2810635653488,4.628205806417656,SYN,35.41159634074653,64.97983351859136,731.9597467092038,3678.297127817522,43,1520.9287159460252,294.1959609472074,1.5100299580184928,1.9389741651261976,anomaly
2761,9909201,1240,ICMP,57518,516,668.3435182857396,7.493468094331031,ACK,62.2897679621063,56.82681485979412,240.52620393244675,4944.377693806039,11,673.3876463057144,327.73652756187994,1.625725938049401,4.243209863322906,normal
4903,2445291,1143,UDP,13312,524,928.9806292650036,3.851344443522825,SYN,58.860441526839764,38.003156226457484,433.82174319867585,9594.562050169036,45,504.7888188671014,178.42511467579862,1.9012008021159676,4.803227298161737,normal
4551,148745,1311,ICMP,48002,7719,858.7589006921896,7.991913790292418,FIN,61.0460250738526,14.649943703962807,891.0295290166214,9598.6816703937,3,455.8961175722681,387.1693672612817,1.1813873416090919,2.8512846734253863,normal
1835,3793824,4044,TCP,7908,7132,994.437353410298,5.054540246592905,ACK,62.30676116498442,95.89919048284153,28.781435025844193,7718.92635707688,38,781.8581904688798,73.50828306754073,1.7252517148729232,2.288394390458929,normal
800,138686,1920,ICMP,53333,3406,273.40981208597105,1.295882959651542,FIN,84.85876089629781,46.72238694020545,420.1754637498232,9803.388854797071,31,168.17139539881316,289.8569876360665,1.9341117610898646,4.216006713543164,normal
1812,5251295,1515,ICMP,11583,5208,987.4758932320622,5.107283576839716,ACK,17.838069813465705,57.05501220524194,274.153549071669,9980.356576662145,24,637.6844915639745,144.97195640077223,1.29201503758256,0.13110503947703944,normal
3970,4152923,3195,TCP,55696,7914,314.8448471784697,2.9220088697571764,SYN,37.36210081390164,75.3562408042053,206.60372032867332,8864.04180320657,42,1339.2233664421335,268.5288513418296,1.853995084365651,0.6537729530128978,normal
4510,5680980,1926,TCP,62845,2228,1138.259772010286,1.227369254251263,ACK,59.014171007720435,7.772638013003086,840.1896672577872,887.0854737407666,12,1331.0461896042598,168.5822158677172,1.728222239683552,4.229831718441276,normal
531,5150534,4925,ICMP,19149,5753,541.6770392308861,6.745973132862643,FIN,29.049446122551014,85.64608989136941,699.5335871165283,4317.836624296193,46,239.75223233383335,397.3507648947347,1.1130216824658303,3.662822642383482,normal
203,3315344,3558,ICMP,4712,8075,1079.3483784031077,2.9301074588652916,ACK,97.83715908631989,79.90554859089833,121.50639320736694,5387.787812150887,43,646.0896724531783,446.72320103066636,1.3084505123259154,2.0865221240395866,normal
1574,50976,2767,UDP,24893,4833,119.40511841385528,6.575839878325489,FIN,27.05187570063059,77.66842960907427,499.5186932361775,1328.4175975949097,27,1182.1595628880511,373.8647994520993,1.6452602848062927,4.445370770044781,normal
2170,2523620,1966,TCP,47906,3236,641.3970371068244,3.0175230806910687,SYN,47.493259183594155,3.1762879667064303,472.23671410884003,8105.443209706938,21,705.2490612558954,96.03601929613093,1.5521603055420905,1.7637768553504818,normal
2393,2028320,188,ICMP,39161,5708,1072.3000572818323,2.36028447711642,FIN,87.85913952559376,53.12536628963101,151.10251608911443,1571.9658079929309,25,894.1772459588597,144.68478021029753,1.5751426272741793,3.1728883357559177,anomaly
1290,1813105,906,TCP,55820,3686,378.9622486806665,7.817549018730992,SYN,8.926302603362398,6.372568702511248,801.7650739812962,3894.954876390541,30,1454.3404385199517,460.48545210402375,1.3087373821461405,3.1753290069263205,normal
110,5762703,1561,UDP,45730,7156,1203.1662149559727,3.5315172942851367,FIN,82.24811220733093,55.53638530588183,373.00723173965775,782.2305812860253,30,117.60697596759708,224.23786255251864,1.707503123637764,0.9298161441450388,normal
988,1948238,501,ICMP,64042,1428,964.6306130021513,5.209633480102124,SYN,57.52982852849233,72.12638429929672,764.3183974087905,5293.471570790564,10,625.147733768018,471.17840058114075,1.3397765338430994,1.4314101634586496,normal
1689,9785404,70,ICMP,59265,4384,901.9645696172075,5.269870449701301,FIN,4.148402041147372,13.063174775583866,200.14198893139033,6010.710323663371,3,370.50726319153165,202.30132754251073,1.4504914698306086,4.580874544253468,normal
4170,6331034,1087,ICMP,5047,4097,562.6458385962889,4.923314375214512,SYN,90.38837630471015,69.79342744225157,321.922726997694,7378.2508165907275,13,342.4574472525343,476.3695836894252,1.4320243242920687,0.925240120429151,normal
4276,4810045,2905,TCP,49774,6062,749.5546320526205,7.402870204648503,SYN,4.880486710118561,45.50375175254541,104.21923822563922,3460.668737961235,27,1922.1764112497694,463.6121039893322,1.7048225199079088,0.8761373630196464,normal
3619,8598467,4170,UDP,18124,1497,916.156486417887,5.721087499568079,SYN,52.00656183085799,81.34374013710418,152.04447704815212,5946.261846071491,18,815.4646299685937,333.65817609344197,1.1812274855148956,2.4032812139320314,normal
1302,6403891,3693,TCP,37759,6862,735.0700651765911,3.8261310287345114,FIN,5.854093390202431,53.825304998649806,884.3516554492056,7368.058662638671,45,1101.4683113283158,14.325253746136392,1.2849877109361667,0.47006486750682647,anomaly
4253,7032845,595,ICMP,8447,5657,1062.5543197138122,7.036662691669918,FIN,8.048809748975316,34.27603204763023,118.02151774372176,7644.147974209238,24,1494.261585432302,206.1639941682091,1.2804473636165612,4.474184683032023,normal
221,5395418,3970,UDP,40242,4980,678.8605530050913,2.2674402938117506,SYN,88.8332271115313,33.86716477894715,104.77389521308376,3086.2542798553673,46,190.15020223409536,456.505213550842,1.1975822067041393,0.5097442001792307,anomaly
1508,46475,3780,ICMP,13237,2417,343.296113525944,4.809657303272922,ACK,76.81672914928191,89.85116548075082,940.9735377282933,770.2689087634378,14,557.9430132596269,443.70404166297624,1.2868354809528133,3.086621809435564,normal
3599,8081552,544,ICMP,37007,129,360.2039850615185,7.653852603606294,SYN,20.497176151244254,45.8342868739281,649.4444250641599,472.43282776038717,39,1681.080795953054,101.82002204709569,1.6463542411310188,1.7055114636621374,anomaly
4247,3304364,3472,TCP,58001,3574,58.41546482226458,5.377783409162889,ACK,62.426329348211134,41.16963582046567,109.90682371887524,7703.796818456579,44,1737.782165037974,205.59942302486027,1.7589513537867694,4.0233216985004585,normal
2372,5397364,4021,ICMP,34182,6570,486.3886875600751,6.7187791533241334,SYN,79.67327727469034,4.947488607493643,971.9995716753908,3915.8452800943332,4,808.6067492175239,419.3998646609411,1.6942731022722104,2.9531556213800174,anomaly
1686,3240254,3408,UDP,29484,669,1135.9305786938535,5.57492507881635,FIN,89.06947349531961,37.068135906424764,155.62901039826417,1426.0323617531803,16,812.2370393383596,293.16014809252664,1.527669324182794,1.9476476439863966,normal
3165,1100577,2165,ICMP,60067,6214,1201.5359278145338,6.875596044765232,ACK,47.36238575707549,85.11307843949805,768.6822680325737,1926.4404616605948,10,1538.1040665068756,425.1766243886383,1.1471911139864575,4.919526192878606,normal
4140,9233689,1014,ICMP,53213,7590,343.57793603883755,7.611415158916706,FIN,89.85248786271922,76.3377779967283,44.5028480231906,7684.8897005509225,48,660.6334308247514,415.0180183797959,1.9631063096180976,0.34049263244299804,normal
3054,6484485,2509,TCP,32041,7750,1440.6137954635412,2.9104520927291575,ACK,51.27715719903859,22.870407076863376,628.2963793664134,6029.129806838573,37,322.47875416599635,454.6661834067167,1.2512688147537427,2.8931536531210766,normal
379,4624037,336,UDP,34024,1519,778.4840505461838,2.187627568797032,ACK,69.13457617559142,41.89260569813682,551.2368333818669,5063.891345019351,27,589.3173554571085,67.43808821534503,1.7015792333651039,4.947945874604784,normal
3690,6960972,4713,TCP,27526,5226,1379.6191860768288,4.387935252327779,ACK,97.92390658308878,20.46138793209314,215.92377232104812,6267.775097682873,48,835.9549901079722,81.15541931222268,1.9216015539339,3.4578536896329553,normal
3944,7233024,2716,ICMP,32014,7255,1074.8096586993652,5.913036987769511,ACK,24.359227130258148,95.46746486663598,646.7146812932122,1461.2455861584986,1,199.18894823068672,50.57642419483573,1.7279993863828897,3.701450461894543,normal
4157,1603970,11,TCP,20539,615,1097.528463382499,2.590338772275513,FIN,17.683606332165336,60.21366997501803,620.8824632456148,3258.518204810555,5,1009.492482980332,468.2817321367615,1.2962446761700552,0.17013481145163475,anomaly
1391,8192922,1043,TCP,31015,998,173.31325089380312,1.0287101530111695,ACK,34.85986367280915,75.68112446230631,800.368198309337,3803.2288221122144,13,1506.014274268279,242.82956834516764,1.3842166688876207,0.11660218385384238,normal
3713,8275125,2491,TCP,8658,7229,368.9871340005495,3.4005458108569373,SYN,17.275503249310628,71.66705631800113,877.1153180144408,3213.527916859909,45,1076.1157745128771,41.51938890639959,1.1271852803099858,0.1901894587911422,anomaly
265,1532064,134,TCP,12522,750,62.78150827698532,7.782015348274519,SYN,29.132117764782542,87.49524697561827,515.0038912470304,8657.721490135867,3,236.60114697756325,167.5496522318802,1.651482416757902,4.958702271859398,anomaly
388,4412887,1114,ICMP,11940,76,1088.3850786912694,5.864772224240927,ACK,74.55554701368979,94.98345007600048,495.3922415493197,5856.069332060912,17,936.2842995573212,182.19219415368374,1.6516936827934101,4.897803606096849,normal
4112,8616797,2709,ICMP,30401,6901,549.4355182213394,3.8092781075885673,FIN,48.27487955620744,4.2121712037967205,625.3798132352508,7320.281934090547,19,1446.9187552813821,406.68431350361107,1.7529505232387415,1.6791995395636665,normal
2758,2077198,1871,UDP,34025,2263,1190.6461483107028,2.3480326814278825,FIN,38.12908815499529,97.55481681009529,731.915513337515,2443.3902897693956,37,210.38364258136085,370.3836771637522,1.1098966603480593,1.4619992631664862,normal
3202,7467511,2930,TCP,2415,5899,541.4575189086881,3.492627716283229,ACK,37.503676522303515,87.18370384748208,362.6094607174558,2714.332969227929,5,213.70966048108818,347.79965428565885,1.83605715994202,0.738334140134043,normal
1800,1469919,138,TCP,44876,1721,1238.0339408333487,2.188876033108736,FIN,20.258467515105266,38.911793461111536,509.5954645325661,2330.8262324736484,47,804.142666043867,20.713140769775578,1.7648398616602772,1.6524100928321446,normal
2471,3282941,447,UDP,43239,7249,239.51246793505388,1.74414074919066,FIN,45.29373397441253,83.86985501314997,589.2531439649416,6910.997818691019,42,470.4315318350473,456.2409402489256,1.22679794857168,1.857048153430879,normal
759,3411580,4856,TCP,15208,1306,301.3910772983869,7.347196608007877,FIN,62.838920310129446,73.919240250764,988.4943029975519,3555.505857336132,44,1876.0835034859988,115.62208078871336,1.4128639483420808,3.7439312556275777,normal
3776,5000111,2558,UDP,28138,131,544.270982396708,7.983552368628315,ACK,14.77632861730415,79.51832329227949,591.8350744913575,4110.332910801215,24,1204.552847105512,318.2400882994121,1.674672403613795,4.3328048290694765,normal
3692,3686104,3139,ICMP,12906,6928,642.3067138792964,2.148801077170532,SYN,97.30847328555124,22.848412251066478,231.9446852348341,7120.303917604724,43,645.9182588712027,40.29133107559539,1.546217187446295,3.736208247509526,normal
4043,7660791,1231,UDP,48630,4826,555.6190757223187,1.3816579121479582,SYN,44.884836466246625,65.20780649163088,592.1099596578581,9720.807148643735,33,1439.0757853184066,49.94778501730671,1.2035848375111362,3.235910754466907,normal
538,1421858,911,TCP,18297,1221,1157.2881971586687,3.308117750023486,SYN,94.84813075838808,3.5666635356297913,821.3045871195279,1702.565605959848,21,812.3651975827248,14.692875103759853,1.178610837622931,3.8318413896631016,anomaly
96,1749982,3178,UDP,41694,967,190.5795193087363,4.231614265329908,SYN,14.331233735794337,84.97468412273203,858.829643211079,720.495055524554,3,351.01972432011905,287.304545827212,1.8033106691972824,3.6951024209675083,normal
3409,6564614,4496,ICMP,46671,4141,559.2646784758076,2.4337487295309814,SYN,76.95437936409535,95.15325427510312,802.2479500470815,2028.974726477863,4,550.7412367028028,318.3960381122833,1.240370406216029,2.38399097171467,normal
4923,9834673,3928,TCP,18153,6573,1263.997999297416,3.1099743825899093,FIN,62.146167003810945,66.5502206228935,889.3273211359535,7376.1107811364545,32,1321.2198404728138,34.72652858428209,1.2548834065373993,1.6858984982821756,normal
4856,4897799,1077,ICMP,43703,777,146.85576203014938,2.4060951498416037,FIN,82.18634783479371,51.754295664424205,341.4186784603362,2026.8101813852616,24,198.56460139428415,152.33759353437907,1.8478308128210819,1.4210757772192217,normal
450,8467685,36,ICMP,1451,6694,1416.3980861234684,6.419823979027159,FIN,60.46711437256531,72.84737784694404,512.4949147431355,5885.088785986374,35,618.109176091321,427.2126629472282,1.6509256711068954,3.3999837429687805,normal
4040,7480816,557,UDP,32440,5916,1480.1594212944187,5.988045602730825,ACK,96.32082669103781,33.30976753423708,781.7951850474685,5944.133711339922,18,495.7918075201318,59.64109974322791,1.6442440473385753,4.796927580981674,normal
3207,6008509,2678,ICMP,65157,3408,178.42385204636614,5.444660610326872,FIN,63.0662512620559,63.01239178544126,271.8054512515074,3014.7886929411025,3,482.1567102854108,116.1081106311323,1.5314111942270061,2.909463047488794,normal
4395,4446818,576,TCP,1755,5671,472.3451572708186,3.7105249995544334,SYN,78.67580840910234,72.17832099133798,377.86562347318403,780.3901707786243,39,1397.248582754345,217.95169215148925,1.6120955129620618,4.563507247336608,anomaly
440,5123964,713,ICMP,1823,7293,589.9809657512665,7.363286589199651,FIN,87.88059548080336,15.12539736663757,832.844098010452,4052.0851227708863,26,1669.0521418332926,422.7143102902268,1.64159272133463,0.08100456115500812,anomaly
3903,6434636,4290,ICMP,56683,6912,1175.7674845464528,7.7867277907451395,SYN,71.74376364983554,14.866732544162645,772.3847931242784,1949.1756803397025,24,1460.1465553220917,134.87603669285008,1.9710436113592222,3.9744085272126686,normal
4480,4096077,3150,UDP,29897,1861,914.093877569264,2.215475188377884,FIN,52.89942899975287,71.89767959371638,971.487572236928,1926.2847816385884,1,1326.8828500209731,498.59713752803765,1.3006759767208214,4.269477263220797,normal
678,9173800,1600,ICMP,8049,3555,984.3302657142227,2.5610884898831463,SYN,28.008890797578612,43.7464669223841,996.0143179295037,5273.629823184536,34,1841.2583664539416,184.07828843787888,1.2931061777304134,3.158659251339042,normal
4282,6264998,4953,UDP,15505,2313,1148.3892430868336,4.679417196002587,FIN,85.59476872617125,89.0309483476291,248.33710150166524,6763.89926716776,12,210.94552280616398,199.3598426569753,1.1514966389347843,4.67096438681503,normal
2980,4631232,4704,UDP,26435,1124,221.0695491836873,1.638753984975717,SYN,48.57724701617916,31.881949333526926,901.4454863119366,846.6090174386272,17,418.2178633548574,69.83204007308922,1.69237891892839,2.953665834477685,normal
1571,921114,815,TCP,32382,681,1258.1537125198804,4.05513879176179,SYN,62.45011440717085,5.20064298761581,103.57034633656845,5825.381846560758,21,887.3730257740111,343.29697141970007,1.5941379627400356,1.2102791436084792,normal
876,8991499,3801,TCP,41416,928,1073.1487160612087,5.072538853443971,ACK,8.843427250211063,65.33772689392045,712.702206874415,2537.3962701397613,21,807.6581226573487,129.29793956439596,1.200115283461976,1.0864289749464895,normal
4872,8148047,1367,TCP,58502,6559,887.1455015347369,4.654514997961332,FIN,50.23778098955813,68.73968343365549,227.8983937987954,6765.650804094858,3,894.2980456297427,318.1451216945727,1.4280850416063686,2.783622970796649,anomaly
1550,2183926,3235,TCP,15985,4637,1340.1162354354321,3.3163600815461827,SYN,70.11760675796467,55.80556928889232,307.3080453533371,8121.13677840343,44,492.2643195811415,119.34728691743402,1.2607968847980835,4.533354813176093,normal
3344,2486670,3628,UDP,22791,1876,1065.4442131315204,4.797120642540448,FIN,58.82311908344323,68.6499319237652,946.8579658878964,8089.43499309225,28,384.05629960243385,200.0574109409693,1.3983335663607754,0.3711160493178342,normal
2469,3345250,2136,ICMP,56383,5875,342.46494581498683,7.7116066798119345,SYN,45.40693074852479,52.8516801029651,270.5197243668698,3761.6274465832694,25,1067.4671701700631,429.76932505766456,1.956137752455149,3.025908655932446,normal
984,4024278,2470,TCP,52714,7089,673.1308025597168,2.4421218300396323,ACK,23.11930435821725,69.57064879380552,676.4460904690239,5715.969771387689,44,1863.299795730708,372.0638966222943,1.7149869549924759,3.8513193301803024,normal
3092,538977,555,TCP,53894,2331,766.3621570568133,5.583819508758025,ACK,31.657349808925797,5.349803248964257,186.34722278462363,7957.582319990064,6,844.7419784648423,85.74954097242448,1.1068121907156279,0.58585632742161,anomaly
4547,9947749,2738,TCP,42024,7848,130.0655587880882,1.303776859092363,ACK,70.3618114580678,37.471339651881124,102.45607779478274,702.0215886567241,42,182.37110682710335,307.7770020133097,1.3272572664057114,0.5926807566529445,anomaly
1516,3669280,3744,ICMP,37159,809,1434.224394372081,1.4649148313700446,ACK,23.19487918510049,21.870874877414778,345.9238550904258,6095.680928106385,30,1441.7179514900965,318.03391932016655,1.1093253923700013,1.8369787033812446,normal
3611,2724408,2572,TCP,22416,5413,236.4370281554738,4.862797569565095,SYN,62.550934915579305,10.833287722551104,627.9541397815865,8381.567639862013,32,653.0993205016324,54.37855201591191,1.7433816488918126,1.3766670560130871,normal
664,4785808,2089,ICMP,64193,5845,1061.318837478754,1.7345742622956464,FIN,59.38402364306411,24.175170980441116,255.46569231654036,3786.3342792251115,22,565.680513879295,238.24477062460855,1.5224796218499306,0.9995876528795119,normal
1232,6638640,2651,UDP,14286,191,784.0350023317762,1.1564275189880013,ACK,97.0713304592995,19.939751185147028,307.16711068495727,4608.540328414739,38,716.090201326128,137.72751387712788,1.9946168226329504,1.0014839263206128,normal
3273,6838388,3124,UDP,6253,4380,87.16676233241276,2.2005909835361552,ACK,7.0174024059823195,97.34000744779811,711.6425204203906,7017.407878737564,14,1475.249495424965,238.89376995410666,1.7602249349203924,0.6620384717999309,anomaly
2717,4655419,1936,UDP,24796,2006,1390.8838400033244,4.953944196997021,ACK,11.704138122310088,29.36804585412781,111.76806275155533,772.0586474704179,34,1655.7568350535778,390.7647857482088,1.5661216484370937,3.0581615252789427,normal
180,8431899,626,ICMP,19823,8009,1285.1633727874532,5.923386681632527,FIN,51.102263098929946,23.864938044568788,452.4360408854724,3917.7960081641927,43,1217.306527944031,87.54718430705665,1.8242348853873218,3.443746761884594,normal
3033,4623580,3654,TCP,47539,5165,810.1739954605615,2.41734994898966,SYN,53.18387271000982,83.65257612063029,942.317184583402,3027.5366252161048,47,712.709632067148,70.41906073814145,1.7343232861106683,3.5176517721264324,normal
4328,4590058,1213,TCP,65429,5608,381.9663874021956,5.677816060457221,SYN,4.952838221711953,42.49250550961506,403.00194579008274,268.24307091259493,26,689.9086429228286,141.96508260182873,1.3193985598723885,2.6664463409316443,normal
4509,7246136,1769,TCP,24579,1905,226.35319148613664,2.2773343176946055,SYN,82.75968666508575,42.725079396481604,439.8590176976649,2040.1293462092747,40,336.1858648203797,476.61497066982577,1.577232447344765,4.765002285631177,normal
88,8380966,2575,TCP,27640,495,576.9190951765836,5.2942019864188,SYN,49.97762631218668,44.91545617163502,740.822260571216,4019.247299329608,13,1873.2719916468695,376.4338634806335,1.6003988523506638,4.403858560174428,normal
4009,2123827,3184,TCP,62707,6519,420.37100751683124,3.883717759270592,FIN,35.31773091741235,42.23691610594084,781.2214068125184,2054.544213165652,30,1312.4648580407572,19.533372779127827,1.506108528747023,4.788579401904737,normal
3637,7433300,3091,ICMP,20357,1069,784.7022414591331,5.576596565335318,FIN,32.56652329087271,33.32998004092599,771.9103258827192,6063.743350126109,19,151.25177772614165,206.49237281685456,1.2612733605698259,1.9500894358546181,normal
970,7638174,2640,UDP,5285,4149,1451.293479378972,7.965369267354731,FIN,86.27931097386394,29.347604812924192,997.8883546644364,4541.660812629459,42,1358.4974808546933,136.12500974938877,1.3010321464920984,4.390137968175573,normal
2819,709672,3171,TCP,55321,2331,883.68256518298,7.564718756627934,ACK,20.476553776389853,88.31400797205868,80.73657661218674,490.8648182565095,41,949.5915059676651,322.69083850236524,1.3529426608603656,3.81674475004035,anomaly
4161,6922154,4331,UDP,4490,1181,1340.400031040642,1.0299723048527254,FIN,16.881352837828317,17.009027267400263,982.4307517866694,2822.8986166939176,39,1947.8601297891469,235.05330223175463,1.1092296344403474,1.7064647861397253,normal
542,8726977,679,ICMP,47577,835,993.774314368877,7.19807135053614,SYN,22.104674393105036,18.925172939370988,950.6877208274248,292.8200267542188,3,1656.2307671321732,482.604277183331,1.9252495029525583,0.5419003599360543,normal
1181,4508167,3178,ICMP,4112,3786,739.1074635514407,1.4654355662233658,FIN,62.8772322175444,57.600190942079195,853.6175112569625,3645.538280955312,31,425.49993228231654,117.2994409822767,1.7174863924251311,3.4162800369850705,normal
3571,2228039,2131,TCP,46807,2942,1289.1809659633882,7.671326103118915,ACK,81.28215470721251,35.02219938661077,459.5843200935213,2665.189175683752,12,1468.2111258622463,298.04964383948095,1.7206555842060238,0.6908970973681829,anomaly
360,297063,4088,ICMP,2139,773,733.4837597508464,2.972779753697793,SYN,33.76689068502978,42.73140711985569,872.1933479175851,6913.049143467771,15,1022.5754072870004,353.1029073452091,1.6150975524282092,1.4759412769355493,normal
788,1384875,4161,UDP,5602,4681,1309.5108472400234,3.674243812878897,FIN,18.172737813366474,80.84811418117762,228.62408818303422,3143.3285634056692,45,455.38581097286357,414.526599779237,1.7203797273449533,2.5068192364544983,normal
3291,6626169,729,TCP,3614,481,472.7863158848597,1.641467436230095,SYN,21.710222595233432,90.45947497733343,793.7392770339519,3814.0707793852034,38,1427.6058239269032,209.41580490972348,1.9836762948862727,3.4026138503908805,normal
595,1877336,2610,TCP,8396,3259,236.77895695633276,1.7859093083023672,SYN,62.29919407326725,79.26481427609816,193.3859200898436,7280.805925445765,40,1140.0363995190662,346.59173475216596,1.446644303871044,4.631876009414552,normal
2511,7542586,3608,UDP,4597,5770,1290.2059733262606,6.087183956605237,FIN,25.35748739520876,24.257898065784403,817.2083834364679,4861.084991495663,14,157.71036966598393,158.56872097829856,1.7412730281889073,2.970267823796493,normal
4396,3957778,4679,TCP,4002,2722,901.7519874993668,7.610325650238042,FIN,87.85074290378532,98.01715767129598,618.3838419314163,5608.898348098815,35,1328.5171060047692,223.38328525729193,1.4235761039397754,3.3603513673637533,normal
4904,2888757,676,TCP,44431,100,1339.1839774609923,5.275239464680166,ACK,11.285244087017082,36.95447358079349,107.05096671839027,8429.33197109974,16,1306.4754707386373,448.8572942896656,1.8688599188721433,1.5569691122533804,anomaly
1854,2469665,293,UDP,10446,2824,1409.8494501389557,6.010950108687677,FIN,4.204484866546499,17.73763905529669,896.366359803653,2148.194224027947,24,373.761805997779,475.4547285721676,1.8722257462010314,3.4395901559784092,normal
3262,6473973,3913,TCP,44650,6053,127.7611660386013,6.333788212180075,FIN,9.749446350129489,50.45017384133596,582.1776235006919,9892.936732423144,17,763.0766812937165,362.2204999943597,1.9120397828811364,2.1945727024430717,normal
3860,693924,3575,TCP,24721,8051,776.405487695359,2.839699921870592,FIN,84.71866891824573,72.80329119385976,659.6857953557435,9011.0404092199,18,1213.208044426976,193.43242648033066,1.1049169918176907,4.286086602590031,normal
863,2571115,2244,UDP,57198,889,593.6985961580674,1.3166074164415045,SYN,65.47172244690044,9.24381724949933,290.6749352950939,2936.8730031505042,42,363.68772680278676,411.8283170875854,1.3683723004964854,1.968328064368357,normal
4174,1662655,4603,ICMP,31844,5546,957.4946757516699,1.01310920743418,ACK,95.81671867860778,63.79440454748373,872.9191488835785,8940.090334443545,17,1720.1744178860374,22.67487004545589,1.2205319160814365,2.346677388066219,normal
2082,7500066,1475,UDP,38767,7761,1200.7072359433691,3.4545449806781305,SYN,34.293357585706005,85.94971441923303,549.7487278020278,7564.165967138454,16,152.2234879466372,60.345496164316316,1.508587578101141,2.1686129069821867,normal
4622,4673412,139,TCP,5949,5185,456.855813162835,2.6902495973945126,FIN,22.055134672960243,26.91636678651668,426.90908144858844,9314.489072425302,21,295.3910884417744,334.07313082392693,1.5459046784113681,4.057502943193851,normal
4463,3101498,4744,UDP,58223,4714,857.3576573410988,1.4362240753442994,ACK,56.635548692061164,69.61919800549404,538.9389277760343,6942.238362444884,24,320.6031477242798,152.71180188232813,1.33031363854669,4.768958993089408,anomaly
294,9413528,2070,TCP,64488,5750,1077.6564408621043,2.256698047455667,FIN,54.24499963354811,40.59095436608362,706.2799506530988,6777.32609154317,34,1103.4035393526046,476.1792470162341,1.7511018428405634,1.6431087419065373,normal
4893,7182479,3682,TCP,58266,826,244.92507011181434,1.8714922878756346,SYN,59.51137483133685,41.999379170818585,698.0973969422773,134.29765006556005,36,1278.216623120388,223.6696999252293,1.3427927454700725,2.380389224802763,normal
4842,3812666,2504,UDP,30454,1954,1230.397013629337,7.404148664321593,SYN,35.40585240337453,28.800589089682365,364.00132994823457,4798.654133883058,43,867.1075133528244,220.38876199069674,1.8685022377550227,3.532572070799246,normal
321,3820712,1002,TCP,29858,5192,928.8589197868109,1.9818704942141825,FIN,1.583797063641889,62.814985847549636,391.4056973051979,2082.659201166388,27,648.4669725695157,342.25895999355635,1.2598934313276082,4.4779542939533075,normal
3561,1034668,2131,ICMP,25459,7147,1426.8292838147952,4.763539247913754,ACK,4.468133641121066,36.7389260499853,566.6158109100429,3308.4064457731724,39,1637.703013688559,386.1085955300329,1.4305117652887553,2.473566477261643,normal
1821,7713079,2594,TCP,22700,723,542.3169327395053,5.151741685785152,SYN,66.71881968082877,83.25939734269625,925.163049509818,9790.274776563781,17,229.74336908019828,243.02378168131688,1.6600139825818747,0.5533786060513691,normal
1312,5605327,4206,UDP,56821,2543,206.81161638893803,4.804426203960436,FIN,52.802546767392656,96.32763688190356,747.9759642963157,946.4693824791487,25,632.5545361523042,114.86044183874483,1.644801563416928,1.8496702036715946,anomaly
2474,2474199,2233,ICMP,44578,2659,784.4267415035417,1.6933950395119157,FIN,82.28011470547608,93.57368032405152,396.51083551190106,7252.616057492546,38,174.31959972754444,388.9212349355546,1.1702262008046294,2.7563058083461636,normal
4411,8272330,4532,ICMP,55579,6179,174.42561897868632,3.2315885322538582,FIN,30.740576019892895,17.149708926305866,343.6623002862435,1812.153934521645,42,126.39125643590921,166.9721246880775,1.8616327509718533,2.0934477837705026,normal
970,8687283,3198,TCP,20838,7547,1455.8134588198097,1.358892327242073,ACK,81.73175148588633,2.4048396994803016,528.4003073959414,173.27326101186813,21,771.4217851711824,95.80427695399023,1.6382584400867977,0.9409130766724698,normal
3480,709175,3247,UDP,15740,4602,106.09318947292772,3.7696893986742124,FIN,43.123649931702786,44.408365771093614,871.2914552254488,5064.045217594214,4,470.1649586453708,319.5036930632565,1.8828735938364516,0.1945775817626553,normal
4485,1868306,4146,TCP,61285,3929,1142.5806566055967,2.320192518901144,FIN,10.573140169087388,73.15948705954648,18.592449179916436,1696.0314577209617,25,609.8951241926679,54.3222968252717,1.8808720204050817,3.4401692437386755,anomaly
4534,8653233,4534,TCP,28552,4821,811.3984773062539,4.931427732990659,SYN,97.81324469647873,97.76807156516114,713.3812076066685,9658.115934217612,30,1659.7995991644395,485.9628107921669,1.591326821337528,4.963758581977941,normal
2674,843840,353,UDP,3019,5641,584.4999461225186,5.849658756943704,FIN,51.68165698540647,78.55880785563845,301.56713288338926,2116.5976973820316,33,409.66218287352063,319.8746595619471,1.9197033115802942,4.596841103144119,normal
3810,4395643,4471,UDP,23438,1184,145.47113853754925,4.724839021432945,ACK,63.318372882272286,58.47438286483695,216.31350541400818,2001.149212945192,39,1582.4433975884217,493.08880525166035,1.8635670189321103,3.4195218451954594,anomaly
2100,5890118,4714,TCP,14868,639,952.1420400517312,4.03965687627977,FIN,67.40892146246722,3.6089383107251916,22.016616848591276,418.4525541422977,26,1382.5961839780907,176.05777750453166,1.9623106501055938,4.209233744496982,normal
3550,5129643,4833,ICMP,37683,8002,898.5694776168851,3.711333945996847,ACK,36.87881297046118,82.7285284592281,897.6247144192222,3365.2144229212217,25,720.2464977675821,485.890528983295,1.8654485587034657,1.286080816151294,normal
1215,126355,2286,TCP,16546,3086,457.2807459480196,6.891842376679026,FIN,75.0053036663516,18.5373583589919,913.1259853063762,338.7055817970913,16,1138.4566758349467,81.32550138702555,1.8390834659010347,3.1159478360314474,normal
425,4223102,4930,ICMP,40937,4892,1369.8214670449527,2.5355764554568907,FIN,87.1563800697507,6.505044904492251,70.80326722738192,5038.977688906958,49,944.4276585716236,29.940438450043942,1.5224244326092204,0.31241503484083755,normal
2083,616937,3211,TCP,65120,466,490.95951064711346,6.139528376702081,FIN,39.33151066497202,85.18552588807218,526.597169820847,5105.545363991347,24,343.9510994455642,26.162189622755253,1.290827954340135,3.538847797289164,normal
195,1376607,898,UDP,9522,2357,702.1018453585539,6.302376273180833,ACK,66.04308777652328,57.058835919328686,161.04871408687376,627.108541933461,5,1823.6521112949338,237.78648159362126,1.9196378597679373,4.8496629717311,normal
4438,20477,2053,ICMP,43346,228,838.4555610820507,3.9344000508951416,SYN,75.95525857374373,13.726608188184485,761.1006791017913,2476.616542175421,42,1182.2741384129442,50.67205676451144,1.7502942678014681,4.305378563017117,anomaly
481,3557210,1351,UDP,3126,5614,195.33622335561483,3.0811041945794755,ACK,19.822463871219046,39.26772365423403,668.7375570484854,8337.854202929082,39,1772.4560870113644,260.96226324212483,1.3535730777786683,2.6768599651104705,normal
754,6509856,3730,UDP,36822,2480,1401.6344928597669,4.293790402321827,SYN,33.92701235520077,9.46862505533077,304.1595048255929,4679.193251961128,13,1665.2703724452515,170.47524671936122,1.4068961504800783,3.9458136943707554,normal
2682,2488111,2893,UDP,9548,6840,593.0774210540096,1.6524974812488895,ACK,11.77078879171453,64.1630698858524,125.79067822996173,4402.63941169914,30,251.57425808790416,174.45820631231663,1.7174706606714985,4.720055061641341,normal
4544,2010606,4222,UDP,31870,5566,167.12986011779824,1.32151022560363,FIN,60.61863796057214,28.960299367924804,832.9084561793147,7017.891778881802,7,493.81426543505967,321.4484083071332,1.5300355775183039,1.0879277139166847,normal
1013,1560757,2425,UDP,9131,5993,611.5722018292284,1.7812223961632425,FIN,80.29283188626476,86.7433190051721,677.5099544920025,7177.3312405437955,47,375.9961173121785,89.9180230142939,1.1733343056617316,3.9683599797571163,normal
2284,7316830,1127,TCP,61120,3462,920.293693284242,2.310015220235583,SYN,61.47302700190843,36.421806853149505,16.751745552527257,7643.429747877296,17,1678.4811122951455,385.6111514664682,1.2273031511710915,1.3565363202645784,normal
2091,6157738,4273,ICMP,50418,8019,794.7963741409279,4.529237742366301,SYN,18.798599266727354,49.968752438971855,631.5930631267443,8321.775018353324,27,1738.6485902648844,295.195150691531,1.77108381516108,4.385967635478935,normal
1878,3433207,3011,TCP,19292,2731,1057.0858623540473,6.943956453127855,ACK,55.0904806115876,7.288816353091538,812.1930674193825,2399.281399383458,35,1103.145868635895,458.3228681352804,1.395712575633648,0.5007889833938259,normal
2158,6172638,1748,TCP,48727,2357,130.45171599847043,2.649496323997809,ACK,83.65848070411455,28.283669047753012,594.860378980718,757.1680120655751,5,297.9383377652132,188.77192034608646,1.5568844855618353,0.899309910160509,normal
4118,1882297,1374,TCP,25423,7619,462.5838848944814,7.546134075227447,SYN,30.96975481174369,67.99995989736914,430.4665399099525,3864.6222982718773,42,357.6715752317308,491.5303461128915,1.7899593304281733,3.605876152724291,anomaly
988,6084059,2718,UDP,10648,1311,1237.8843364181482,7.684355362545024,SYN,83.4324987230114,73.89001400998637,588.0791947568919,8565.469315169208,5,1645.742743632708,292.15554688987135,1.7760580343354473,0.8821397442776124,normal
4855,9213367,4800,TCP,28150,2218,165.84584729747326,7.712332233916436,ACK,78.67770509322881,25.039363646112132,623.5149361798739,872.4837764271231,24,1865.4612594057276,486.9669585318916,1.2503135241985466,0.7986909664961914,normal
856,4530275,934,ICMP,24155,5858,1290.4546343091386,6.862939142734267,SYN,3.152339975830812,50.87818977335008,643.6342777027095,5801.9426081492065,7,479.0038017102478,23.25972048308651,1.188554477959132,2.7817797182203714,normal
1513,8520792,161,TCP,58670,5394,183.24933351180405,3.546775285584044,SYN,24.706026594464692,81.93557941524601,967.3746033653199,7040.721196499794,7,121.16139529712882,366.7083979820701,1.632037063668581,4.1765863161682635,normal
3465,1136627,595,UDP,49615,7540,1259.9586115929596,1.5087873770183613,SYN,54.75129817397485,38.611105928065975,186.86130968277473,4865.931411494742,14,728.810519786478,410.14454690344076,1.7674695865381156,1.3496524521203992,normal
60,246300,922,ICMP,21738,1420,573.1431815641537,4.981731122365464,SYN,72.04411963190667,14.243355468322134,626.8621960407667,2626.2368917054196,15,157.94884033097458,36.05491047147891,1.2341359297958694,4.207279531700371,normal
1918,8973618,2331,ICMP,41655,5792,937.7031417229629,4.910770107560636,FIN,88.1725220396301,43.75516857163446,196.11338643338763,3330.4638700512933,5,1673.1523405482722,293.6951353679604,1.4347597585945473,4.041687448764414,normal
4917,93036,505,ICMP,36901,4970,271.68631768959733,6.949830369767168,FIN,64.46318950852154,60.46223787777109,217.8571530465217,809.3557700375021,37,1033.873288729878,402.95172385882967,1.8832501963708768,2.899735950787084,normal
934,5996802,3805,ICMP,19594,5497,145.94464650151224,7.971937356622736,SYN,38.65407295370437,1.7324542910455722,672.5653048702932,2996.5771186529328,4,1319.5354796497377,284.90897535930566,1.9498008274042888,3.236348140899478,normal
3614,6440051,2158,TCP,13506,2675,363.11039582919585,4.557101145921033,ACK,19.27809346699422,35.50818316139216,916.794544122263,539.3422748566156,30,881.8212646594301,41.26865929867866,1.508662784854716,0.21180152119342197,normal
1439,854392,566,UDP,35342,4032,235.38803596760854,3.4164282172784897,FIN,76.24354969078071,61.1361462686213,167.45380462824917,7290.617481526288,20,756.4643393237155,349.7891480401726,1.1715643406277498,1.8420064359355293,normal
3451,6016877,1562,ICMP,60160,6533,502.9885516354661,2.301311980893869,ACK,21.471374373087894,95.23928305442236,962.8408784188618,8990.153257265694,26,522.1807848445612,39.692488189921235,1.3319268105821398,1.3243407062805792,normal
4371,8671304,2130,ICMP,34438,7414,795.8557074409792,1.0335987737215953,ACK,69.84762162535672,41.44632451509081,326.1786027560667,6371.77997169057,9,1564.0118393724767,410.55975855805485,1.3096729282839799,0.7585192650300874,normal
874,3663340,3095,UDP,56320,724,903.7012221692638,4.5637958474221545,FIN,18.939950119749533,17.134254282453306,397.4009030222321,6601.361907038548,30,1421.5404103895057,31.086749820280254,1.3150673484869513,1.954400052493338,anomaly
2315,9580064,3514,TCP,22064,7490,1195.3087557006272,4.8886306669181705,ACK,10.01433118063698,53.88769069871848,162.14401569944914,4774.209137689823,44,785.3850705425637,77.32471669508169,1.5444935348413251,1.78097193977369,normal
986,9379637,166,ICMP,14431,845,1001.54784521012,6.774569358721782,ACK,25.858922146946917,29.289483748868356,619.6777447931339,1644.7608471305698,48,710.1206551684476,144.80271935640155,1.624903086522414,3.6471694738673377,normal
2850,155692,744,TCP,59080,1024,932.6995714378518,4.532038775249604,SYN,29.208050746986313,22.26316053216361,600.4562896777276,176.47889840835953,22,102.36146943249011,320.348748207792,1.2102586298119418,2.994500738978999,normal
2603,8363101,4664,TCP,46492,3480,647.0839398543732,7.415278440662396,SYN,65.07370431499609,59.44992264377814,447.8470456716227,3505.3623763446535,40,220.74904708639764,488.41595881933995,1.9004204058755008,4.5663693433220764,normal
3895,4458335,3286,TCP,34329,396,737.0222306922011,5.396584336000048,SYN,16.927453406463833,91.67246989930419,481.3304759854925,7539.736717972465,41,1284.1854972960061,67.73319778376786,1.6579764409530033,0.7355838394486361,normal
1846,1658888,164,TCP,15190,992,651.0552026157626,6.882353667547582,FIN,93.10038438570193,83.6871962295893,626.7461170290218,9608.272635224257,44,1077.7538894473773,79.92675791482003,1.637526557241205,0.30814554056439475,anomaly
103,2586917,1006,ICMP,7596,4233,1271.1407435890055,2.0381121436542298,SYN,55.881806947885075,19.046961348040153,587.6615696147148,4367.740764844801,30,926.1260885215428,190.74649438348035,1.9885510985458557,2.677692859580732,normal
776,8111129,2304,ICMP,34026,3096,383.5006561951798,6.987352912116203,ACK,49.60224135083008,76.82206637663577,380.52074783192745,3717.3710221019765,20,1672.2542575231512,419.7473775001069,1.6653295797438128,0.01512542166781751,normal
2786,6148560,4636,TCP,27996,463,58.29535073584871,5.726006981106939,ACK,44.0347569165284,23.756994802963554,885.2732414468679,4514.989212680674,28,1057.4065883654084,238.94316684789894,1.9360632343710664,3.9407175262434784,anomaly
3220,7947258,2915,TCP,47859,7539,994.413850978047,2.1916312270683136,ACK,57.09353334806892,29.779424808628704,670.9839178960825,4334.971468461512,7,830.5378046739079,167.5891941253526,1.3576312751238127,2.534804714538197,anomaly
1963,7558845,4834,UDP,64357,774,343.57016627630554,2.328344907022076,ACK,3.2222497490164472,92.0850991814654,213.35226729381066,6296.210346686586,4,406.38706029747146,284.98987778234203,1.3161165413118479,2.445447224528889,normal
1646,1825964,1187,UDP,43488,3624,1340.6669476492234,7.4855043333095495,ACK,99.01855108332916,91.19396492066335,326.7039635706701,7368.059231271123,28,1659.3072156077765,137.6563667484175,1.5648668181420078,1.8188549338336302,normal
1964,7725922,163,UDP,47942,7851,1295.6171780746513,1.22550752315261,FIN,56.194913243232335,17.694445689971072,789.999320686221,7871.084430220344,35,1194.8716752302566,206.56835455128527,1.5577480528729994,1.8811194423823252,normal
2516,8153513,4197,ICMP,23947,4755,161.25468929589854,4.237744603069943,ACK,4.484305211877601,7.354993736424661,113.48012720989846,6531.087613404004,33,275.6739352532388,172.97652312370053,1.3038352845355072,2.1613570544707725,anomaly
2787,9778117,1726,UDP,51550,2191,204.26318785041215,3.194327029538711,FIN,59.40778286526038,30.018692220457925,752.729678737054,4433.467191994843,7,1332.906956194444,404.0291009831765,1.729690091209953,0.09000139868589063,normal
899,6790408,3212,ICMP,62879,2725,767.9988087576661,5.655542079988996,ACK,44.2707970706782,58.595730917999084,365.25401673433737,9506.02717996023,9,907.6344164279789,462.8853059546204,1.126670437313024,0.4268934782088612,anomaly
2159,4765812,2867,ICMP,2933,5416,933.3728610155642,6.877405712982943,FIN,3.379731969974478,87.81227610381629,556.1741356473512,7139.094994075536,34,1641.6338248171921,382.19037415688683,1.7215674252945075,2.5301896198560727,normal
52,1569146,796,ICMP,59283,6985,448.6170893492491,3.522646850895987,FIN,92.51844646358983,12.76490150114862,287.75253600111125,4323.914604377158,39,1845.9377342923929,225.1509522546919,1.5114600975109702,0.7591101034468225,normal
4305,484455,4378,ICMP,45942,3485,1089.3566892140875,3.9883146112598604,ACK,2.0461203353075215,42.08089171804944,986.5920061022235,4521.159593245494,42,1240.8850450348675,257.12413897336523,1.7201067597605713,3.896025415651521,normal
4119,4037405,4282,UDP,57394,2731,912.6282303323637,7.873424491509899,ACK,58.20929601090432,27.903228885332037,906.7818892208812,8198.010414297252,34,1490.064356695396,71.28611002542348,1.529372567577367,1.3796810182825836,normal
4926,8936827,3777,TCP,33872,2427,520.9949591354043,6.48741556775442,ACK,96.21728401499617,2.4779677563657487,929.1653385748092,4461.354788452133,13,207.52261044411483,375.9637084559235,1.9796004045962254,0.49851919037312703,anomaly
942,2187268,2888,TCP,3107,642,86.7886576613576,7.28042891652254,ACK,24.522845201319573,79.05617981850685,192.9277627977415,5211.1088655130025,29,1164.4853645021988,302.2730829035716,1.401216455992806,1.1836975302582147,normal
2080,4446975,652,TCP,47170,5608,1137.7179078828506,4.071335544561408,SYN,26.163728350116067,81.51513710360004,843.2731950021475,2986.3676900042783,35,1535.1459588754008,452.19559810734387,1.9843156433021494,1.791920168477383,normal
3210,2872656,4672,UDP,61056,6124,361.3928154463699,2.6385334278888064,SYN,1.041889727455084,22.901677115756325,540.0431300138493,8405.256855464455,45,1043.848084008397,108.29946035182506,1.158476548231078,0.18622987688846926,normal
2426,4709569,675,TCP,49009,5767,1259.986928020811,3.883044257705162,FIN,7.56876602681011,15.972784753996432,710.7806082709023,5270.626255002868,10,1227.7451700582405,382.26579974697995,1.715384697281801,0.7169608666877818,normal
4725,3856933,3436,UDP,51866,1743,659.4208770786701,6.012643424820594,FIN,5.443952746131724,15.31152450859752,225.32902607304194,5570.105790055335,30,1808.0015526039842,345.48911424240293,1.508797286106421,1.625995304842823,normal
1983,2327729,3793,UDP,18164,7244,886.7622918160598,1.7660128338518553,SYN,82.44297208515412,46.93077178666445,714.8647995194239,8818.686486862649,44,476.38918685927894,140.26431156677856,1.8399238629767303,1.5592975643107228,anomaly
1430,6696233,3711,UDP,3694,3342,1315.7756590930528,2.893283739315562,FIN,83.83701942454698,25.40306315614121,915.1245721265732,9213.120951687375,26,286.6683643486326,337.0155333750043,1.8106544627452983,4.003929615833598,normal
3731,8275437,1079,TCP,37543,1939,1302.2533513339324,1.3264513032311327,ACK,72.94330833426774,51.6242086063616,274.8065719903119,8259.518586998547,35,1412.2228649650517,462.94295648255826,1.8201891645883437,4.2178448218101385,normal
1340,3908129,2359,TCP,45536,938,588.7033841031812,4.0264341683669205,FIN,35.92175623919212,39.100321978032134,241.0262530340115,747.167088475353,28,1663.4129204926437,460.03363395688825,1.1852647393722677,0.9751588097263144,normal
1690,96556,4513,TCP,58835,5289,352.88889443652255,6.792120151857293,FIN,82.30419053899539,21.878140185198134,113.37040298874298,4490.740107623134,29,1715.9313583068706,362.6170215129092,1.8401291298751654,0.6284600207251084,normal
2732,5400869,1222,ICMP,39053,6615,1173.9618127064623,1.1726458180860755,FIN,54.43767750404532,75.36798716617412,274.13860855854443,3498.9762976090115,6,1319.1245444733186,33.55582514168945,1.292636141699385,3.1744707967638774,normal
1037,3470992,1162,UDP,15715,5301,677.9662952230902,5.7272646876501625,SYN,31.126717371512402,15.886025143246453,540.4343391974563,2213.7963351582753,3,1683.1054945245264,437.40952528687916,1.1231122374731313,4.025071542920203,anomaly
1268,9945145,2521,ICMP,40644,4235,328.46089066055595,7.527471121596177,SYN,44.29040014232465,80.09132916722328,834.3891285231848,9098.64337087328,29,1431.2619908742515,332.31151743222455,1.2959648477159704,4.818978255148417,normal
1405,6140353,153,UDP,35286,601,1361.4167463598678,2.658495030578276,FIN,7.511009213622991,56.58319198533893,286.0122600310631,8911.682687313589,2,266.01614022290244,162.11278405953988,1.5313565942298495,0.04391346088510626,normal
4315,653755,2499,TCP,55916,6063,337.2510816495767,5.855443885093537,ACK,94.54595998824145,83.37167712496797,624.9329451786203,4706.449044504181,22,1547.8826649814773,101.75267723579266,1.767900223920289,2.0742537859997543,normal
4666,3667344,3238,UDP,26619,7538,87.42039387728506,7.8257133077014025,FIN,62.292525317832165,1.4711449669205967,484.79479218130945,1432.1524216613486,46,440.78341014562636,66.93989286868538,1.2967692327495683,3.6725992921309842,normal
4185,5651352,4592,UDP,58231,6262,79.40596196275895,7.735946421067243,SYN,73.39218034812671,75.1696633845128,295.6932502115939,232.3196412846958,47,549.5577509228483,34.61608063630288,1.2017067932812444,4.144510901383028,normal
1610,744088,4965,ICMP,64078,5306,952.3572668586833,2.644504351204003,ACK,67.98175367156779,6.100043731860417,515.2554903827008,4440.824097591706,27,849.8361912974632,379.51059149587064,1.6813705295215482,0.32080688392865797,normal
1468,60778,3215,UDP,51077,3901,1009.428838040419,1.702317372484481,FIN,67.10724846757708,95.05977318474426,176.2827724319184,495.55597087807666,22,697.6774260200401,125.56306948220491,1.9855082327240159,3.4062664521259953,normal
1004,9484017,4253,TCP,34464,1706,501.0104723326267,2.0379777652714117,SYN,2.708837564226769,70.57120935066297,643.1817842500329,6134.603825005625,10,711.1383027755329,21.883938661194982,1.6407832718770563,1.4518041998208606,normal
1033,5004361,3152,UDP,9654,3929,514.015934408242,5.914249679374995,ACK,53.01175669869982,32.69705677151444,124.50609397201218,6123.247821712684,49,421.593095987687,204.66261940257476,1.7219516277110798,0.3822388270722957,normal
1024,8076042,3314,UDP,32274,2019,542.266176836917,6.080312128172929,FIN,82.34931263392788,32.66519879172921,733.6707198917958,8999.500534382738,49,658.3549895081343,246.47746949024608,1.6050506993717781,2.4506218829557893,normal
4183,7707113,1367,UDP,29822,6677,1036.229892800374,5.719655931397393,SYN,5.407366289748395,86.28774559214389,185.93555160165212,1981.4863700646304,19,137.35892095417537,92.92281314106218,1.8041135998056537,0.7991851825886885,normal
4022,9902691,2723,ICMP,64716,2731,134.29399698890145,3.3525487141956667,ACK,95.66040270493879,90.38117271681321,998.177561783703,3776.8029998940856,24,998.5307987078194,31.583684719649387,1.9782239781885003,3.687667515127807,normal
963,2174513,4195,UDP,44060,420,1397.2187114024223,2.188438578306855,FIN,42.99180861759293,89.26575482283563,825.4358688128078,8609.49934896436,27,1560.3228216626328,102.67148671805374,1.5897163064637665,3.708896380500273,normal
4599,9788557,1367,UDP,34236,6528,372.65551405729735,5.065327643665772,ACK,29.699653713085752,81.06528896406643,350.4019008211251,4795.535374652139,36,1738.2700015271955,342.76035329992146,1.4751114605684532,4.2119181472876726,normal
86,8911762,4304,ICMP,42949,3668,1499.5261476010337,4.385763120305065,ACK,53.65031480255234,82.08417006280092,431.9427245664192,691.260560822248,43,1658.814262022933,50.29940185309114,1.874308755044114,1.8940677388872837,normal
3437,6914462,4643,ICMP,13006,5465,298.70790599142117,6.101839029856124,ACK,80.32020459646058,57.70402238487839,266.59911089661153,1196.760724795733,17,891.2696660907151,281.96814497292695,1.972755509383991,0.0764158881809117,normal
1761,1012930,3202,ICMP,9679,2648,1168.7423631029474,4.0895205507993495,SYN,48.00075111509512,3.7948742419577455,769.4434155681993,8153.200258626666,10,1487.8103142113268,81.74187407500168,1.2162634767826113,1.306082332488654,normal
3070,5863044,310,ICMP,19606,1676,373.9481901479563,3.3704778628052785,FIN,64.86546198205279,9.590554923840498,386.91970025819626,7462.604557282279,17,646.9924707809037,105.8876950544055,1.62035386892649,2.3443803806311316,normal
845,9469133,733,TCP,36079,640,167.22786238271826,3.054350041513101,ACK,50.49152439881913,65.3057716912138,757.6336547213403,8771.227019951239,44,205.5686981634741,202.60816280068235,1.8132139932913978,3.4731162842860916,anomaly
4086,8281083,3020,TCP,64777,6991,1318.653320308441,2.4802922403482257,ACK,63.49595340747476,40.71535087237567,28.21753913337876,1276.725542500523,10,1384.3458982434065,59.40441466632836,1.5800054646407518,1.9163825225768396,normal
4738,1786818,77,UDP,45749,266,1295.1893258267933,2.86022463330663,ACK,14.66506060446702,57.163653453317025,144.26474990954978,7628.125763585622,10,1332.7127129991713,94.8697163632843,1.4682772713736538,2.6848814963750187,normal
3161,2952720,3846,TCP,61544,6597,635.177069051922,1.6638130719087094,SYN,4.827675231631895,23.876684639590742,371.3245913555429,6585.5332130860725,38,1623.0958513794637,180.98668161116353,1.6897068390218786,2.6260753014040272,normal
1374,9549725,4003,UDP,5032,5232,1068.4744066836188,3.4279990765022266,ACK,14.55323916404188,65.292300190676,117.81944806064679,2399.7030872963232,17,1270.6017927354717,171.53781269419977,1.3431152850620136,0.8332619232979998,normal
367,2083963,2516,TCP,45488,3359,857.7456023916799,1.2559886865407073,SYN,29.297976321728946,25.040124875140727,605.1167123732783,9741.65341700055,26,398.0940874504412,377.1430279811086,1.4142203686445325,3.119017005399263,normal
2446,5963859,1547,ICMP,42896,6778,1286.7863648269358,2.3048969301642876,SYN,26.082250182362575,46.62046699956005,60.32377754878206,5746.5127095971875,26,1721.0085448953764,46.64332951194794,1.9930489929932103,2.201866123744935,normal
2212,4257146,407,ICMP,1520,7106,506.8311555120489,6.227393112336004,ACK,61.90235961640404,48.39327005952702,861.1653646434496,9078.09195643164,34,1291.7802972355314,431.6208604765083,1.672818800937046,4.04151432124594,normal
2795,9671114,4725,TCP,35255,3030,809.3249799985285,3.2782829207363586,ACK,46.13305298928985,18.58915475407676,763.6949187684226,8605.022028649166,4,1634.4584281665077,409.9537636623329,1.8856345684799671,3.4561499285632102,normal
1641,290134,3367,TCP,64235,4739,753.7899382465981,5.677659118841407,SYN,4.842386121657855,87.74456491237633,224.0939144356729,3397.942059173855,27,1570.8035287144776,385.3359034490498,1.8269916617334292,0.5662312391257976,normal
3161,7633285,1173,UDP,24236,2388,563.1634480724451,6.018189229180941,SYN,4.451724725385532,53.05628457103889,488.9539870684206,5405.972933669451,21,665.942525727668,161.59245760693491,1.6870452989546219,2.448904466082477,normal
3980,4325660,4835,UDP,21661,4014,1342.6098436067398,5.068297399124795,ACK,9.96821220994591,86.81159401589625,457.29494762681134,4370.54616410625,36,241.6506522188995,413.21207491498586,1.8566561742128957,3.515446848885995,anomaly
2046,2867069,565,UDP,46251,1859,290.5229907606764,7.710884189557789,SYN,35.955034582685734,26.99103385409648,727.615969186974,7119.867945574749,38,435.35837727021124,99.5730193417476,1.358442645890214,0.4441885117786397,normal
1362,738090,3671,ICMP,17901,2923,266.78752730500946,1.1500790663617928,SYN,1.6121121454092155,18.061258601345916,407.49381146976384,5921.615844979934,46,276.43843519517645,70.96051086896384,1.6734048039310685,3.9645601924575913,normal
1335,9304173,1761,ICMP,55241,6225,886.5188262179895,6.170568554116995,ACK,49.9047392775839,2.783648114392837,42.605944851547264,7870.049977068688,31,562.4836209522591,32.0286034098488,1.631543140571583,1.117802528075553,normal
4361,3836598,2951,ICMP,55606,4415,1003.3666334781659,7.711506507582856,ACK,36.706296766620966,10.29260131292422,280.99850026134027,216.34737002004692,7,973.1113187493867,470.2620778727322,1.6601776407140103,2.520393129413711,anomaly
2433,4983042,2667,ICMP,18834,4518,332.1979187706195,7.035902105470575,FIN,55.98868894164181,15.599589883774579,471.53384718467163,6909.153288004129,44,1822.9401494644374,160.92533987558411,1.2517687344320978,4.703400824488455,normal
3289,1053425,2805,UDP,10908,7118,616.540291269205,2.175248842635093,ACK,72.36169758019727,8.806700675418984,974.7472939990325,3258.745036674584,34,1756.8356362492057,459.6327612871739,1.3495187359982617,2.860957831763197,normal
2189,6304816,2339,ICMP,51969,5787,1422.5175723191785,3.2877421437621246,ACK,25.846308732505584,89.79105021907655,882.3470802848019,2319.799184905238,18,1465.3396486818833,143.58064514447156,1.3579924869132853,2.126031714002697,normal
1754,778567,1969,ICMP,3747,7754,407.59526290147727,2.2071628791352578,ACK,16.55128111526206,91.23239248623462,189.59208256216857,8032.289526950855,24,145.81348314086935,454.70732007481126,1.6417515463154868,0.043906687721721925,normal
412,2717207,1611,ICMP,50834,3711,1019.1230180702214,5.209158546702929,FIN,28.527302040375368,93.79890455522934,726.0431810858634,983.2899907630352,13,748.6394825090516,452.92523589458324,1.9752921923958073,0.6757339776426498,normal
2654,6553901,2803,ICMP,65414,7490,1123.2166208615067,5.985315873856446,SYN,1.1745550132386446,96.02622282099121,937.4572182846397,2361.754446481498,13,1396.4620103205875,462.6012620552493,1.9586607960639333,2.897532786638958,normal
1766,1750736,1490,TCP,5785,3861,699.7866142244814,3.2195163855414073,ACK,12.881282597052293,49.69166549697389,18.70468690490599,2116.9699768878036,25,345.1549039942299,253.11518524925495,1.304470597690727,2.4741869528621536,anomaly
4501,9959842,1112,UDP,8654,4368,1409.4126808013953,4.776546017890068,ACK,75.33220600494711,53.47243904567008,723.7362169341177,4256.271906091049,5,1622.0669150302265,434.31368053145707,1.3743607187600952,1.8255075864776886,normal
4336,6722635,3286,UDP,62830,5873,1118.1522660672463,5.836443990498365,FIN,23.05787739762823,13.95221242878169,464.74016065504577,3291.134167116884,39,1837.689991976428,475.8752891219869,1.1324557030512505,4.616847268116645,anomaly
3788,52707,1309,ICMP,17399,6641,713.9906407983019,3.9493787162773386,FIN,99.43566374659983,14.568151737453752,683.4338343202801,7232.636339385735,29,772.7984486118684,169.06230152961794,1.4589340308734549,1.6690878617554448,normal
2519,8670441,3889,TCP,42533,1412,875.5360425753363,6.978108713188215,FIN,17.615320615116108,77.50288742695069,609.5333808360724,7023.761817954618,44,1441.1018175412835,215.248458784452,1.8512067095123272,2.6903822746560917,anomaly
4845,9478571,1545,UDP,26242,3770,1054.289492966396,6.40084954701472,SYN,79.08839984098385,85.71717933003234,984.8188395111445,3322.161821949786,46,381.58785207055536,362.42769179451454,1.924176565087526,2.847879913525409,normal
606,6105128,87,UDP,31589,6080,908.6757616223664,1.4526588069539947,FIN,70.79940271072792,78.68672863247812,295.9272522348892,4426.109683843372,33,1412.5512533147512,157.17631264441744,1.3128468316111492,2.642067266418974,normal
875,1878145,2841,ICMP,38142,4275,1324.11149654781,5.3478770936358035,SYN,32.891082138814454,83.62301063450036,788.2815520505721,2158.2910233797525,24,140.76528334538224,379.3665613672029,1.3392150261399554,2.393151103785095,normal
2858,9224482,3420,ICMP,33999,3028,567.4885603065817,2.6472788567182475,ACK,33.74317521303056,28.38046122740168,242.29348942993053,6741.265514913079,10,386.4658629410918,46.207151154631624,1.2987648348578784,1.6919480426994213,normal
4571,9279101,2731,UDP,28097,7353,484.83432308091716,4.902627852670927,ACK,56.791606515743354,47.14051264755482,441.25189777467114,4022.6051273124976,25,1448.774748556473,266.5142083013857,1.4150932108171208,4.544730528867701,normal
2769,6688666,3637,UDP,5214,4320,360.06638976813326,7.698219098430764,ACK,85.38503565077329,46.46073895614332,975.6270652277377,1414.9784339779317,41,1452.5154234649817,69.93360720103516,1.8242834587314902,2.259508276178132,normal
3558,779799,1542,TCP,2907,3358,104.78530369366294,7.153434031865751,FIN,39.23250746782698,99.53305691103128,768.474933054011,1359.9283699239616,10,1318.2091411058366,153.72850345397146,1.682171722896014,2.6469598480569174,normal
3791,7080701,247,UDP,3910,5277,112.37024835108024,3.831614821805922,ACK,7.056808210922247,94.96862399146082,322.66304372072346,3290.9747163696375,39,1006.9916463299861,136.72644231837126,1.80734682607733,3.2858251393129088,normal
1624,880459,2006,UDP,50653,5507,1311.58003000846,3.0405970084104736,FIN,38.06749851332738,60.2501245361746,623.1755902610305,7498.517783498338,16,1382.3253732266955,421.0767160457064,1.6247279957017757,0.347603651733358,anomaly
4048,8250953,3437,ICMP,65194,3534,1033.6700622885655,2.640840210857813,SYN,21.523954651031396,14.659340180928643,59.19516266774723,352.4929277018538,28,1570.2215167486977,104.82345514903676,1.3319597702532322,3.9086278259015934,normal
2179,1823744,287,UDP,9977,4973,1007.7720023829048,4.7276040882956405,ACK,93.98149468943673,26.601007824437037,273.73096745476,2651.9694625105335,12,1936.3151521698132,406.13948087796825,1.3051947621912898,2.5674114773293173,normal
2453,8168707,3099,ICMP,9405,779,941.2320874555847,1.7997391728063943,SYN,70.0301602912188,37.012393943191846,721.2065847075784,1708.6129729986972,44,1788.4179599423494,399.04056949488177,1.108100635277375,3.2893129098663842,normal
3379,3844139,533,UDP,24262,5706,1281.367759806452,4.84492505689774,FIN,6.032433757121516,87.44795430964953,574.3926338924416,9569.130430925587,32,1609.6149848756368,254.45269722304263,1.8028839231866653,3.86234020641432,anomaly
638,4448395,4285,UDP,14819,2788,746.3870422151598,1.009335476435544,FIN,30.005865188998037,17.892613249274383,474.97612444700457,7082.287879313161,29,1420.0392817573086,124.58319524210351,1.862409103548246,4.371755959913431,normal
2062,9241658,4228,UDP,31452,3108,1312.0957014095354,3.2669474152209137,ACK,5.971380527159886,22.754944746182403,693.9672994158035,2409.003572777567,45,1190.8955363214977,121.17920657854913,1.7914543396655747,1.9671798805951257,anomaly
1597,2362216,3132,TCP,64023,2135,571.1952879642467,2.5395401968140687,ACK,83.17165036710381,35.58908447531287,404.4743019116277,2153.859795818327,27,329.1567643686409,237.81307708676542,1.1669618519556417,4.0590351644844525,normal
344,7447153,4585,ICMP,50931,4248,1393.7258812916814,7.798531529725475,FIN,90.72334378880893,92.76410867668497,35.894583087088975,8594.502399334038,26,414.5579999869466,14.316413622822992,1.7859994644528794,1.3015961088738497,normal
2035,2568587,1807,TCP,10662,1743,1063.052621117798,6.090696236989853,ACK,12.115680978068363,50.87739698686232,446.61635728041165,1983.2442945224898,3,1658.5311652747089,270.3618697595694,1.1411907078352426,3.305074898277258,normal
3167,265237,2141,UDP,5955,2986,422.90684723541955,3.447573663235664,ACK,44.58871455486092,65.03676762315592,903.1079003703289,9970.886081952547,26,1626.294533193719,476.8619676258571,1.195033759135752,0.5225094303914006,normal
1740,4470353,825,TCP,43647,449,867.9231364485064,1.6499156057143436,SYN,93.25644490180616,39.335107201947665,858.04897703098,2894.8008881128567,39,1267.4719593493896,85.80637211267229,1.4964278356394005,0.10995203244613533,normal
1186,4841351,2704,ICMP,39516,2375,822.8943141579706,4.617604162834368,FIN,15.375956984752385,19.663688999738206,414.9072135554178,934.8938772083962,1,933.7962521606914,290.93935452304567,1.528532308032356,0.4878579993020722,normal
2114,2515719,452,UDP,27435,6813,249.95329150898425,2.494135169282296,SYN,29.898455474975172,23.057253203439537,31.999226352778855,6940.324750766896,35,149.46203466485073,481.27155743578385,1.8345067729568267,1.6037186079467545,anomaly
4505,1909911,3150,TCP,46212,5313,907.3022133383905,4.755006821288505,ACK,31.12319036709293,80.46445081127204,639.9441998941126,6135.46364658332,27,721.6361908042334,431.65584835088407,1.7115742028368195,0.16516212298507474,normal
4845,4003981,152,TCP,21558,2479,506.439154389589,6.8475364792522475,SYN,3.975772907997852,89.45472179366399,743.782483505036,9998.239437078422,46,899.2153493741039,426.6862570268567,1.2379881607680947,3.15615144821444,normal
4593,1420920,4297,ICMP,37852,4212,125.90571187392352,5.310547864709697,FIN,4.591050234309076,49.81448993342135,301.30114032343215,8040.648869282553,4,1023.0509437294991,412.70646589413263,1.3035321049059212,1.5895572465275014,normal
4820,8361777,1420,TCP,30205,5822,1425.551428674519,5.436518936815015,SYN,95.32648988120837,36.3424582184664,481.8973596233785,4345.481678019067,19,1865.7167372662975,161.42156696753096,1.3571076694328181,3.684516577894347,normal
1057,2180441,4483,ICMP,38557,5293,980.1610351432173,4.787212023439681,SYN,57.538168289639145,80.97567851619897,991.9382272952313,6798.453336814528,22,306.54785962027137,446.402247320738,1.2113053737093726,0.23911652998533214,normal
2564,2738946,544,UDP,21020,1738,1321.5324512127281,7.490859428419864,ACK,31.35818382143317,67.63638273301186,580.5795828517827,8196.709590673185,6,1085.8471475815636,471.2567721042538,1.3588803977233077,1.091340817072016,normal
3576,9839074,1726,UDP,7577,1285,1030.281207269217,7.523318790944224,FIN,38.488791409951865,5.046523771077682,357.56415660495094,5185.892601888621,9,799.0523642207314,252.9382874165293,1.7557383399857598,2.045937092395196,normal
4731,9750844,3374,TCP,41170,5443,567.6263536031638,4.589062407514865,ACK,71.7694499556574,35.72334898939826,631.2139878737318,2801.4273622785945,11,1981.186426510498,183.7398131571348,1.3172613230965546,1.919431295847291,normal
1297,2089062,1042,UDP,19097,1328,793.3977048767765,3.140316410004531,ACK,37.28520315190742,68.53512484536814,188.22208379544364,2180.045858635059,22,1737.54163093752,212.9722176468695,1.8518236823543477,0.663683377453339,normal
3952,1835907,3352,UDP,51492,1070,1029.8328025034066,4.217109041156107,FIN,23.54827990623554,57.79430220880674,207.2598495418342,3023.2862224747823,47,933.6931230539498,173.76115649732014,1.5225652956126872,4.970742699772469,normal
1485,8353110,1420,TCP,8154,3493,1442.3658715420845,2.30590538536931,SYN,11.081896818380141,97.82866357577603,925.6754675668768,8495.88093853107,9,1999.421657774045,114.08503659202464,1.39064218511995,1.4293535083608413,normal
621,3862774,4510,UDP,30429,5499,417.82071572645987,5.454410207226625,ACK,73.16436816008567,86.74542244430376,246.80804075763737,3866.2804876384794,29,1076.720168295843,313.0397504239158,1.4711762940939859,3.6079501024108005,normal
2432,3634795,1182,TCP,36978,7247,1318.7167350049706,4.500646350475632,SYN,18.875936650847247,6.914102167394838,317.6814854235867,2937.9751698065425,43,417.5238135236613,285.6724742602082,1.7385470665341423,1.107933219086474,normal
1295,3478084,898,ICMP,62388,2269,1389.9128176766906,1.7231033446929591,FIN,7.89517872270346,72.85113255156371,548.3394695500563,8078.283555171302,10,1156.1619144707577,236.66668480924506,1.5651134329213914,4.390477541523159,normal
2134,4328802,3348,ICMP,6813,2829,1022.102496255487,2.3835344678373076,ACK,43.26849010415122,34.29633462071731,900.6956940748303,416.01138356798066,34,529.7909550269285,56.964239475567574,1.1065507975775524,1.9449139676469653,normal
327,3400752,4527,ICMP,29954,2941,1400.33660973194,4.3574236933966874,SYN,4.917525219324024,68.5261876055087,783.6344008218242,5980.186882210387,31,1308.9943961448787,400.4775527059399,1.9300914619265677,4.505503420055631,normal
1937,3801986,1651,TCP,49914,4696,626.9239518421844,7.2131229350320085,SYN,96.5348077759458,62.10523402304823,53.34608146317616,8748.95485154409,22,1881.1363322794587,95.7174457478867,1.1593964027016666,1.7157562489735156,normal
4629,5333889,481,TCP,18553,4061,1431.873455258642,4.964735044417682,ACK,63.10200378990913,50.80197565553727,696.0993722093856,4159.829115650513,46,1593.7772959865538,66.13540126406359,1.9447592139329473,0.05313266926959812,normal
1315,724858,2950,UDP,54570,2437,1069.0351718906636,5.770745001459296,FIN,16.116984234209518,85.44200587961595,509.02086785715295,2766.249797456916,4,619.0110117962049,315.30498378664424,1.1253375412580493,2.5899319510815224,normal
4876,45816,556,UDP,8966,552,110.90836275727726,3.373199848207368,SYN,18.072954558397623,71.16029615417361,480.79731358235676,4967.919787415968,2,664.0313874354135,205.33573700648435,1.7938814014617037,2.628691801393971,normal
1090,5138,4736,UDP,8572,5291,1364.9656061376265,4.99987975130964,FIN,57.41301954701169,89.06595633569864,694.6427831572877,7203.023960151586,5,231.64758587159287,39.306152922641445,1.5812072373649595,0.6079725721152914,normal
967,4164960,3607,UDP,50736,5241,752.4855730981292,4.131658758466472,ACK,36.300009976441565,28.878771161201882,204.26972575685366,5214.395074048474,46,643.148887727927,184.22849393091852,1.5551535625436954,1.1824682313622692,normal
935,7082905,2835,UDP,19320,918,717.4741279278576,5.613909388362124,SYN,77.65240767458366,35.464624934865604,981.6737770251026,175.6260467951538,15,275.9871193878528,388.17237261963174,1.165500652289604,3.9196429989969332,normal
2802,3865044,3733,TCP,52040,2674,871.3765786704697,1.3540289625530726,SYN,55.034842076272746,62.57318363123642,648.8534649697245,875.4131054693576,19,1048.9525667187213,311.4721105563778,1.3148705093041246,0.19341156489700956,normal
71,6648463,373,TCP,33268,1489,266.6075928182805,4.4531015136727135,SYN,43.900053676969186,96.67997929881184,371.9996128657376,7241.151388588043,38,1445.8594510466894,187.76515126362844,1.7997925853586727,2.452738166566536,normal
4619,7089166,2176,ICMP,1320,2940,730.290770422728,3.071948376007769,FIN,96.33504455846189,37.786627834380944,604.2001859894597,4059.518215267436,15,1527.244206848401,103.98434790094817,1.9021338469302447,2.6567365358336783,normal
3241,222552,3319,ICMP,3433,1272,1255.1344642407312,3.283295428945365,SYN,39.68217656475921,4.197071356681628,224.3061546567241,7869.280729575327,46,213.10554127154023,319.5798541943389,1.5762068129476816,3.446673182773859,normal
2403,8433372,555,ICMP,61004,7312,72.44956574939724,7.72642202090643,SYN,40.66048145593701,45.14290758677371,637.5034462064066,6529.950149648498,8,745.9162066525839,444.9020974637141,1.418009056726336,0.1969067743266746,normal
4849,1898951,3250,ICMP,57806,789,445.7298824703384,2.2788636889796794,ACK,66.91146968501812,54.84902669037329,37.93496933041938,5857.0067597866,20,647.526356440124,326.67363182779775,1.1539488872577899,2.932375172181415,normal
736,5863835,4739,TCP,35253,853,53.55915034357412,3.1787167680501787,SYN,81.13837982809466,80.29775346125477,347.7700922942825,9023.614166946272,12,298.1706136759358,408.32288877860987,1.7139606734597064,0.025459202525134138,normal
334,8706070,1946,TCP,31870,7162,652.7813982672801,4.5692480301161025,FIN,62.99528409499598,73.13144751966725,750.0417277800314,311.0885274590556,4,788.6954907708108,265.5486408916418,1.3506019496176545,1.3332400527730615,normal
4861,9279463,972,TCP,54468,6020,1106.0574902159153,7.041188637047366,ACK,70.16241198338842,96.50160539111528,809.8980706229986,1634.8401778382367,38,668.7082073645487,361.8058423031041,1.1495123434929322,2.503424434029241,normal
3797,9804326,3015,UDP,36060,7101,1208.2191522162113,3.916690582444593,ACK,37.9202252880945,78.48559329509015,260.39021918082835,6281.32195937056,43,1305.5485357446257,449.15111915139266,1.6992665561887599,4.55729387375383,normal
812,2158280,3816,UDP,51170,6399,1420.5251536341596,6.2070569662171975,SYN,48.47018681134771,30.564215269720385,544.0153666671866,751.6976608459449,39,1778.2750610940545,388.857699346741,1.5371478141803827,0.6416831818676219,anomaly
2478,809301,892,ICMP,64602,2229,932.3316888076405,6.994618687503617,ACK,20.506473560328367,64.4966507870368,533.2079607922268,6485.207802100844,36,964.1992696591101,455.8284371650914,1.1107659347315517,0.8547527537263427,normal
2557,5477420,3850,UDP,40346,4669,419.2089566466984,3.1701144907529426,SYN,68.34440257915382,67.55187814625867,427.24148591301264,9842.79866255015,15,1518.6638282569552,221.25840503686933,1.1998316351957123,3.3495578212752997,normal
78,6297495,880,TCP,50183,6951,1390.0145262482135,3.7492512847709696,ACK,22.923742102244237,99.80403096723177,236.14865292544874,8800.200180045886,1,377.41969751028114,453.0679250122577,1.7292817363213497,1.8805598521737705,anomaly
956,4347657,4621,ICMP,28191,3444,1174.2078431265454,3.495893565818494,FIN,1.1244227439873071,14.735053211450982,706.1959508964851,5950.077547851743,31,1800.436119423343,314.5679448960367,1.1573041997592097,3.12087279559513,anomaly
3154,113935,2995,ICMP,52691,1111,882.9213003545595,6.829990660325447,SYN,93.44244986086836,19.941224766355223,259.83806492806445,8950.369075629025,9,389.93000260867535,436.3238953800299,1.8793667583586913,4.987296293999993,normal
4049,8201252,875,UDP,30015,1216,1058.6783127924573,1.310428033675208,FIN,31.295508880240828,16.395850756860206,911.9154797850496,1251.0546975360257,23,464.9922431388397,29.294499914539347,1.3801936496779394,4.934489590130782,normal
3044,9727914,4319,ICMP,18825,3934,1390.2587147607724,3.15894762180076,SYN,20.466572204134227,59.31695130243042,533.2162782073176,4601.472232763085,26,302.28122681658533,332.3476671376327,1.1797998233927822,1.7750307616771628,normal
2556,2151205,3213,UDP,52492,1680,1082.9713412857363,5.755859903165909,FIN,27.546526365611815,14.394806151167991,871.7735539375157,4343.89354653955,40,688.3910528890193,425.50778865017037,1.783781640351259,2.5245875155859148,normal
4715,5425441,2907,UDP,8382,7869,584.1430359978643,4.958104496957398,FIN,33.71432206424611,65.94476318154902,297.8352935961223,3430.8311112306114,44,1149.5798487594996,95.35899648516788,1.5719845110077215,4.524403891560673,anomaly
3659,4281650,2254,ICMP,54108,4674,1083.8908933191901,4.05402551505586,ACK,47.9800962183692,80.57363103555767,809.0083646961448,101.99384152967312,39,1977.1888116720208,334.2755973978123,1.3759760291413679,0.46991663541870227,normal
3603,4524535,28,UDP,64162,280,108.40333596631241,4.77963759054969,SYN,7.865815430841066,43.84649949647918,122.52694905099258,8921.187284251397,18,1607.3992658493335,414.22780996614944,1.4654885075023412,2.2669964801458664,anomaly
1503,4753989,651,UDP,23612,2284,610.3025646543427,2.383092100798228,ACK,6.2146424643396365,56.50782310705696,769.1620385873194,7799.29544051267,33,822.8280254947657,151.09519111999217,1.1192711560443434,1.8941109680991302,normal
4883,9758999,3093,UDP,63925,5956,639.1683961760899,4.015016351256072,FIN,29.998165788269187,91.35948624583779,393.0763914260492,6563.289404437909,41,1194.1075100167839,208.5707006741321,1.696428683785486,1.4814650355783765,normal
3406,4311518,339,UDP,18695,5263,291.91543991021024,4.511920889234443,SYN,30.280846988512486,57.38702584017262,475.290187930401,1376.771754131177,39,1284.2852587844948,289.0636820646175,1.4291963200671,4.971079017492517,anomaly
565,9242937,875,ICMP,61212,4920,83.47394680006676,7.308323853682212,FIN,12.64697655360927,21.651949651451876,175.13924705697707,3844.2308235458904,14,1663.1817203699595,264.39216755343546,1.742633812755317,3.670410976922166,normal
88,1731085,783,TCP,18526,1205,243.40279312472708,2.8258461396278345,FIN,41.07436783773289,34.976186045892824,28.441411639148416,9250.837273941528,1,1499.258392297621,29.202802588196466,1.6653540313572925,1.9498474920406808,normal
3392,2027110,4497,TCP,26152,6364,999.2011689057299,7.0747995151545275,FIN,29.118838152075444,53.45473453060738,669.5355181969987,6207.6030901885115,13,1181.6531412451668,58.34932806185259,1.6861287673187642,4.1468192394104415,anomaly
936,5642379,4742,UDP,32669,7641,1213.318783727347,5.509689805781873,FIN,3.57949972671194,16.334870863468907,591.8411005664141,6073.764311607648,15,1371.4477513753477,59.228623859137045,1.8136034399039893,2.4534338425531637,normal
2894,8826150,2364,UDP,8661,2469,1482.8950644541126,1.1423858174732069,ACK,88.68635726168996,61.639463700330055,626.2038705489608,9139.953090094643,37,1517.2434608295093,138.51127369459576,1.668042270538626,4.365393817715614,normal
2254,5520948,3348,UDP,1684,3553,552.2270795073167,6.072419358295756,FIN,88.71588278631545,99.92536309651854,262.45174044665066,5642.353876506413,5,352.9737123534682,130.47341527320015,1.4768533363177032,1.339235429696586,normal
1148,6929887,3528,TCP,42699,4390,919.0998722785976,1.2488631428433856,ACK,21.70904303843393,65.60096152915548,246.88468825427498,6016.470160714094,14,480.86537648022187,373.6889680555318,1.4509348055611722,1.1257651346614566,normal
1873,4567701,2952,UDP,7946,4321,1408.8602018819267,7.981667887696691,FIN,17.12435058827044,37.86870325742968,831.9933481565552,3522.585375314551,14,1408.310148924282,290.64474914791083,1.2076238960883703,1.2439605394247635,normal
3251,8128333,2577,ICMP,29185,7227,292.2105829403213,7.108456813838385,SYN,55.18198367035119,33.84290267642519,763.6402250673008,3777.2651994004787,46,1715.808567776501,384.34828147616815,1.8014990718406176,2.6970180748640113,anomaly
3205,2981672,1684,ICMP,45745,3364,1090.5861001969768,3.0814062327803198,FIN,63.44459679516165,93.22872893812024,343.422214682947,6887.507937900111,5,877.5983371295589,44.24906813132636,1.7849975975791597,1.463653821864122,normal
3143,8237781,2693,ICMP,58280,5839,1144.7191630662867,2.801878611376938,FIN,95.79671318726021,87.27991476728693,641.4276588159236,3272.308644649989,11,1961.7916126952914,247.75497636108432,1.321668530376971,0.7441272238904567,normal
3580,8816282,3390,TCP,56513,886,179.01452701054063,3.670087574739262,SYN,38.35749720734144,47.76350339967796,829.8685041271258,5635.168413819716,32,510.53629207940844,168.65003383998203,1.8764137214283303,4.973193313343603,normal
3828,5203413,749,UDP,52705,112,1298.8116085154443,3.493168757201101,SYN,62.20183394359128,35.98804188552813,889.9411477957693,2864.0472424501386,5,891.7286358825338,426.47026227031574,1.6301029320115654,4.5031618049326365,normal
2946,83409,1555,UDP,4994,5181,1229.0023183107237,3.606364728697667,FIN,87.93992353462664,71.3359640760488,15.748198300150207,1744.6398557490088,36,819.193782580181,356.8166868858526,1.5308181581551106,3.1787120630904675,normal
3503,7364280,4574,UDP,4431,7652,98.43435953727995,3.227935822836363,FIN,45.545424792304146,32.135745079874,815.327769203377,4598.584343493145,15,1867.5622873802151,435.9366507051302,1.1157466714629463,4.45879894088049,anomaly
3561,6767886,2269,TCP,59826,6542,182.07240157607464,5.34793384793832,ACK,13.112229364575278,12.820919993001505,356.8884109044566,2252.715522899661,7,642.2191833878251,32.74928997896943,1.4444670672778848,4.6779590601640155,anomaly
1038,8213411,1145,TCP,28867,3198,121.23399614318586,2.149845646044368,SYN,38.367281297167445,31.70506901785111,721.1945019284149,8995.093620307254,5,994.5024782802096,363.20350988763425,1.6766036914120968,3.3837803764105194,normal
4166,5418755,883,TCP,10070,1371,535.3781211090752,6.921869047122092,SYN,14.520125743626739,43.995302229602984,377.6873509539996,3105.7683616876257,30,455.744295269126,274.6040925581932,1.1807730539195451,2.598212095669628,normal
4076,5132104,4565,TCP,24824,6228,788.469036485893,6.6868173882192075,ACK,2.647306955993078,26.285726222288105,610.1865959260748,6014.280745839279,15,1090.405853268643,414.25001421762727,1.5136105779987936,4.411188943151239,normal
4229,3500701,2310,ICMP,65009,384,821.9042055342118,4.335382454986894,FIN,75.4037525785536,22.464558857934573,650.3146156059584,2708.0742213975186,30,1729.067921980823,258.5086895536523,1.9940923562254365,2.8433070145954185,normal
1732,1928716,761,TCP,15571,4936,438.11680166569187,6.969109756949833,FIN,24.6039463490402,1.6078761038050768,410.94284320706385,2654.3907009751883,14,677.674977592072,274.7024481719354,1.744884773488161,0.6427347088408313,normal
4715,9582111,863,TCP,38552,5623,1371.8154855123976,2.730015490212053,SYN,1.1986975380584302,63.453435359000615,517.6574778263673,3571.2972066362377,24,1640.5049371093737,35.36601666161191,1.592183798751444,1.8406114422829538,anomaly
4013,9523362,3742,TCP,32413,3738,583.9810453142741,1.1229581899277687,ACK,87.37080339597935,61.830445289295774,729.0502381999767,9167.158216477395,24,1831.4920061336895,337.5762038676237,1.579729596445169,2.2351455491595313,normal
983,5242684,2293,UDP,61905,6145,116.04772614976113,5.334455475208761,FIN,44.93509501059968,19.614498539302094,481.5422160079135,3975.827609024139,35,238.6199904576709,143.83853904647452,1.139388574032375,4.6774913905166215,normal
3648,5082857,1339,UDP,52073,1944,485.32931173501026,4.205365848753008,SYN,24.647128083689292,94.42135710930724,23.840680234314917,8230.53804729903,5,1537.2066190065768,19.650021867622037,1.9615829936671425,3.2993355068060537,normal
3283,5760420,487,UDP,31370,3115,820.1086626890254,4.9701518240710945,FIN,27.016207263186505,41.54751927867105,22.775155027540613,2053.2509379304865,12,585.1525286859326,42.55420962795472,1.9353598942565386,4.377635038351495,normal
2030,9835858,2736,ICMP,23772,6703,641.9216427529365,7.295375863128822,FIN,24.813251437199977,3.5224639240543487,664.6977415488997,576.8784770506676,20,433.1225588195953,479.06994839335255,1.7141642396079018,3.7903825871912815,normal
1905,5307490,3101,ICMP,58640,5201,447.0716526939258,7.789479014961604,FIN,20.261059957737928,22.757419809219513,848.765162081042,7838.611420884271,46,1242.1325448475684,179.577871894125,1.189110484713395,1.556205823748188,normal
3106,6923981,4240,TCP,47257,2558,240.41871215826026,5.441171978289221,SYN,84.28139623285534,69.51468094284827,787.4208021388564,5464.5614848253035,5,1440.6449708345294,435.35705802436786,1.2870505070744944,3.5963578753902743,normal
842,7818209,4515,UDP,37879,1316,1237.7885251395332,6.348389128967069,ACK,17.862831802617084,20.96036998224893,317.29629891383183,5086.885548966522,36,850.0458728969062,480.2418446939354,1.2655185822880268,0.9845456822601344,anomaly
841,4894091,1279,ICMP,26872,2296,1494.410601080078,1.5866590344101499,ACK,56.62361370406047,6.337333428729555,476.4166061469849,2794.8379075691946,21,174.43004345616214,472.20092253028815,1.567620636591097,2.0466476004701635,normal
1859,3801315,4191,UDP,54550,5159,527.836093609629,2.1250090942405393,FIN,8.654704222546547,62.152915918072615,241.81913270065033,815.9384471075831,48,1826.538595973907,442.04536794271587,1.2870234870517872,4.032398367208101,anomaly
2305,6470723,2613,ICMP,8631,22,603.3505140560757,6.132433634670836,ACK,95.00261624168142,52.31712426882412,989.2584115600058,4880.314359695176,39,1488.4191420102406,448.47351710603743,1.7262205053897786,3.063526517956989,normal
3660,6103545,1479,ICMP,37811,3512,946.1544107815877,4.019558194716014,FIN,60.72807654014626,76.3653177737469,267.9013847676296,8685.54095211378,3,616.1669326977279,151.61394172706625,1.59070689737245,4.128808404703548,anomaly
1657,2253641,387,TCP,34607,1773,1091.740138366535,4.12175689283084,SYN,90.41209860902703,77.49050746587002,422.09897692087293,1288.2179356645102,29,1044.041325915006,84.22024622757556,1.11589235933839,1.2809708759267562,anomaly
1034,345126,1690,TCP,13587,930,618.4428254652073,3.1602537714480565,SYN,40.38990016807402,96.03359012498515,684.3176618110601,9298.791705537005,25,152.8063009374482,323.2386554230826,1.7696515133320863,3.7512466738122017,normal
3726,5108385,251,ICMP,47084,326,1362.1477996236322,5.251494684344206,SYN,81.25653361947873,6.644736857835337,877.2574929542682,2819.817894391985,27,744.6372854312895,249.17174001572369,1.2699458629885538,1.0195985635947642,normal
3430,8075444,929,TCP,65025,6595,862.0057843819317,2.296155317913418,FIN,85.5117934654818,4.859952562004606,60.960927226465174,5368.644299003757,36,1092.8169476117246,58.38589216063381,1.8423966077126093,2.731067820266056,normal
569,1138411,79,ICMP,57431,4251,703.0656107885999,5.388413955197269,ACK,70.59197982668832,98.7325077547384,308.00947926685024,758.4331151191601,22,1082.7248687208753,341.9952448509813,1.419540893410681,2.173337626327612,normal
640,1671357,3934,ICMP,49950,6048,987.6754920818624,2.2165919999466777,SYN,10.201799178916927,64.83993989199843,573.2959894848158,4307.961278646193,38,495.55126821622815,285.801403667539,1.4047577119834729,2.786814530276327,normal
1100,5940334,2096,UDP,34714,4035,1431.5655799613012,1.4467822429679953,FIN,2.591928554184691,71.82168342708957,622.1299505624216,1346.3890754309184,35,1575.8199957493923,432.9030263971151,1.1106356022003896,0.6863117859010799,normal
3683,6394404,2017,TCP,46721,6678,1202.100826911473,3.312503820893427,ACK,17.68740753356596,10.551719953781678,79.32716411486221,574.9404821643541,1,667.8381012006225,308.50005988731533,1.9889560846307153,1.8125270988099285,normal
4494,3331922,810,TCP,30200,6356,108.0190392759303,2.6179823940689335,ACK,12.691578939701165,7.911456393985359,667.4379504636526,9668.921164933732,3,1202.779044038148,291.2336280636593,1.6508039052546775,3.3378501160222065,normal
1009,4156479,2789,TCP,15949,5724,531.8493705729416,7.222941469894327,ACK,72.78862875578453,16.865105799641327,532.7837219524886,7327.935901094913,24,615.8922285221521,225.96834443298766,1.4804571495673917,2.7970686624643264,normal
742,5710635,4930,UDP,22275,1458,732.2897931792729,1.3846741770803863,FIN,56.143675248244925,43.29236467694949,829.3511055685232,7218.671438035241,8,907.8189586748633,236.76566424554645,1.1869592640152051,2.74935909696998,normal
3949,8687594,765,UDP,18672,892,506.0504797032026,2.2362958480188597,FIN,53.06913559001497,11.907442090564594,229.9672844462177,996.4419258891456,48,494.27778797543743,477.64680121976687,1.729233257735915,2.5590422595349596,normal
4523,9243213,2005,UDP,21132,1161,1065.271963204162,4.841037239081346,FIN,26.03386273248591,45.18704030364197,203.07671517165733,9300.570192428644,39,1302.7148058108728,77.83854460611727,1.354457422992745,4.719985701094004,normal
2996,1316823,1331,TCP,12003,685,1248.0902673007424,4.367470335932316,SYN,16.306146136967122,56.592054407032336,795.4038497086761,4747.7382985978675,18,908.6102842685664,228.6472211052717,1.989452736537976,4.673502792719273,normal
576,3434372,2340,TCP,3746,228,1110.4503880186437,1.3209641286229108,FIN,21.448249007120694,1.032963820625687,706.8304376502201,8537.612273768567,41,130.62287852675212,331.35534462415296,1.9554926232343908,1.8071234142634884,normal
3274,771692,119,TCP,6379,971,1484.5332659009991,1.0507669961060113,SYN,40.627423734033535,12.310317448405769,793.756626971898,224.75090102633067,3,153.51348863185558,222.1752163392958,1.7617670109225099,1.765956107805182,normal
2303,5868504,1026,UDP,47093,1077,445.1940894448922,7.916475593728049,SYN,74.27417746933433,38.144323985019994,784.1147996177987,3052.2441652413186,18,995.1552050957022,148.7756572499713,1.973964737254672,2.778943298299575,normal
3394,8818353,3875,UDP,29823,4764,1318.7347677854111,5.611842902511867,SYN,26.197145037110527,6.279649476983216,112.96066907215608,9960.86650905201,16,448.1291471201733,150.80511167379888,1.1950704762083866,0.48707535785464695,normal
4015,4833091,34,ICMP,36342,5457,1161.6028645030049,3.5578429163108978,FIN,70.1626871246133,14.21936835790187,285.79721682615934,4335.596622684452,32,1211.5798914750105,124.49146266628071,1.3519238244828906,1.5220034368299045,anomaly
1925,674812,4948,UDP,55495,6283,575.1591984593118,4.29302573364269,SYN,49.6596702200795,23.947842655139493,267.4842847750819,8896.08603475711,1,875.5643853668405,178.51256828571394,1.3279189599120613,1.162029153347852,normal
1813,2933977,2848,ICMP,33729,4742,1114.4805883026045,2.8658508431800085,FIN,88.65864400256851,43.53054000259705,935.2414086026713,3347.183648873293,26,1343.3976875254732,437.1206400359478,1.1648113926133723,1.1247144449987783,anomaly
570,7798698,747,TCP,44933,4640,200.9101368064581,3.4141164858524684,FIN,24.058541528014306,71.76888259573421,492.5919083098421,5300.758409455242,48,1909.550830721508,257.56002965826764,1.9750039381743103,3.1961425742173866,normal
1066,6983252,189,UDP,24094,5720,1194.533549393801,5.543311270877497,SYN,45.63481157914328,14.136172570758745,119.9465613730172,8556.768752667009,12,1104.598656110982,127.71697675813103,1.1539766779822045,1.9279081683773054,normal
166,9747734,241,TCP,63989,4028,821.8793737512988,7.179682592071595,SYN,10.569811949401437,74.05789861902389,296.68212687071855,6097.62354601896,38,1596.0193468211892,198.41809134300087,1.8710200135948967,0.8641102300439483,normal
2483,6617659,1927,TCP,51849,1888,473.8207504284171,2.2889101615682943,SYN,34.18016111960974,85.65101224200485,873.1826320313068,7279.404192182646,21,1530.7778930002805,61.85690191849833,1.7913452821191553,4.4389835064889205,normal
633,3818042,352,TCP,54763,4884,1000.8770875870612,6.882530537697231,FIN,51.1811639591881,65.49639792163809,848.5957143836602,2365.4487217736846,41,1851.403098215344,452.9775124719816,1.4382803787243135,4.372001952809593,normal
444,4540170,4582,TCP,12308,7276,980.348998135893,1.8508964066278835,FIN,73.54128121924344,5.328843847351983,901.336088606132,1643.3153308058802,13,506.6339477522118,210.0169377248017,1.1169266263668192,4.313689988425853,anomaly
3838,4970411,2633,UDP,22761,6675,353.7550229434196,2.5049455651187387,SYN,20.609634885804546,44.62471500581669,394.64348500964985,2380.0337897555946,12,1671.9212444913876,490.3916902506071,1.1054863144836826,1.959817261866386,normal
2818,537644,464,TCP,24265,6210,94.0762514767129,1.260227016347522,SYN,22.59112071224012,66.34653416171648,644.9275518750966,4981.181598241862,13,1820.488719158905,180.29399889863444,1.283594456624531,0.29434244301715745,normal
4217,653416,4394,ICMP,28438,791,678.7527510074272,1.9856830346509962,ACK,63.52620621158389,97.87280032612392,285.39218067657043,8029.551171201401,18,846.2496638003976,419.8144631412893,1.5444889220304139,0.5426426692932359,normal
3910,5211307,4635,UDP,51842,4855,875.7922105494108,7.421122018248354,SYN,38.86332056197685,95.229030418855,189.01707784085013,3604.5391197150366,19,696.2507697380395,135.62880351281206,1.5121189803666362,1.3874799180587831,anomaly
323,8162562,2286,TCP,21919,4050,1321.0776536373678,4.2160712263286495,ACK,48.727391856002434,40.17461228955196,31.68206516710424,5691.676241720515,19,1908.8682283887467,47.31491775502509,1.6267633189084347,1.1076503205021866,normal
2063,1708542,605,UDP,27795,7879,1395.914353689012,1.5436610324484747,ACK,83.77735200909532,61.977176150284166,231.20654019245598,8067.643363684555,6,1292.5023620638492,25.549347220162343,1.794763378694686,4.371188244542688,normal
4483,4192896,3884,ICMP,63433,541,816.7675663273113,7.718087866272729,FIN,50.40924680538799,89.19069958879692,608.3303955233501,2463.887014317155,48,823.2853219587898,307.02252905594395,1.4396191533741853,4.931927320142405,normal
1439,6087932,4540,TCP,56348,3375,1143.0150514643901,7.152946154310551,FIN,65.59743868030795,83.27357849024345,905.1682104707248,8841.459775706113,7,1604.4726697700974,162.6710991200588,1.2443273259583858,4.085201575035694,anomaly
3616,1475620,4987,ICMP,2408,1420,686.9897448755955,6.282777646076989,ACK,66.02072912433725,48.462761577162226,142.08634768328736,9535.514891001594,7,678.5004130698586,227.3247414331559,1.8200440251455816,3.6519460247184505,normal
4752,9564454,4507,TCP,54579,7825,1131.819127030695,7.534309543632904,ACK,80.55758235264581,26.862891758270713,918.8314453557875,485.80434441328407,28,435.1744135327379,411.13704744438974,1.3994216131980899,2.947234458237298,normal
215,1850395,2679,ICMP,54130,6297,346.962211161792,2.540905945850349,SYN,64.1758093606114,14.572894733084464,351.9313825230041,685.1999898393933,28,1133.5423080156404,131.57296199045305,1.3581937080140158,3.851842412907565,normal
1617,6624063,2145,TCP,23713,3758,588.0438654651206,6.854585051070604,ACK,7.416172739732389,49.31003535324266,432.5601235381775,1000.5012155875472,19,1175.8028853301464,161.2397136001075,1.787880834586312,4.73569622784003,normal
778,990336,3974,UDP,65380,4363,969.6305982797414,5.829938374480143,SYN,34.87512528599718,72.56174165898562,371.3287550640593,7790.007244245482,16,1668.9183163079422,424.21473067874695,1.94072549427483,3.010709902836334,normal
2093,5225237,1575,TCP,28499,3743,76.3290501302643,7.088314746973818,FIN,98.9423021674118,97.00720160841033,414.52205852050685,1974.4357572718793,17,968.351974538817,251.453513938317,1.9234651538096812,0.7815200876589712,normal
4247,3139102,318,UDP,9276,5457,1097.5688999914832,6.578380960198409,SYN,20.45451859198396,86.3196755774858,266.6012176957886,7284.3902660124795,22,1647.7144250601489,415.55593185571894,1.2236981832714608,0.8276530031709113,normal
3546,5161324,352,TCP,31868,6599,1261.5264768388417,3.425465442237775,FIN,59.08617876305417,21.219854569568003,701.6186315283242,4468.633091731675,19,691.513090761843,193.493241698495,1.5528423381223697,2.923475387611645,normal
828,7422289,445,TCP,31175,3267,628.7554085862296,6.420789759120789,ACK,84.45112334784889,72.25803455542452,760.6012791674652,8378.924592776886,48,1193.1995841378048,205.20129060528316,1.1835832553553562,1.6740080135261912,normal
263,8451361,186,ICMP,41030,1878,699.5165049068883,2.837194120894232,ACK,59.06929751398805,29.621024131984612,824.8817619437422,8104.698586762186,29,496.09827991136,91.89779727134557,1.9648783630157598,4.552134402472397,normal
3812,5648183,148,ICMP,24389,4801,1284.35920771397,3.300145141196384,ACK,37.85475555454105,68.66378684892605,347.8766875263674,9600.659357686225,48,832.3473067415331,459.0094682615335,1.2937050972891555,3.062095245841502,normal
1626,5667912,203,ICMP,7050,4084,1174.6992212227485,1.755340020560833,SYN,8.942627709052868,66.91474058561649,766.9806221175169,2585.274719716469,19,1729.3254258824172,449.42401006617865,1.2776866172891974,3.385698140982568,normal
2498,9461592,3267,TCP,33791,4701,467.81675909839373,7.545536311863281,FIN,36.804825351073404,27.970629689628602,641.298603902047,2369.4677114431183,47,510.37756752793456,492.266337136739,1.8999971057058316,0.03904534340350383,normal
2986,4319420,3245,TCP,29547,2418,519.7653545142315,3.037023543801971,FIN,19.02468364585467,24.204473401511358,958.3369259719889,411.92895535713285,35,1639.4549795086086,207.19909231315864,1.9710654996097685,2.499254274792489,normal
3167,5218084,952,TCP,56785,162,1034.3734369663653,4.644357256200163,FIN,96.12541881191602,11.289838496303659,430.5373150315621,4163.119344722636,47,637.4561499100718,411.1213214617346,1.727869033365731,2.161511959730669,normal
641,9045104,4630,UDP,11506,5082,866.6372340498338,3.7393298552633487,FIN,71.78815231427035,6.003424043658043,992.3866306045211,4644.725370678629,25,165.53046739096203,213.3273285193381,1.2089045303293025,3.5323005652699893,normal
2770,3206228,3889,UDP,47593,2871,285.2328780899205,7.71949684408451,FIN,75.18893228162636,85.98665482679063,742.9900897077927,9648.686950951436,48,308.87568310800793,232.60640657127664,1.5372700494866065,1.9193669150634949,normal
763,5300238,3123,TCP,49912,3489,499.3983683822913,3.3453441965693766,SYN,44.160957334037434,5.935090068869126,778.5149774094075,8324.774412302533,20,1517.1711361094974,416.699702861464,1.8349445846554433,4.88310940911694,normal
985,8883600,2972,ICMP,49372,3715,1354.9757514740484,6.449820749958823,FIN,11.88651798503891,9.785375485986297,35.447811508564385,1751.238008694243,37,597.9347603540816,96.90971773433587,1.6152294653374208,3.354313875966445,normal
4387,6515948,4846,ICMP,42456,737,1047.852933247282,6.9879130824182605,ACK,27.40493213056478,24.64635150145179,502.42436782273546,8005.044689821188,19,1342.8766252584173,117.95235788625864,1.2193353692555013,3.302992482381521,anomaly
51,4981137,4967,ICMP,51134,662,1479.6627606440031,4.049245482366762,FIN,26.711399302566683,88.87817451776533,533.0533451889049,1865.162880273983,42,1428.4779152387428,164.21683779394937,1.2546989745529051,4.597512312342333,normal
2898,6718526,963,TCP,26132,3460,1162.1681684721157,3.6472027011705186,ACK,49.19115572935282,33.96109568179694,50.1941009013936,869.8741915919932,13,755.7250824259012,396.20772592502817,1.8777275082513247,4.976072121152745,normal
4094,8465848,1312,ICMP,1517,2568,1415.8629266082057,6.234220746528396,SYN,46.63699888264236,19.988156188202623,319.00991125564946,8387.11923942169,47,1002.3460757011665,192.59925919036056,1.5743262473187352,0.9971252394179453,anomaly
1999,4430899,3391,TCP,57218,3713,363.47343211218936,7.3902718621436385,SYN,43.907413519812195,71.83999408371442,956.0877388215182,9761.999860383588,12,867.1574718660402,185.50242205757317,1.7352530963900412,4.054560384641492,normal
967,3892151,2890,UDP,17489,389,1168.6530684845422,6.284522131505668,ACK,50.10176920258136,32.58790573199988,431.85032199653426,972.3735908252606,49,1899.9630930736146,499.42000917506846,1.4357562736097584,0.8199742816569172,normal
3224,9716650,2197,ICMP,40791,3670,79.31540421430627,2.5898845591430595,FIN,98.71528511616603,34.00329716954343,194.83496471272437,8157.856274562972,15,707.9028384680161,198.06501011874494,1.5792370246269574,2.2906468307405072,normal
2291,1949061,4897,UDP,30574,7569,1022.6020314817242,7.218154232063937,SYN,30.53700943463545,74.15868299791507,518.2053199561441,8606.205221567358,4,448.31378022742547,131.4075627946376,1.9793928263489224,0.509925167619026,normal
139,7348000,555,ICMP,14857,5225,730.45930327435,3.713071672057832,SYN,61.91164687401517,25.913628745222283,43.4279214482606,1275.6802842377774,15,794.6264014635987,315.3747023184622,1.3967327332713242,3.1206211825511523,anomaly
1759,6582118,1937,TCP,3994,806,552.8021042840995,5.03360588244554,SYN,24.71126665999018,89.77924472285693,520.8288129711486,2904.209370542266,17,1372.079844443823,402.9211764579504,1.707309674757447,2.3479056353913244,anomaly
2219,5033661,4162,TCP,33803,6902,1300.4863108249792,6.820049335048977,FIN,47.19402032669202,56.580746121836185,598.325622969787,7363.240326229342,27,1424.9891116867839,44.10783852434804,1.255255001475707,3.147207752145318,normal
4288,899332,14,TCP,30982,5599,1288.6881543534193,2.3187633718034455,ACK,20.804874081491114,54.245339406068986,364.1174189274762,8096.529767867031,11,1855.708899184013,313.25719325785275,1.2095658967343001,3.393024155550911,normal
3091,9269462,3491,TCP,58000,969,82.33747210303319,6.491570949742872,ACK,56.26103129467601,27.21047127155475,764.950436112624,3604.343808291685,23,1775.3335212640375,27.510373381310128,1.8052761001331268,3.1009669276558776,normal
155,7604876,3263,ICMP,62912,5464,933.7824275516749,5.173139585374742,FIN,27.236166861883085,83.67433967286264,144.3569362309953,1683.301056827257,15,647.8089887928235,267.90285197996377,1.8596973889884492,1.477205321810792,normal
936,4026942,1372,UDP,49343,541,583.3567252653868,7.2533914927932575,SYN,4.642102755164247,57.70220553627863,879.4015757818897,6518.610312491455,31,964.8101730384332,135.9258662413265,1.7014805258144738,4.186426194645907,normal
477,8552795,1830,TCP,18169,6652,652.7084521756512,2.203792812904801,FIN,81.71183805580918,16.39613824261737,955.890461286516,7049.489172110433,26,1519.8110775485247,160.254431859861,1.2423762537900276,2.762914134881869,normal
1945,4704855,2673,ICMP,36977,6068,1256.4590718672252,3.944775659286499,FIN,13.697256099921335,21.423525487231498,11.222179356859646,5085.717753560776,7,1841.4208331438476,238.8770223513675,1.3165291690782848,2.4543573543518478,normal
366,1563518,2948,UDP,50201,6560,499.2676687151335,6.829901650067862,ACK,37.435841112573655,47.35733497324372,844.2944434427277,1534.9165696361542,13,740.6135244280945,464.28265576533767,1.9200581372856005,4.935448383132023,normal
684,5249400,1283,TCP,2830,2963,1417.4207754245492,1.1346219241973212,FIN,48.240583302009085,78.18454041922247,511.04409741826015,8460.41876879386,13,944.4387249362921,358.22698022805946,1.3598336439197807,1.4247044544653196,normal
1975,8557135,3336,UDP,56827,374,310.4690482396041,1.7854095673594998,FIN,43.81552004177081,93.99023208807905,466.79157750013155,6488.1329947585145,20,1809.008713861857,469.05434217940325,1.8369744645774058,2.644871221426914,normal
2106,2745804,3669,TCP,6688,5062,1010.9475138838578,7.933956489297143,SYN,72.8409106053109,66.68636440731773,246.2923158056373,8704.726063425269,34,781.1193590010031,333.38579223375206,1.3573435600193615,3.414799647253877,normal
3194,8300141,2955,UDP,62525,2355,1024.552347169959,2.9627592501324536,SYN,60.08088299716349,51.108181706271516,452.85179070052027,9336.393837451818,10,1012.974673764298,13.482796073051233,1.9455163123910912,0.6348774053368357,anomaly
2320,1588819,3028,UDP,29924,1502,415.6829840704814,7.828802356067674,ACK,30.241747088041112,25.822465773690446,950.9228781338361,8076.408768836881,37,1818.55786831435,140.13674670036204,1.9230076215533027,1.7776562234912117,normal
1489,5183101,1141,TCP,15150,1667,520.8883830024429,2.2777208570607175,SYN,6.118596984226347,67.61392808511921,218.67975761483987,9590.708403711715,27,1624.2621141807117,453.8285630829832,1.1389368562659092,4.010426692826657,anomaly
602,9909981,4773,ICMP,46686,3065,1260.4578142409136,3.5276611010513492,FIN,76.99191670706445,98.24173582949723,187.25082606625475,9547.15168288405,34,562.5187575186253,325.28830527419495,1.7933725881806677,1.1914235906531518,normal
765,6542600,2646,UDP,6178,4651,1154.6176196846811,6.270086111524995,FIN,35.900185541163744,48.14602507838427,249.47734101885348,6231.511098364327,36,717.1106242826734,491.00714591943466,1.2525155842109665,2.471518920868997,normal
3961,6357381,3039,TCP,23232,5430,527.1890264564013,5.604448850667249,FIN,89.08274935899695,17.052046010099644,556.3158523938938,7308.923608765505,16,770.6215821727443,86.42236941696486,1.2937444633157433,3.1568467238550255,normal
1763,595557,3029,UDP,14791,7014,824.2369930556541,5.067856799503389,ACK,40.110620586721794,11.230717563963678,930.9968172789669,7024.144499537999,21,1834.2030995190134,155.4064382221945,1.5138606910983283,3.3591001430049245,anomaly
3439,7240914,4387,UDP,21067,7001,139.4364295669884,4.709294230635053,SYN,72.04820200763302,27.65636207729916,578.142774857605,6249.248330719351,16,1997.9741004986245,187.5601531633478,1.618686334774505,3.644269105818651,normal
1157,8355207,3169,ICMP,49018,2235,352.6815294780124,6.904083105653182,FIN,94.01690562023325,57.3747598831031,251.0476518397627,291.616240725437,17,1570.608174095336,170.01333090198216,1.3932197470734429,4.331226812044292,normal
4256,991121,263,UDP,2549,5065,754.4398103475787,2.6446399398337492,SYN,65.4640926129125,94.73372480804156,446.04779216804945,3623.476152647798,15,1020.2199747376626,133.4758497734415,1.6178450289987882,1.970368620737852,normal
300,1726049,338,UDP,34552,4736,174.6619161548568,4.097296488954629,SYN,41.93540242635298,30.61734322335052,396.4961304678883,1090.7753057436555,13,119.33025432821003,227.29820072082114,1.253592534207023,3.536093310559642,anomaly
2480,7846870,2601,TCP,18002,447,1272.8319145933094,2.088166045095201,SYN,57.17252760980834,31.23372596578884,56.10377516381289,3072.5651903085586,33,1425.227307536119,324.7260804509919,1.1201038889429336,3.6635514923735553,normal
2104,484442,2840,TCP,57368,5841,1091.1090046560894,5.17159117011493,SYN,54.801073665647365,48.63678625210705,515.535430043768,778.7915885683648,5,839.7862125457909,162.51589221448106,1.6141019495255868,1.5083679093336813,normal
508,5273225,3054,ICMP,47672,2557,1418.2688224403175,2.7538109698992415,ACK,58.89718362868292,91.9356911748197,134.74632276733706,9208.311816848185,27,1302.6742934343504,49.052962423985285,1.565673733966087,4.8411081715560895,normal
257,4110545,1430,UDP,2079,6518,1055.5270136478393,3.3368944504037006,ACK,15.535178578493234,42.48645000831983,843.8216016630363,4568.166164993931,1,1252.7185305786147,357.18093817765003,1.7206885676683323,4.32744367587509,normal
949,9810435,3411,UDP,11070,6359,1413.5819897801691,4.298755016364697,ACK,70.15247835772969,23.099709794232382,553.4732802029378,1974.7080319863155,44,1013.5809074913359,234.91811233282164,1.6848398557710422,1.4564080302108247,anomaly
3511,6623766,2902,UDP,36875,564,854.0432057518993,1.187394099921895,FIN,15.359283895249531,17.149960583195362,846.160417791202,5889.314387533124,30,1894.3360556800137,282.676329984131,1.90773774221056,3.378592696668068,normal
3435,1752797,664,ICMP,16702,2784,920.3169860398556,1.6435655514458636,FIN,2.4470715474437847,46.24452155797568,956.4842405042607,2044.864240388939,23,143.97805617514916,233.14632201031839,1.5135217581453912,3.5918251659518767,anomaly
71,8487014,769,UDP,45900,4939,1466.6080292080783,5.801504544957537,FIN,62.85322996772229,80.26706613728481,943.7564078427737,8063.95918572522,15,1453.0517204979176,446.27517669290603,1.1075325272236478,2.1631033450141426,normal
459,3453814,1808,TCP,53851,7095,981.0872629531775,4.002789865022551,ACK,12.574443645383548,29.843888067714573,109.4250409644782,3128.5991864284856,36,878.6957497691374,283.78504861152624,1.6675874134371687,4.320078996845422,anomaly
944,6871679,2981,ICMP,27648,3785,94.64052484808258,7.053531553999268,SYN,77.27075203441605,51.739741283833645,945.368900834507,3217.5162653628145,19,1456.2018559340613,462.40565152735735,1.7076191866428965,3.454244474010108,normal
564,8039762,4521,TCP,43442,5118,1099.5140261142587,5.862704025509396,ACK,86.73062939658124,60.697818969832355,797.789735711615,8712.51434477255,30,1382.9173303253006,260.1819173624401,1.5693454904563728,3.294191878912063,normal
4954,9411044,3436,TCP,39749,678,1362.9296035992527,1.056706591531257,FIN,94.52894223810871,45.59657075413184,779.8815242081831,5636.108558037325,16,119.45220489439123,153.3681994977381,1.7203743832170941,1.111993457700744,normal
4159,2892912,264,ICMP,6279,7102,1203.5913622017736,5.3169863153699435,FIN,66.78321932773277,19.977333893975647,99.22725486549365,8884.29084697955,18,642.1431408318754,184.16686771633633,1.3912254319125374,2.0451331336344163,normal
2184,7356566,3833,TCP,10435,2847,896.5582453068628,1.656074062418015,SYN,48.71947439633811,92.25282211555069,187.71955526076312,4187.591495667046,26,459.2738889571828,265.8433538565449,1.2339274728719714,2.1752732207704257,normal
3645,1610184,1886,UDP,54404,2078,1023.3900939855987,6.4665322585334595,ACK,35.87582698987411,56.979474288213915,975.4117461156208,3504.884195865571,17,417.2740705907354,269.69482452445425,1.698098297560766,3.6709688719293125,anomaly
3006,7914490,2767,ICMP,50136,7769,1485.778094414924,7.940553817949514,SYN,49.60158430464675,73.18430400747467,221.23645558374145,5111.409672934471,11,1484.1056998301522,346.7954737589849,1.320667786293976,3.0957887808351865,normal
1610,4799793,2634,TCP,54357,3347,181.46002833854058,4.7183915596905806,ACK,19.844870607671037,63.96825753835536,177.36279686572664,708.7675449088046,45,555.1475632769367,120.00248737144908,1.5106843183557843,0.43844434722507264,normal
1316,7338895,4131,UDP,43483,6559,1017.5050015181973,5.779456501358912,FIN,35.49384213112021,99.80675415102979,368.7281025223732,1626.5876349722798,29,1002.0014684758715,332.8330209830958,1.5424604575504839,1.5454127799173278,anomaly
2219,2329476,3014,UDP,52006,750,460.92665712736107,2.661199126263261,SYN,72.07512195861528,46.174703309426945,914.2226355595413,2273.2641936905416,9,569.2790910427912,391.50812410656863,1.5294795954215497,2.370507047263112,normal
3688,485273,4526,TCP,37187,1852,978.1310750499466,4.063184206276555,SYN,22.524874142287103,43.07226495661025,481.43152892099,8185.105098595973,49,1202.444264527127,341.53007483882516,1.6386042293119603,3.686297399826395,normal
799,7739866,3744,UDP,34995,428,931.0541850317112,6.992667325654685,ACK,27.14264643169284,36.653846742910616,921.3778818981957,7364.607693416532,17,1469.0901593139392,246.0957738106195,1.126508338033273,3.7204099590975734,normal
3477,5114728,1254,ICMP,32259,6525,272.512406556835,2.1719606342237583,ACK,75.18349731507702,36.801217474686005,340.99539261108333,2013.7420599610416,27,729.0420035265354,495.92351904724865,1.9907142454370792,2.457811109772467,anomaly
4830,5387159,1018,TCP,62638,7446,349.78263632334676,2.8587492392963347,ACK,18.60575764689486,28.301250861006437,234.26335877472934,2839.8008872979062,37,1245.7396117455319,208.35844797331595,1.7446794265447143,0.5934925874807813,normal
1977,9077940,4324,UDP,20218,7190,951.3628881626596,4.118035727002211,FIN,25.342871060864393,98.08238238950815,500.25097876252516,9448.192448324564,22,1667.224071386104,62.229401144116316,1.4828490036188864,1.471587982830467,normal
3854,5647895,1520,UDP,20500,4199,235.93342359047247,5.985742242908097,ACK,2.737208719442385,87.20742139588928,619.3221213592697,949.4493260376388,8,279.02614181253415,412.5370655495981,1.27219702726122,1.2809149874128756,normal
3752,727448,1969,TCP,4068,6319,434.51226893896813,3.631187683569717,FIN,72.28510835397557,32.3506274907644,397.58400862742053,5519.805471665795,3,1450.2741381784151,113.97859725140492,1.1721595901990207,3.907321787438123,normal
2406,71463,2518,TCP,56247,7850,1261.1060442201035,7.494125958481027,ACK,62.17245299107695,31.217675420333723,352.5702044985864,5267.869220943539,38,713.9753944272225,359.50993072219666,1.7049713785635099,0.9081317068882113,normal
4840,5451652,4768,TCP,41064,3267,524.2826837023761,1.661199358881034,ACK,69.74415979864258,11.249864731320425,225.87869192551418,7284.507389861123,35,333.0349173973941,97.69837853041169,1.3852600534627024,2.329956899752009,normal
2385,6853902,2692,TCP,22081,4822,757.6872265910113,3.5956293828139323,FIN,22.218448433378004,87.82605519043979,282.25669855955374,2688.210225899675,32,1136.7429944672626,18.269921520390294,1.3065306124248812,3.356886829536806,normal
356,9522791,999,ICMP,4538,6077,1414.6534859614685,5.962678863998954,ACK,69.05026268205927,37.804839031834,676.3867835207777,9354.24924289926,8,529.8984066086904,88.30131585662258,1.4419589484011002,4.824282903220684,normal
3715,2867457,4294,TCP,11014,6635,379.3661788135721,2.5819073596304474,FIN,60.04128515163241,57.688923822367656,376.17480322754113,4164.77052812408,44,1660.5874060713995,194.72446132215273,1.633630779026939,4.996210495319955,normal
2039,2431992,264,ICMP,39984,6782,614.9577251691151,5.59489193960771,FIN,37.24617494297833,90.13739515921219,88.9594713038182,2928.6241116186284,27,181.50222810904467,62.24294109360116,1.704534695015601,4.765081496341641,normal
711,4315380,4173,ICMP,44559,5563,929.3637745381411,2.1495187075914215,ACK,44.344755351806064,41.40196419894636,146.7738360530093,3435.0072267740616,32,287.4405029147052,106.8627512754842,1.6806530624190772,3.5940293028151395,normal
4694,5302572,4721,TCP,50320,153,1145.2414477807597,1.3918619940318047,ACK,57.224129824067404,80.87993629886134,378.6553965071996,3552.3512531228266,36,1089.8926393730521,384.66687606535254,1.8769390251427762,3.7347397567802374,normal
361,4912408,4979,ICMP,8531,4903,1357.3974107334225,1.8471100172405421,SYN,49.83592543266811,43.59827699862695,925.2574055493833,2069.391295286271,34,1218.9893897462177,387.24296790879407,1.2968816879631038,3.7984583870689965,normal
2970,5117934,4462,TCP,5881,7070,1377.435831981597,7.509893481938943,ACK,64.54097853096775,70.39315296275751,385.2399590295205,9287.73380609683,25,1486.784662593219,410.5692313235786,1.673071546877422,4.314398333965987,normal
1132,9549902,265,TCP,13142,4979,1176.1281078403033,4.862256180576859,SYN,18.91697818299352,43.68725631202593,70.03565667715851,1831.2643276324081,31,592.5953836791682,422.1660659083203,1.1910029385674847,4.759409459632518,normal
3021,5596956,1017,UDP,51553,7567,381.07971306030015,6.574420428357543,ACK,54.530285536703495,39.883154320914564,423.81431530121574,8840.043079959754,42,1699.3447756052544,216.01358836074016,1.5931412209092601,2.2340736611564345,normal
804,8426021,1765,TCP,4170,686,85.97352856172041,3.3285815063353583,FIN,45.57766880358954,99.0802147166289,672.1294180205641,4108.799277410231,47,1910.970445570188,435.0993337398289,1.6255625622407042,2.088389281430213,anomaly
4180,7904402,2581,UDP,27425,296,606.4721990156545,5.148610535198126,FIN,46.641028907385824,61.62263435835393,597.6601735987388,2765.837186756441,13,1048.174676830241,267.7090687568811,1.2946135690407563,2.307717667269367,normal
4590,5891298,3918,ICMP,55200,3327,255.24583393234383,4.464664935934941,SYN,47.46882300767693,37.37172698067494,286.0149327621698,2065.2386331027474,15,1545.0095934426224,240.592587298644,1.4525238169921133,3.3024876855684044,normal
402,6867684,3007,UDP,50969,5891,1080.0620887855323,7.620165715816058,ACK,88.2657244184094,26.52412823159497,691.2080338182071,5092.989066091874,13,1097.2118736332063,362.0828012079301,1.844473600625422,3.8794725274260458,normal
952,8028522,2813,ICMP,27201,901,1008.6393508972893,6.233022452378773,SYN,82.04411667252494,4.936870652732021,634.3181301266791,6725.659575596706,33,231.98735588320017,114.77102156635453,1.233568148377667,4.354016510597632,anomaly
3938,8954038,3775,TCP,39548,2080,113.75888035110953,6.113798420476053,ACK,63.32742615588314,70.95006768462397,180.45123914067892,8992.388201558764,31,719.61187440098,396.8537146454613,1.4910555778542562,2.2864916638702018,normal
208,4861319,4389,ICMP,5438,6505,1263.060979739879,1.3244728860399566,ACK,71.9322066246345,37.84358539133093,170.52355353256257,6559.22117873033,25,266.2247102913285,220.4382550174396,1.9394597640903068,1.823229404638846,normal
2027,9305088,3393,ICMP,18518,2102,410.6777361222143,4.847687683025837,FIN,5.237460970742557,82.30416221409772,551.7112512472613,4888.258653700424,48,1978.8703265845256,72.37475286184261,1.5536980349296408,4.91692954736411,normal
1006,3642141,108,TCP,55848,6722,676.7292594620112,4.268940177312704,SYN,74.6551802185872,37.022977601609554,662.8441755049428,431.413039324439,40,535.1492329394166,68.4628376233141,1.7526203406499583,1.167119228826059,normal
2121,3382915,206,ICMP,21461,1257,1018.5039164108265,7.494895866243361,FIN,49.13030415691122,37.959590050078,962.2914790116581,9162.726366188634,23,1308.2107968898656,90.80430448488306,1.8441794355999959,1.1178041279098616,anomaly
453,8431664,2539,TCP,63161,7599,672.6572409357673,2.8013939173267257,FIN,32.45700889026463,78.13891963426886,427.7113244244619,9033.455505526154,38,640.255693695381,446.38063977945336,1.2833969373609433,3.579883199584213,normal
4661,2149983,887,UDP,4961,2472,689.8673140599179,2.8888341730376603,FIN,14.83791962787615,49.457199018512725,767.2898472751942,3849.2979764761667,3,1341.1678091762592,495.55953290693327,1.296395511979639,0.9064899050571852,normal
2829,774952,1878,TCP,37755,7681,145.16059323682356,3.879423742170503,SYN,8.445670244847188,88.6045822895379,125.35553981846265,387.44316048856376,16,499.76321265391664,184.9171616086289,1.7827323104885453,2.003050908733151,normal
1437,909380,2675,TCP,22350,6821,632.0931464270055,2.703587993844632,ACK,5.443682864175589,59.42343991375065,890.7129370424907,7360.358559925277,2,1592.0131252291417,153.1504875805958,1.7779760643587608,1.4690102433481174,anomaly
3503,4621792,1398,ICMP,39689,178,1159.029445168976,1.9042874246612465,ACK,17.017821314133837,24.823836537923274,636.7764659848515,7937.640680885608,23,310.54204538960744,117.19777657122528,1.1541649885756573,0.8518651792171736,anomaly
1005,1338768,2425,UDP,9998,7119,1377.0056889205666,7.001903926555606,SYN,3.9842356849764236,57.25891357570331,632.7400280377349,5470.411712597936,34,1800.7857601715325,413.67007381195026,1.390248416625468,2.9027391230984887,normal
1762,3091930,579,TCP,48169,7824,649.5708487418891,4.907935670827411,ACK,73.53158200180958,1.3961659175355,151.01820749411115,4088.462354101925,30,1696.8012158275094,112.51166638524928,1.4586792427175943,1.8738223388655981,anomaly
4753,6860698,2647,UDP,18524,5249,664.1994489746644,7.0295390326959675,SYN,25.612797783152228,31.927340097153202,49.187892230638965,8526.21509424969,47,1389.7339529129326,462.80416366583216,1.8461363631240384,2.3165485225137457,normal
1323,1515101,1075,UDP,49848,2616,1068.8093041692955,6.817943357825872,SYN,37.505302266268906,21.587281709283253,704.4346466047734,2005.9125251988921,10,228.08779157141092,337.00168569592853,1.4796760298867637,0.9873563940793249,normal
3861,1407150,431,ICMP,2774,7976,1417.019401602651,2.9742964835276977,ACK,82.44890516777241,65.76459770469053,125.88589437494075,4451.626073236625,1,496.2811538249638,449.5926179179054,1.9333360013629193,3.841655345332065,normal
2675,8914613,2893,TCP,60944,7713,437.2383633470723,4.834162110269918,FIN,12.351092155934477,14.467819766480698,135.7004479890934,342.4124961150376,22,1732.7870318130442,281.4648286531317,1.996946999426576,1.5804132964192215,normal
2432,1230458,1214,ICMP,5051,7148,688.2090994800084,1.5825239191804932,SYN,83.72380899338506,29.719647229385835,195.62514488351513,1723.704226977113,47,331.7514251749308,348.4331324694234,1.8026535491249147,1.7201637133442251,normal
1491,9556880,554,TCP,45320,7534,1204.1612031508366,7.406763188215309,SYN,64.31449470447853,33.79954687801614,106.76901830820641,9414.229223312306,33,396.27098298523816,313.5344693222768,1.6997480206105318,1.2682482708795622,anomaly
3029,6297450,4176,UDP,6769,3835,934.0556755923559,3.829839005456072,SYN,34.8609219458557,1.3260296575245984,629.1385952260038,5823.024178611099,25,1133.6063151354895,417.28577359866046,1.4527074493884107,2.1776738248739784,normal
1847,7083122,3649,TCP,62755,5967,210.35019874773434,3.7557332872231495,SYN,12.662914093700742,5.629890257030532,427.78475779010216,8075.364062325402,22,620.937135381253,419.5717974810817,1.1603355014468302,2.3232473699209732,normal
4440,6361756,1233,TCP,22472,7823,960.2124665652852,3.1192875943256726,ACK,10.057777036750336,31.801486669774746,273.43513148545276,4916.354099616864,16,521.943829893466,298.99856992411134,1.6158248807565174,2.6530379124842804,normal
4059,4756997,3182,UDP,43471,4394,320.782112666124,4.2246462129749265,ACK,34.215920261852744,23.01328886599931,446.3419063678609,8364.788270284547,30,1194.0455205115431,319.92874817158844,1.4255344149895919,4.838165727089879,normal
4900,1494551,777,UDP,29475,2546,789.813104413686,2.7623157058181365,SYN,14.893855299086537,12.5737671229004,845.6986020445478,5435.610057329057,18,807.8956852702552,461.71920104393666,1.4158082682491093,4.52441212214806,normal
1444,3974313,3667,TCP,29231,130,817.1997381076358,3.623965909577632,FIN,27.503319351052202,16.262003979041836,927.8086109931999,144.92336276875778,24,367.0638038623706,465.634577142835,1.718938327438492,3.0508692286253978,normal
4331,2437831,664,ICMP,6962,7823,1320.494875226228,6.5996293400941735,ACK,6.242624244681129,83.71815917662855,492.60138320690714,9007.020169605199,5,1116.2221583363826,335.482394108639,1.5172754227369722,0.20412830413785654,normal
1319,8744662,2456,TCP,62560,6594,720.6166973180353,6.839788525096203,FIN,59.90583374797319,68.64863797575755,571.0853859616744,1570.8045863755349,37,835.3235662293832,13.799596304850136,1.776884460294305,3.0651791009749054,normal
4782,3840847,230,UDP,13174,561,455.1915122420466,3.129277343399613,FIN,15.382335578426645,48.92763556916333,264.62793103647414,4560.492136946931,23,1495.5818711201618,61.16149522943109,1.4583559004168412,0.45744634775294013,normal
3764,1167670,3676,ICMP,14430,1158,384.90120491324575,4.283101013869516,SYN,75.91649899943708,90.97860284745633,518.4643748507481,4819.075855602374,42,295.2353404091195,430.3918405694639,1.2357770469379066,3.554617750208549,normal
579,681667,4287,UDP,20805,7277,1317.6652211922874,7.116738433960366,ACK,22.599322651519238,3.925726303220237,750.6384108658798,567.639109528167,27,1279.1651634973502,51.509917021692736,1.515212773571222,1.9564874564388437,normal
3673,5320728,4412,UDP,58441,3303,297.96573890643117,1.36871332280788,SYN,79.9996813544804,35.148558658438134,497.2158910196078,625.3968158485246,12,929.3373211921706,114.62439861898253,1.955911262892827,4.190105492926908,normal
3008,5411897,2579,ICMP,51535,7737,667.5094132805584,7.224014733970498,SYN,19.798316636360905,82.51498803290183,309.052171781278,7649.262913502597,10,871.5175625995678,122.96787330860938,1.8213721662049025,4.713220933873002,normal
2964,2015017,1023,UDP,59459,7782,321.40101664407314,2.5342904195663216,FIN,72.41528980642856,63.200610463946816,586.2140037527095,3074.4628215018793,34,541.3466072158483,304.1150371921534,1.28517432956603,2.0913806039133886,normal
4939,7085364,2061,UDP,38645,3630,1171.2908581658444,5.749774709500631,FIN,33.97439328289453,98.1870560147067,947.1894705769862,4155.318845774853,33,157.80945358515112,292.55007096304445,1.4521704514804485,2.3081709244139934,normal
3641,4023261,3995,UDP,19349,7916,737.8403279631975,5.077861874692202,FIN,58.72887949401183,94.50697740553272,889.1040154432807,5684.713903105874,16,1710.6094692928266,151.81458647599615,1.9350128856984838,2.9548364292541227,anomaly
2197,4638203,4953,UDP,4172,4475,559.1583513073774,4.8705852373247644,SYN,4.827519617852104,17.82430661642339,771.5499553837017,3796.5224350186836,29,720.1791634654091,111.729569128537,1.2113291528539099,0.9936922820716722,normal
4623,4676519,4909,UDP,29903,3577,573.5944789083769,7.01552157326975,SYN,50.02919900107149,97.22671272237149,283.447536338557,7772.87052277762,18,1394.0729754867095,384.62069463016314,1.3285552176784425,4.637390875733523,normal
3419,4895940,4320,UDP,50035,2439,1285.7105997483202,1.711005005512629,SYN,15.720101575504259,94.60794381143317,249.1439121442374,8856.200070829758,27,1900.416059575744,468.3735162469283,1.3360003812847068,2.1706696332418494,normal
989,2000482,3029,UDP,8957,5354,852.9722337269352,3.429196177279452,SYN,49.145702497653616,37.98748356229456,840.1518178996218,691.2070527865965,7,1173.48156635605,35.87478315905496,1.6138395880957852,0.8424334762208765,normal
575,3650244,3691,UDP,10460,1776,1090.9083841403321,4.767769224413359,SYN,14.99455395772882,98.30514887720632,189.50430132128133,6390.493500655626,36,854.579114787746,75.25842672538279,1.4696599877401906,3.8160318487602307,normal
51,4615466,1453,UDP,18693,3106,1350.7058485634925,6.679021977622279,SYN,44.27182289379771,4.548571080131512,609.5551944117772,3244.8340738257693,27,609.719776062537,324.6603544657967,1.17188360659667,1.1035653484954862,normal
424,5847866,4206,TCP,62873,5070,1357.525430258931,2.515101583881701,SYN,11.951461202996548,66.41430493641651,444.54064414713457,5874.425256326244,10,1874.6832060302374,404.17631131899856,1.666263309119377,0.7262110826085564,normal
2390,6183719,3020,TCP,7498,2326,526.3381287899016,6.620508889619934,SYN,22.77520025569528,27.348632622176467,473.30660261947423,4890.682449509755,10,1395.9459542971715,397.6824477004358,1.1891700780681353,2.8187316567150953,normal
4055,9911330,582,UDP,48471,6941,1431.0543315622588,3.79746937745755,ACK,59.91281461488162,13.816846562936643,459.9979685022654,3403.4173580215943,11,1364.0346471874632,362.64474501051774,1.6457734387811702,3.360761323905038,normal
3102,9855523,1342,TCP,12252,7650,86.0700289211779,2.322396995035868,ACK,97.68940308380408,58.17595756944082,900.9506452564235,1038.67489867336,30,909.7008177760263,444.8396977040651,1.5563075422034234,2.8521180759179323,normal
4698,351067,4763,ICMP,34562,6283,596.4115634734402,6.312905083104378,ACK,45.469292070805224,31.328680510334245,96.22330838650042,5638.455123878686,3,1705.5925544481183,116.5009509896983,1.5443017946527813,3.2859881382473426,normal
2415,2060385,4012,TCP,2867,995,1348.9083433878202,1.6362923103218348,ACK,69.03019556834074,67.01570903730395,785.0724349615376,1216.6464076251257,29,1455.9771553180256,62.5725637810541,1.160746620769307,0.5864648214156448,normal
1575,9830854,3144,UDP,1097,5028,448.22347573462525,4.603371618528101,SYN,54.403042433393146,54.4581241593276,836.6625448595305,1645.5888729492815,14,638.0482163839306,311.5278553447705,1.6752984021951822,2.3853300090416956,anomaly
4526,7450194,4096,UDP,51836,5267,445.9681029659116,1.447130487033219,SYN,50.337435495149336,39.86635068995729,943.4483756819552,9823.53502381601,13,1239.1994540475912,412.91518684648184,1.4881882327303977,1.791523034001821,normal
1696,2368322,235,TCP,17083,742,488.8023133687386,3.494924986104513,FIN,7.405715487145267,19.000393970174894,458.0739553883342,3235.3813844360798,19,917.3685137424047,295.20135345548084,1.4699955100571178,4.867109395038208,normal
63,1376645,4210,UDP,21757,2590,937.8544080280373,5.207537593044749,FIN,15.285442825252664,60.52376954974549,505.0645399680475,5885.918277252562,25,112.52130937645475,481.8687688548641,1.636806256776683,0.25762343155554246,normal
4649,6563877,2007,ICMP,57278,5827,685.5825246408131,4.892808790410491,ACK,88.42271519402416,83.09383231807962,961.6815759295074,2795.0962259887333,10,1634.4845198534151,399.8265860819768,1.6456232539518927,1.498488073269016,normal
2328,9224048,781,ICMP,41792,7832,1103.7655127123467,3.832587925332666,FIN,41.60626718913853,60.400442382418845,463.86655033967133,8668.543442200853,15,333.37766294743153,353.38798244553783,1.1135299661857898,4.709892348517693,normal
3205,6044995,4534,UDP,26419,344,1347.6204317187653,4.0033359578048096,ACK,61.818915181894305,61.44173302159489,508.51298824649524,2905.06788964617,28,1068.913561404967,39.52607252714946,1.212703311082886,4.917645954089804,normal
179,6965705,443,ICMP,21226,7507,1027.589093667148,2.5873868734553658,SYN,53.29509003878088,51.67189905062906,338.93177500749016,3732.1630012111405,40,738.8297668611497,62.793696978524224,1.3128663987602487,4.126259022558396,normal
3864,9089503,3109,ICMP,14297,1549,346.47674428648446,4.19117811896872,SYN,38.50935557557225,39.435771615500876,41.3111761778034,6123.037020319327,49,749.9691782812873,394.5704399696852,1.7101796000113811,0.3892312376418825,normal
4983,6633142,2739,TCP,49913,5665,1402.3887584227282,7.67278399004584,FIN,39.39383771848218,46.28834612172108,438.72400624387774,8712.868405681407,38,1006.9932784862352,107.13658353274438,1.6190670143266468,2.8111615914342662,normal
3266,7657495,3417,ICMP,34123,5189,433.51466635384384,6.953170424486533,SYN,55.9910355849586,98.96463395488813,658.540397738912,8180.520129857032,7,1994.3438976375155,24.12923627870537,1.7818662191462784,2.006613733425631,normal
2988,246144,3150,TCP,51597,1965,267.3467282258293,2.0166300835344066,SYN,14.973038346098619,75.21718170842372,693.0464515074216,2712.2128670139364,14,875.921393199804,456.2727360160128,1.7665470249894712,4.034198312800054,normal
3978,3823727,875,UDP,8536,5723,180.4525543483933,1.2084655112464464,ACK,39.33864498518897,43.62538693401945,16.443560415763407,8312.594079205788,30,446.42553665148756,446.4946331136047,1.8678645822855358,0.28457093550095314,normal
2090,1245360,2803,TCP,29255,6232,866.9064239659401,7.534670189016414,FIN,45.25058137087117,46.272343595497524,803.0422470251003,7041.833622370535,40,1265.8520422938009,117.05707534343101,1.4391333751451727,0.9936724707070637,normal
77,7226593,2921,UDP,24298,4506,214.9555705969451,4.687248249165234,SYN,98.5274961439363,50.46356876722449,497.49145798726147,9899.30205506906,12,548.9466452750904,392.3010664557478,1.4105574795649725,2.4510833804509207,normal
2163,4971809,2425,UDP,38723,2450,251.2250319633146,4.764864762045154,FIN,35.79402215928606,66.27210524350248,525.537907772331,9360.931913063889,28,300.5433597546058,33.51003399371099,1.8479138627481169,0.7966618381096565,normal
1302,3050316,260,UDP,60059,4131,485.0441968634701,6.465025969945656,SYN,64.81331069220602,47.12986518733596,962.1262512886638,5378.053548249235,14,195.33092692526532,149.67842187339892,1.313841380480466,3.466648562044548,normal
4406,6623575,4961,UDP,46534,3530,458.39686404247254,3.202822817099286,ACK,14.60413448282035,68.93173272548509,291.6165470692597,7524.293330006159,1,143.47442063739936,315.5967850457462,1.5150551363062463,4.105628433487594,normal
2096,7504276,3767,UDP,23433,865,926.1472899816064,4.373352981852015,SYN,7.482656801191693,33.58959285813694,764.0354690784857,5744.779049673561,4,919.212831791021,383.9577081176089,1.2748930868200248,3.525554269201941,anomaly
4605,9539342,4666,TCP,47218,4984,1234.2806552353882,7.780640392027163,FIN,87.28265938612181,41.653323570091274,579.0284832155481,5990.454876938226,49,910.778981759448,15.095602506212892,1.9224566679252924,2.2070157310635117,normal
4073,7268807,928,UDP,54584,587,1153.957001494194,5.70504080852685,FIN,73.34275533816296,86.54125934568087,703.790476942458,1104.8582167800096,18,452.5362601481106,169.8422205041346,1.4670227117869628,4.393154454600705,normal
4446,2961883,1183,ICMP,6137,3708,430.60245933889126,2.0762152239705016,ACK,32.432429471862335,33.56165981545272,423.63927726331303,122.23251392878709,36,1589.6362021652976,115.02932443120027,1.2912382084077456,0.6970537972825092,anomaly
3424,907450,3213,ICMP,42211,2199,405.7002220796709,1.9325872358904732,SYN,50.95322228682567,96.47923658432516,286.41546357462573,577.045107301384,32,345.6141930477696,499.40239881687455,1.7228120515120207,1.3090895336560544,normal
3516,9872403,442,UDP,3905,2039,1450.397718655103,2.4298533083310376,ACK,14.438674260732018,18.0779897515044,550.6646928452451,9669.643612154801,28,1839.1026660146747,338.78129386876515,1.320180210389431,2.4528030294089933,normal
3131,283140,845,ICMP,46937,7747,61.94255030834218,6.366981720945023,FIN,71.00886910410516,24.926301755010094,381.1917348891205,1350.055456437593,28,1216.3943575222177,208.77901191107446,1.949153242853201,0.31607960840746735,anomaly
3828,8214062,2256,TCP,47348,3339,1325.5947729373129,3.0676390268843123,ACK,7.962728616656458,46.90429532473588,230.6820670413673,539.4580713343421,38,152.47111459936627,47.06977497053566,1.4308553133284705,0.48747205001707095,anomaly
679,9998403,2272,TCP,20273,2340,339.6063527274872,1.1497219267255585,SYN,75.94627263717899,79.9434638794816,840.8437866326249,3165.4776761009334,32,1929.6479889111615,303.34842617841224,1.6981766408916534,1.9932424248946368,normal
319,559981,907,UDP,63481,1666,1423.5622684801633,7.6092205445396335,SYN,55.13681451672867,73.42597228520503,481.07327905127835,5922.981405549829,8,685.0883931371219,324.4337207586715,1.4107204380416722,4.719992620705424,normal
2689,8498552,3642,UDP,36367,4023,546.3455629999036,2.1879939147643745,ACK,28.60620247858971,18.272135743824585,848.8425837789904,9489.760378599034,25,954.9524231979215,410.03890447653623,1.8265210246941264,4.542984329452231,normal
2043,1798519,4577,UDP,63413,3929,688.5100721452159,1.06690730303648,FIN,86.39486105208422,24.431817570815856,479.2912665452311,7028.887027659721,47,640.1105166896491,151.40265793048812,1.9072304669204982,2.3352145428092714,normal
2941,3878590,3825,ICMP,13738,8035,1075.3248902193525,2.659921216683261,FIN,98.62111516354658,57.951035916032914,561.229720735284,2835.8943921116515,20,1484.0004662641772,490.89975943524723,1.8091265234733076,0.7193711371085431,anomaly
3482,7684647,256,ICMP,39977,3440,902.1201246362275,2.645201509826936,ACK,26.18056101856616,30.22130978457159,995.3274389008153,9396.674380547769,33,1022.7924193671234,225.33821226383526,1.863649116854768,0.8987572032325936,normal
1330,3716929,2439,TCP,9680,2551,511.01202807489307,3.954036755920061,SYN,80.81836880900732,42.810207123480744,951.9891699148081,456.80664512548833,30,351.5086228647549,155.01243978315188,1.1916927451438724,1.8939548124995451,normal
2410,4392401,1000,ICMP,6765,6713,853.0548280083441,7.442728820500258,SYN,75.26646532126928,49.172823373215856,278.97297196022174,9792.634671941249,37,297.9875094829622,180.74017366071433,1.9316582093297598,1.0582702334830392,normal
625,2929100,3320,TCP,17685,376,1109.524982326185,7.154294424453686,SYN,74.97182198946128,59.830354529690055,869.9688325847297,680.5429381818452,16,1478.213285316692,264.5971659538907,1.6618706559877523,0.42404821600798537,normal
1357,1954341,936,ICMP,32579,7939,111.38567155861354,4.198261884876995,SYN,95.7663255369187,25.854081119487272,396.4994488602213,7563.114733265943,25,550.4546693694158,468.9837666084924,1.8822957789495798,3.3721496427647857,normal
3242,974737,3448,TCP,29714,7505,66.23899262077097,3.8762993349426456,FIN,49.175092137897245,17.150874211940994,80.53625053128884,548.4456378171839,38,361.8074118130978,370.22781098050626,1.7159930877668739,2.911428702585547,normal
3228,9522995,2617,UDP,33857,5772,714.1970616556924,4.885063605323959,SYN,67.74263601510881,40.45777539160862,580.0232046771463,9322.458279448221,42,1048.9124342959012,292.78372823725334,1.2816629016893395,1.4635708223106445,normal
2784,5434001,1084,ICMP,38054,7235,241.16309581509557,2.7041780838023604,ACK,82.5638589989546,9.120596260704406,977.2813408596929,1175.7923776382775,10,1625.2540463189778,89.77709011013228,1.648599591481109,3.8969524289359976,normal
2262,3903908,4032,TCP,6728,3101,1013.2992226238359,1.3652949437645399,ACK,48.47410805925961,53.149751938000314,974.5705501352323,599.7422289686374,5,629.6872171589479,83.18312233652712,1.181851615750827,3.881984949652114,normal
2402,6672628,3809,ICMP,49147,2300,360.3760615297796,7.574568953198447,ACK,48.661689078388584,84.12091076426245,135.20072438084338,8903.72503276698,8,625.2200622315347,256.07648776864636,1.7261507271963428,2.4600998313616813,normal
3618,7904498,4794,UDP,42386,4151,677.6341048537229,2.3068928941402094,ACK,32.54682065266778,12.77859028383914,773.5242999516713,1048.3594507844875,33,1684.3743944947162,367.0672652548081,1.4681010269725154,0.4916974520043505,anomaly
1705,6063133,3161,TCP,13199,2480,336.62285846769,2.3888051047200145,SYN,78.30174556988628,12.16032268082337,804.8047138077053,7999.519778722827,37,380.88420968068704,377.99596465000394,1.2365598557901882,4.593162306505774,normal
1629,5699618,3448,ICMP,58165,7649,845.3011993362305,4.3072223019776334,FIN,68.9333821888701,8.941562087867862,375.0573364734934,7495.642940514478,1,1271.7824243944397,120.69804809936662,1.9813068342815727,3.3466160124694464,anomaly
2253,7641888,4583,ICMP,13720,5143,218.2775161076249,4.441293413882315,SYN,45.66285005060394,84.9382676864283,662.0092293765865,6028.892581034826,31,1914.5256176669125,59.0487612951541,1.910975981789613,1.2427835875682351,normal
1440,9085140,3501,UDP,40047,6207,83.50493654184638,1.1290394679051936,FIN,42.51432908247494,8.98978459788814,493.2778834944495,3841.8309301711347,7,1698.4759841968844,198.38588473435684,1.9041893420629283,3.0561681897007906,normal
1792,296866,716,UDP,41233,6731,124.14087525471092,2.0356831714177948,SYN,8.186374673742746,98.36274150305587,235.61416673282744,9164.247441366591,47,217.44894418148547,459.9045461895964,1.8099382757170277,2.031057264179875,normal
1975,9186665,3074,TCP,29078,7741,1433.6747401971993,3.647083729925192,FIN,1.643613536013136,36.47479811056568,763.6516384127377,8723.704433094432,23,707.8306654670884,277.2299538079973,1.7227830126291659,3.18039470228243,anomaly
669,6237893,763,ICMP,61812,7442,256.3150169858569,5.786114854573773,ACK,53.360502686652495,33.54745375510521,270.12518073428896,4319.84639846928,24,370.5114846259711,166.84888574756943,1.6895715322630207,2.374615769697794,normal
1324,6823603,597,ICMP,22100,2807,1077.293467048411,2.598929197823551,ACK,42.33179238280835,10.071543457607872,347.0432755112426,2394.077067515017,14,1903.5572116055655,168.5824574861696,1.19548445393347,2.43250602969627,normal
1006,7251569,1344,UDP,16010,4229,148.49299612309807,3.9611011236923384,FIN,79.80763923027466,58.97848005120327,198.11822086630647,2798.4595272423035,23,1973.2889758219542,74.72265215887063,1.9105096117866087,3.682051638617723,anomaly
1989,1806518,1857,UDP,47142,5888,206.83251074101415,4.901415453015268,FIN,54.72275157440503,59.00233902292638,722.0785907508173,2281.203415889284,9,546.486739026072,241.8796306920174,1.8930155566741493,3.072491472859239,normal
4003,3624425,3944,TCP,15464,6560,787.8705645435352,7.220147462363045,FIN,93.73389829484033,49.88677690172413,464.13681329227353,5458.394431329387,8,1372.4281851746298,397.76771247227083,1.773067363872368,0.4089639293086861,normal
2431,3600537,3936,ICMP,54595,1217,724.0628487237983,3.282493516289863,ACK,20.417939087238857,31.790994574372494,448.9395222905439,8698.534402845946,8,1699.100290889525,484.5937588483972,1.9345834631676104,0.33621411652705524,normal
1018,6522689,3327,ICMP,8984,1298,1429.791448687811,1.9349078610443846,ACK,99.02488369811894,37.489508116476706,608.5172382211125,7758.758475261887,3,543.9925403875054,255.78154997940794,1.5977751062581929,1.531996095108659,normal
1366,6690558,4030,TCP,23486,485,1420.0114068800692,4.424905581283257,SYN,30.49400023689853,32.72983597370006,165.69081277486396,7975.553553459847,32,456.5932052098572,91.93530876291733,1.5028781012458,2.1569275227283438,normal
1093,6299941,3165,TCP,61407,4020,1180.4325316865743,6.227051211788435,FIN,64.59997338375729,43.18849441976968,899.1723507295018,4538.056067826489,4,121.30094416983256,344.64569590340363,1.9711526619496509,1.3833605703046374,normal
331,6011224,4312,UDP,18845,3368,923.0476536846571,1.769018299369134,FIN,50.68351764804848,34.83702244264137,470.45786667357163,3292.203834803963,49,882.7286681888992,380.8277579451947,1.5177180690178904,3.2607846917688907,normal
2894,4092685,2208,UDP,58796,1507,709.692460219866,3.972784441878723,FIN,36.598063723675686,67.87621466665975,372.8615900952095,7597.822129980021,38,1808.9311785499613,45.13287721732008,1.6771919969604419,0.9835885793108534,normal
1108,8596960,174,TCP,28282,4962,566.4588747762106,1.124495988837384,ACK,14.791609143279215,30.282860762379705,135.42370281614052,7953.652930959426,2,1815.6613332070629,426.56817351930215,1.435755932172595,3.5236640710168867,normal
4343,185514,2008,TCP,28377,4617,1423.2769431145553,1.234914271530758,FIN,14.348580993768955,35.73298491795096,176.27466232374013,6984.0016941589865,9,342.71194226713095,416.3679710979701,1.672693603417755,3.8680222020257617,normal
2582,6737549,3067,ICMP,24440,4556,924.217776565794,4.380673542516659,FIN,71.43907691044134,44.11052859412566,921.1567107747214,417.86051316845754,46,488.2697130039504,241.5451164791678,1.748089096063119,0.6303533449022964,normal
3878,9188266,2094,TCP,63548,6232,889.655165144692,3.087381087056506,ACK,38.38649691465482,1.3922215928191242,462.050863065725,5937.87841187799,1,875.2899287756138,284.6070341217755,1.6621899727596954,3.25752315438131,normal
1058,1259624,4438,TCP,23139,7696,386.25662656492653,6.915751093037885,FIN,96.16849943916132,49.7161748478683,724.9620801656681,3535.753709554058,49,1583.1866358110337,359.56995121835035,1.563106647094578,4.807565519741569,normal
1279,5930949,412,ICMP,53554,345,117.71183593341395,5.21508014288518,SYN,33.23920016412747,26.32616051610053,89.71118913194785,2042.308215363018,11,1262.5178187102842,341.60658128080104,1.3700997178627097,0.9721908481441003,anomaly
1085,7297991,423,TCP,47457,1785,1420.5234406513393,4.177530732200933,ACK,98.36884845304833,6.558894948427272,647.029898685219,6974.513107088756,29,1076.314512688411,18.10262931467244,1.679461108522601,4.547421127269611,normal
4635,9352060,54,UDP,25992,4182,504.9161253247482,3.8555475973800744,ACK,21.33690240293101,91.19110857771469,922.304000414047,2758.408743292171,26,1224.6705800229458,69.99329888575804,1.9175860057352265,3.034179266877343,normal
325,4784725,4167,UDP,23755,323,691.7540838204651,4.480718361326943,ACK,11.1786242368743,32.919454654806266,306.9638163726762,9137.127473662971,27,282.77941822436367,89.6693723328104,1.1062213320527008,2.9588148879852425,normal
2790,6672203,2477,ICMP,23809,5087,216.2279181992749,1.2830718184886294,SYN,31.944403618772757,43.182441103597725,583.3490957063049,3050.9828302556293,38,1007.5609202843233,380.28118564532843,1.2205361246867215,0.2690941847811272,normal
2339,2751025,877,TCP,40421,4599,1263.5402783684733,7.249553494944619,ACK,88.6728941534303,82.90697267548593,940.8169132726921,5596.287936472071,29,1984.920250124344,225.6409458172662,1.2077958426498703,3.744018389148127,normal
1289,7786446,28,UDP,14852,5044,90.06615764109941,7.988122090137709,ACK,52.663342505033185,17.51210810461826,722.129328266673,8294.845420151172,33,268.0476791842668,277.2962869295443,1.9308847726035687,2.3965825327138104,normal
175,5736630,374,UDP,5565,7735,1259.2866050436899,2.2704098740108907,ACK,14.429360487783597,85.18057214855276,71.70224736023653,4080.9715464710944,28,1086.5686875062843,388.6168440787872,1.6964729200663533,3.608660215257319,normal
4115,2927979,3842,UDP,41668,1460,253.41326854255183,1.8426807534223382,ACK,21.04740591080541,24.922156859660394,384.9497757878344,8303.713796486167,31,661.7335971490118,177.0813118414045,1.9566092958231356,4.047813706198564,normal
4362,2515399,589,UDP,63667,7346,1335.5179633151706,2.0050422441401667,SYN,31.814805552806764,59.3147512699164,94.91502852641553,7264.5943349397585,19,1125.835264037722,376.9562113861988,1.6245319458911855,2.62374390312767,normal
3918,956205,555,TCP,14335,168,1108.1703241374282,5.62718940764057,FIN,59.426507043458074,68.88215963645166,862.7044202371824,9216.57293552323,48,1190.2556440641185,226.72664456848423,1.5155596074433284,1.3255851232587879,anomaly
1258,6667199,4160,TCP,58709,7214,288.7718806355924,5.630085869155423,FIN,33.90551504788445,90.59638064090976,625.4460741915793,3325.7621696386773,26,1197.198506427004,194.81829200936122,1.813108620632926,0.7164467320501388,normal
3299,967649,4883,TCP,58500,3054,870.4360896462288,6.9354691359488765,ACK,74.95835412684339,61.156161473729064,956.8179273855469,1139.7778413233095,29,1719.1966920906846,173.18825938682264,1.2448480407277023,0.8109106083827473,normal
968,7494971,3049,TCP,64954,2651,503.3516558150682,6.262784718983773,SYN,62.01306206234436,45.86994832375003,29.558765893949094,4360.460029511231,11,840.5200878799558,482.8229595912676,1.4432043046855894,4.336003923189535,normal
3973,4981939,4147,UDP,31555,6411,308.437993421796,4.147827713585379,ACK,87.50854999798067,57.65466588183597,428.8564961553652,7879.553344972467,41,1081.0729090663422,388.2669712473996,1.5196468164808015,0.6266546971956396,normal
4453,9323656,4054,ICMP,15612,5240,1295.814189146107,5.289987530957232,FIN,50.595220809577064,21.00616381128019,113.3204585489508,4559.307622561546,32,120.76395803872225,19.89601097902939,1.3686125550609065,1.9296234245023767,normal
2019,7577126,4336,ICMP,50440,6865,635.1080114354826,5.8179926925760554,FIN,33.78646499600571,69.21835908083521,356.98294439371364,2693.6805089113996,21,1600.1461430015568,479.13358839391884,1.4341570511676307,1.6780304849822638,normal
2843,9817597,462,UDP,13404,115,627.8883858298046,4.589155291996576,SYN,99.63088521251721,19.50119049300497,170.26795512302112,373.27145797284635,38,593.0266440141206,389.96541856606996,1.1702946682319766,4.328623777027461,normal
941,5062500,3971,UDP,43669,3475,296.335678469599,4.329556891161457,FIN,36.20769885892822,56.16751359574744,335.50582239348597,3198.9356492626907,34,1651.454545676981,83.09561008258522,1.2781852305046022,2.393690568464515,normal
4520,1201532,1391,ICMP,18842,4397,605.445230324379,5.515682119498573,ACK,43.43166133827069,65.11276247468841,821.0693846748087,7162.473000515066,40,604.7134661226027,47.40568145154539,1.4019470482978356,4.982267622567207,anomaly
2083,7497287,1477,ICMP,31881,2389,1313.8444271768328,4.902321842829576,SYN,81.10359531045074,89.9597348603677,169.09233321787653,1561.3761866446919,22,120.49814289873524,161.01510589313216,1.816301389909821,3.687903184052692,normal
1414,5194378,2748,UDP,22735,3487,576.536630209972,5.507596137351372,FIN,9.774987155416168,45.56879277178383,478.9281093826664,3474.705865041657,48,394.17950456754886,315.84894937957023,1.2642476193585777,4.256108641267385,normal
178,465462,1226,UDP,6121,7465,1429.8251656246928,5.289983417743547,ACK,39.26252049979295,77.75798943233204,922.3673027199211,300.2914708806113,27,1972.7975148871192,312.10787768323905,1.4119763365858022,0.5023746074731077,normal
1064,4869923,890,TCP,51836,548,1422.1479038521618,6.034375923595583,SYN,9.485299250390112,17.585518342123375,998.7914949757633,7245.374531937313,8,707.6223673011782,145.16656132311803,1.1584282593772417,1.2729802537718309,normal
1849,7931221,3824,TCP,29417,2330,260.10305599565174,5.4996245614801325,ACK,14.791280800603033,16.46345139464868,258.13470699333243,8818.762165806635,40,306.76541382421965,228.3807395421347,1.6013939103439454,0.685876515903423,normal
4662,6011554,3159,ICMP,23100,5758,307.1013176078351,4.638197405060871,FIN,1.4594417243026858,52.95500335827309,936.2124890584392,5728.430345111539,46,325.641726888926,113.82617629973039,1.650125799326835,2.3234736422787927,anomaly
1568,4604623,94,UDP,19762,4695,1300.8774019812392,5.7725776789907055,ACK,1.9448849656551461,60.0377357459002,268.77479399301524,356.1338483370469,31,689.6511567087252,34.783555731701355,1.8789648171159503,3.5942545659279297,anomaly
4231,7963366,4154,ICMP,58633,1683,619.5033324408429,4.146373756297996,SYN,38.648501060782344,63.60176303255791,419.3932139937574,2254.4905942403775,1,171.52557812184978,263.31552903917054,1.8372043986517677,0.8536272053329709,normal
1248,275535,1178,TCP,30341,3384,56.342274310363536,2.6916985818082075,ACK,81.10721668982984,74.82173016035405,879.1443761109941,4440.844439419789,39,1071.828317431712,180.02565578349868,1.3568401592154924,0.6595410374029967,normal
3923,5141709,4174,TCP,40253,2361,447.11413857278797,1.0099275409374082,FIN,59.11343169857762,30.198217288359782,788.3143438750056,5917.054083558707,34,506.1077394297083,276.0123918259857,1.2232583202708738,3.0768976564143973,anomaly
2524,2481017,3139,ICMP,59504,5747,916.5620401335619,4.919749030020903,SYN,63.8564903696267,62.638164463393096,858.9126816514979,5013.135790457664,47,1086.6902186540572,473.7885880105213,1.2404748639893635,1.1592606412794857,normal
3535,4817129,3655,TCP,8068,6558,1208.9356506419535,5.134586586260487,SYN,52.405674520903766,19.625772959825944,802.2541125114061,9167.073859471588,24,367.45201552851836,80.25145273070734,1.9720675487364001,2.4018321080511673,normal
4099,8208623,2536,UDP,6521,6676,243.41349478522636,7.80434275343,FIN,82.15952127288531,22.680773196401667,242.71039495994094,9392.499532374903,28,916.7287351332354,10.96138897236811,1.7059032326066217,0.26507746136131144,normal
3769,918472,2877,ICMP,54725,7084,210.28497840426624,3.5303483386599286,ACK,88.15749379343124,7.663579949014245,563.2071642762961,1160.809379137739,4,1236.0420309623646,47.67032450824134,1.1383137090229154,3.4062579322166493,normal
352,3650279,3526,UDP,56510,4925,1387.0343476798807,3.7589326997981822,ACK,85.12433208639216,74.9530580277343,391.3982111783027,1470.0696942526527,18,217.79988284240522,236.7270650897982,1.2231013295405853,2.7111687443938477,anomaly
4002,5017239,3377,UDP,56186,7367,1139.1651333427449,2.4125970693953316,FIN,81.40107847450086,51.19230406817282,465.113858763885,3644.7436311007405,29,857.6236875770113,356.39669460313854,1.5372200585908602,3.240640265803578,normal
4733,3222131,2204,TCP,14775,7083,905.1804211282138,1.4937400666612533,SYN,19.088594282765097,24.580384854356637,162.41673910239444,4270.225330815886,23,674.7952598804068,294.5741656254226,1.287045923863808,1.3842778364981327,normal
1036,8978182,3565,UDP,30906,712,1165.3208454940957,6.409631450032184,FIN,59.79374631115689,56.06753484432875,322.6098836329188,5902.060257345143,37,556.6836513284047,252.49835761313605,1.823293086500017,1.4002288470540403,normal
1913,2435138,455,ICMP,55102,4350,671.8388238946258,2.7477674503752754,SYN,58.63415641373865,36.069779664744964,859.0706502079651,7754.281522897801,27,1248.6157895605434,183.44193423528208,1.6158954058124284,4.008789060122884,anomaly
4490,8494535,3636,UDP,59758,971,1149.7608335982336,5.262334027210265,SYN,53.26645637101647,83.88378111863757,898.5828257873023,1444.1002850612513,16,1218.2297729542738,161.88734405043547,1.6513689870103687,3.5956259417942826,normal
4959,7784874,4026,UDP,43096,5970,589.1143373480768,5.814411248818371,ACK,48.60046614037983,53.28664019874104,614.0515530601472,8046.132991167649,45,1298.3296326876177,194.38022580144025,1.5165429932442906,2.9028459694810866,normal
3122,6591828,3885,UDP,44218,1380,403.93713011427343,4.298656811041534,FIN,9.827877241451965,3.9512615625287872,503.28458443074527,6139.280303405609,27,401.8770738217906,309.70112746444494,1.330456497883684,3.1444359441525815,normal
3174,4218690,3347,UDP,44850,5147,1107.0694608748045,7.134464791190341,SYN,11.114160156715974,98.52443334763416,715.7112912678073,9810.756161870515,9,642.8475652384227,92.19943837411275,1.630463251882292,0.4792804557105162,normal
1377,3650886,271,UDP,23473,5582,658.524823628039,4.106563886858101,ACK,90.32587547362172,8.35555528535749,612.7647177199802,6546.56001301707,5,498.3896781906496,387.9674206967666,1.7452730415446587,4.282294809211756,normal
2458,5534326,1858,TCP,45052,6080,1472.9968012729826,2.994360361292356,FIN,63.38845747299867,69.8998607011069,983.8382562843354,7189.305896933105,8,1126.9568494958996,291.87408764562406,1.4338532698671502,3.8518360947281964,normal
3723,4447460,4035,ICMP,52355,558,556.7535143467464,7.272108660731356,FIN,26.969404235302633,44.288328081058424,198.18790424256125,2032.567777381478,18,976.024809498271,141.88662502959954,1.554449267556052,2.9565527537790035,normal
3341,7294708,2276,TCP,55143,839,1386.5047597700457,7.030949989749695,SYN,28.650738532132166,25.682462845489532,454.5542789840168,7711.733358054459,35,727.5581014262251,255.56495177752905,1.8557155734248298,4.593789704193527,normal
4083,5045080,101,ICMP,34426,5797,1402.7956954222652,2.148279629534891,SYN,61.40928833321438,67.9693652118274,919.0580972626981,884.7351590634194,6,1593.4281368500228,481.76155696573153,1.2338135856402144,0.851503159420005,normal
753,954122,4232,ICMP,53807,3182,400.6867732438819,1.1817271284774467,SYN,41.28656248893055,13.463838016793714,915.589689309439,6599.651318263042,43,278.5501143759273,20.040849281145075,1.5907019773466904,3.4364203563104923,normal
624,4664754,4185,ICMP,33567,3945,1207.4207133026193,1.629898894447345,FIN,44.691092927524366,85.96642314719269,500.39337809556184,650.1717976021434,23,1952.30370863572,107.7660940416023,1.4135713956463054,4.815279070484283,normal
3282,4518562,3319,ICMP,59767,291,677.9580324596194,3.0058317898767193,SYN,7.004349062808483,25.810586605400083,143.46091198136764,1240.7356309650083,46,321.43374784910554,229.70631755260624,1.7325152823955074,1.5569447332039053,normal
4833,6541180,992,ICMP,30386,8021,1380.4108544840046,7.805818612191975,FIN,14.73517952386473,36.783912180012756,816.8083878179734,1167.8761157342487,26,1568.834543879902,322.8354636721158,1.1169292188461553,0.08630864719687253,normal
2682,8504197,3453,UDP,28339,1048,702.6801953210962,4.909613072125776,ACK,39.9416922298026,63.631719994115436,589.3135346383141,619.5922417433073,39,799.6373594055805,113.99185047988774,1.7034259698228698,3.676988660175974,normal
3878,1194982,2543,TCP,28770,3685,1129.2403901391808,3.612832124204882,FIN,70.26895557354207,1.1019022409713006,775.4343556986842,3279.275277764374,24,1743.9982353504306,466.38793470433615,1.1926079606145688,0.04483181903607405,normal
3280,9008611,703,TCP,11081,6038,727.1027432875069,7.221012662289224,SYN,5.7545133723914015,47.80211282449784,467.89839509648436,9944.089333235108,10,240.92290268990791,324.86028608807464,1.1582909776942922,4.363942909419014,normal
538,8583447,4130,UDP,47137,1262,380.31109578364146,4.1719543203494975,FIN,34.121221490277236,89.53064322866547,211.84508271745833,3547.4311477692095,15,811.9712493654418,439.94165498865095,1.7521609708627517,0.29094324799681354,normal
1397,6655754,165,ICMP,43939,1161,339.0576869697951,3.206670398807148,SYN,69.81212324151707,68.36114848608999,33.74951340472562,7631.681542051642,38,737.3424723504489,171.36578582265608,1.6763079376136663,3.267296002060667,normal
3731,507453,3598,TCP,22085,612,666.875231671701,7.588536701219602,ACK,79.41302825457883,39.40213612892482,563.5468861513547,1409.9384569852953,20,1986.9983726285172,416.1874278102485,1.905442337803393,1.8921488806715205,normal
3223,6549894,1822,UDP,52394,7139,1145.4672526706117,6.9466236633487455,SYN,19.83184970543602,66.38201838629085,169.43571709277367,4599.461694628001,29,1972.5430902902885,195.32741628072867,1.5676894602205806,1.024669862046497,normal
4639,2508743,4124,UDP,35181,1625,927.3536535121119,6.905678627936087,SYN,73.41722605745225,93.72037306543062,195.26583651184325,1932.6467720924327,6,460.6275214661372,133.84836850599044,1.5770219829744505,4.492309415270607,normal
1717,1556811,1417,TCP,46863,4230,1048.5124703557876,4.585993201351492,SYN,95.58575771382392,19.59272636676235,441.9425746475927,2001.76198392272,48,1296.8992253268439,456.71111619025856,1.7363160520188954,3.7337668011150424,normal
1687,5078198,1226,TCP,12346,6426,459.3732085613166,6.526068791708185,SYN,90.77440285954839,53.648992875028064,447.6563027045088,1086.9313620829757,9,1117.4868978307863,55.18705308263873,1.391057818717926,1.708798425054868,normal
4164,6185377,1420,ICMP,5300,3397,748.081251638528,2.255473514851863,SYN,79.14823166037338,24.239020540096433,281.6432193036482,4377.237114976528,5,393.3096333574036,472.01551006763805,1.1332212098797394,1.4279239333575529,normal
3603,3846474,3507,ICMP,13330,5793,114.37313420552415,5.012560702893706,SYN,71.52034191809248,85.56823927789974,140.60298633923378,847.7957154118271,48,418.78144159840383,234.6724508751267,1.307041243147152,3.6827013478640853,normal
1050,3925482,4382,TCP,35041,5561,1235.422003139275,7.88692145993282,ACK,24.278692493957262,72.38397490855476,945.5032243041143,9107.132427921042,39,1979.5782841111538,496.3864820080722,1.31421207070673,4.184488105405589,normal
900,3233452,4850,ICMP,57816,4091,1485.3436352478182,3.0367090136257318,ACK,63.75641947776312,80.30651610469988,140.32420971947732,4534.213183562349,19,960.1869878797721,274.4013803301641,1.4020929652503744,3.582093816836089,normal
1438,4948796,561,UDP,28766,4322,639.9746408057728,6.560466304733726,FIN,64.6841253872193,94.35817339682345,357.26485875511815,8401.804800235026,5,339.02245480013966,381.1692043203285,1.9491164597364166,3.2035462329283497,anomaly
3762,4291697,3404,ICMP,32624,3714,65.89729704073785,4.43334885045647,SYN,41.2753118771761,23.99856886183598,311.8193126813718,9796.69805208457,20,508.1010736045831,13.46479800562196,1.8243585187968332,1.1473443786913577,normal
1417,6887940,1186,ICMP,55888,2370,296.1993273488737,1.2786397825546114,FIN,49.80853070839282,5.823197980059041,867.6745179889664,6810.013870320372,11,609.8613277722443,253.36674178048094,1.9423606206846729,4.265491876549596,normal
871,3813010,4744,UDP,64686,4227,996.1639727381073,6.341135784709672,ACK,69.70882032929597,29.799468296723713,415.96182399378483,9024.956495628316,27,1070.7428003053767,371.3522010928765,1.9987486311017004,3.7508132974572908,normal
504,1479081,4342,ICMP,18653,1460,937.5150113955958,2.1799840107447896,ACK,95.25805203533179,40.51479155419875,132.80306424202067,1440.1384529797235,29,737.5414460619877,393.58523977964006,1.49040110367834,2.5911987059344077,normal
1674,1571889,1007,UDP,64102,3646,1192.4038433990388,5.420314969929251,SYN,30.235314635662128,62.89082086061377,20.158418120450435,8316.937094038114,7,964.5223931908498,87.44380547478303,1.3043659850122742,2.5628229337112356,anomaly
2822,7374372,4086,ICMP,9269,1902,418.13181589354883,1.5996493583288103,SYN,25.38995204378651,79.97275168509533,724.7301074397797,2785.051598778761,3,416.3491470925892,215.29576568756153,1.6040037451297242,2.8501734087586583,anomaly
3776,3072640,2741,TCP,32438,7472,1157.2662775433444,7.628071782471753,FIN,60.57888233758829,35.630525516641406,717.3560816421717,4778.720584537393,5,720.7845121162618,215.34525947847598,1.893020972553307,4.143099206951527,normal
3197,9935099,3947,ICMP,44894,3731,1047.5768312093212,3.0420672102625264,ACK,13.949112032694632,47.87620168695598,423.6058346000954,6501.168226033889,13,233.60152616373267,60.783996164537385,1.5191586749131205,3.713875148699412,normal
4139,5254974,4062,TCP,31122,204,518.0810216850728,2.5852528417417644,FIN,58.67075021829358,78.761259332633,135.04492030920034,9045.081566098615,16,1790.4495196041125,227.09229876881867,1.5548593723150281,4.282662519789957,anomaly
4856,951922,382,TCP,50018,5880,840.9578146825949,1.9039548284643402,FIN,9.79629702207165,23.307543906548755,377.91747444702037,9118.838629204445,12,477.6297066202987,405.47554976104266,1.2209951953350442,2.5413410305770245,normal
2240,1685449,2258,TCP,11612,5016,263.54702232257375,7.622015353373334,FIN,49.56780408084637,22.496060865904752,593.9836264078606,1011.8135337042654,39,1538.1102573146038,157.08856143330362,1.478409943310985,3.1269988045011035,normal
966,8855198,858,TCP,1466,240,706.2185299815948,5.983326197089136,SYN,62.421023096639836,59.33406599317333,706.9035123887726,3709.099339328478,27,764.1483975863574,221.96151572800272,1.4482953288277205,4.274313316410938,normal
4036,5754371,2566,TCP,40768,8051,1327.7361423556795,6.19162622102662,ACK,7.940854288011344,44.169626221268835,87.45749350993344,7952.434546173746,45,1001.3549059856073,480.8697556804499,1.4165196525789048,1.1692771002818096,normal
2925,1434284,2332,UDP,38467,5583,660.7275007468166,4.495831929661712,FIN,21.4883620429143,94.94078350050808,560.7443959085322,7061.253203399032,33,653.395974976331,25.536957186865486,1.8985688029317798,2.2256631944785576,normal
1490,1118374,513,UDP,12827,3208,1267.3717243893618,4.323094496893384,ACK,34.20205420307297,36.346023755473226,283.3628376636562,360.8892057061973,15,1423.2384151040028,299.8456662687243,1.1533712898910997,3.107054662527141,normal
4450,3000610,3199,UDP,41745,1113,905.8673796265568,1.7701487009403365,ACK,37.49127082342974,76.19600474717646,621.0936242623062,4553.905110063803,21,1704.6381966219442,374.28368497103827,1.9749324646076123,4.5765798242169256,normal
785,2299756,712,TCP,38169,2965,328.2212339984173,4.918887669087942,FIN,67.93435968216168,58.72618160293953,651.6587216361132,8309.605641723814,44,643.9133510052174,382.8323926752774,1.1074221427458224,0.08902169512016363,anomaly
3618,7101052,3635,ICMP,11623,7257,892.6040548119498,2.728415465761533,FIN,53.373112715392885,6.403033103017951,911.4976647569713,7403.075929604351,17,560.2135229608257,360.80963219318176,1.9510346125548281,1.0707400592844054,anomaly
3388,2789107,324,UDP,8082,6785,783.675827277742,7.840017329602841,SYN,38.828738560227364,9.354169252935394,416.27459163507035,4177.312944089994,37,1394.736504381404,365.96120729953384,1.5932427525546893,1.1799080337288392,normal
3065,8419865,2386,ICMP,18230,2494,628.0299360347568,6.576066580106032,ACK,45.61694917982335,21.11249233080903,542.2147535339643,7378.095111232879,49,470.79081507866965,38.91620617979443,1.7322007199601042,1.6397972745063534,anomaly
2939,4602731,1050,ICMP,12918,6807,223.46413729830198,3.890944421350213,FIN,2.2846903943736825,15.17210966205357,275.5329715329042,5556.986020452405,15,1315.6955546585673,271.7269433768031,1.268419564725611,1.416115235899188,normal
1011,7174877,4388,TCP,3963,2635,654.2275625784832,2.059388810840731,FIN,77.28200265145537,33.60777747479982,293.6914539036761,9135.027080876036,20,279.4133514179075,393.65484511205545,1.6887903851149462,2.954792539955571,normal
3039,986257,3000,TCP,57272,2032,155.50544554745932,6.497321837971488,ACK,5.059464180783464,58.319902683870325,55.57344374574888,5912.559026565383,19,1278.2606039253058,56.0918740282915,1.8937619016749594,4.429245118631179,normal
3898,1102267,267,TCP,23173,2510,193.2151245281893,1.854376369569212,FIN,83.10243179933403,60.633891757731234,293.2082528755213,4067.268370064244,1,1075.472794619823,15.904461969565252,1.2255321258502865,3.188519426951223,normal
1076,419829,584,UDP,63104,620,653.0789727524382,2.3253362744794934,ACK,54.55865562005828,59.189010731111246,73.19040269475133,8642.91418322552,4,316.42085959498587,409.13529748383246,1.214373451045961,1.2152175291822522,normal
3915,7041906,4679,TCP,2055,1180,492.80314885427237,2.480643624209592,FIN,53.25409993122719,12.643254828682254,964.2766326799714,593.7015388357449,3,1333.2969062427396,359.0242499075797,1.3735801182345255,4.3201267218497215,normal
2913,3439780,1562,UDP,11232,4619,1392.0392725002241,4.89823446791166,ACK,70.75328414954673,60.42231567518911,628.0206030223435,9015.055372011018,8,948.458598364744,211.98114428807688,1.2455533032278585,3.1639084878460912,normal
2551,7518750,4528,UDP,1586,6294,594.7734178013923,6.509396577932564,FIN,86.09639373269306,41.564941798881115,181.41707557443112,6993.833463528075,41,512.5185965524629,470.79425196134423,1.1995812632840124,1.102621003689629,normal
1997,1547933,767,UDP,44522,4333,1148.894277004545,3.2002041510728456,FIN,94.32196850148677,90.40221386001997,125.59869622213176,9411.998018198372,44,771.4298958341369,385.6330663792209,1.7104871323867625,1.814716020460851,normal
1227,8714937,2820,UDP,50516,2755,818.8589132310519,1.592688699927026,SYN,54.7936188371545,91.28643541466175,376.421394272768,2579.9982043568875,5,1034.9940007139662,484.25186138722296,1.292443952521242,3.9519243856315147,normal
4810,2957151,1114,TCP,21975,2238,1070.9242195313864,4.2517692446709345,ACK,15.915164966902907,77.04920884170009,314.57085137265295,6979.721509934627,9,273.95303180232577,465.364477178259,1.7003134094617876,3.6972665956207,normal
61,1228222,4534,UDP,49944,5614,427.1681753723288,6.236771688119549,SYN,87.9844616911277,70.6076079588232,286.4622331053085,8113.686342369347,1,1919.458017943873,245.83386545986048,1.8757363044042346,2.8871460238331563,normal
4449,1544812,3469,TCP,47790,4727,1415.7622106155773,2.551646901611718,FIN,5.026529818641377,12.38031901442983,473.514084481711,7050.81553988018,43,1364.5680968030304,379.8073995353474,1.6868223122717005,0.7323898386754035,normal
3414,7832038,4002,TCP,58038,7155,818.6283205259148,2.5394718362756197,ACK,80.926379901261,9.384726947083024,913.7451045466988,2182.3036526637243,30,294.8164644466224,337.9037805157431,1.207430362923861,4.018413593599376,normal
3072,6836032,213,UDP,29375,1172,1255.419903363612,7.630589191426976,ACK,68.36174101613916,84.2425354004945,572.3697518589994,2828.336723921152,7,1663.438150224073,407.60815294532085,1.6162198166427006,1.544637217478213,normal
3421,866256,2785,TCP,19704,76,579.3162555403645,7.679076089834245,FIN,90.56803313487167,43.27456582928806,526.019189540753,5710.749249681469,22,712.8543687976762,395.9673171029861,1.4542658157903958,3.86027371560582,anomaly
2880,7949745,2342,ICMP,50410,1224,195.30645612326057,7.933260124431035,FIN,89.84885187449724,45.68486524489366,808.4829508094474,4522.830966638618,20,1233.9191197550495,85.08366531628111,1.4090338430502454,3.2413561651536713,normal
92,1917,2002,TCP,22610,4361,1026.8818891952308,6.653617211023461,FIN,6.2622544582708874,84.93151591129,13.98436548092027,7377.66016532363,29,626.5713990011892,124.5304105861877,1.386678321766849,1.328209705401156,normal
993,7305000,2253,TCP,10332,163,61.2514900892655,2.317289184175619,FIN,61.335194310391536,62.52166494701804,205.41181246368114,3848.899245516572,27,1493.4712953377536,140.208472817008,1.936489001437681,1.069722448381957,anomaly
2440,7151406,316,UDP,60276,7238,739.174816019987,2.4838706455948296,ACK,13.342474061651975,18.761316849308464,501.2240750449477,8608.857166411253,25,1473.7170525001943,411.06429401633517,1.768256711009955,0.6632405170560167,normal
2595,7069931,1697,UDP,10633,387,329.5627588663659,3.3815766906567437,SYN,8.768392562661418,21.890309669748692,708.255969916846,4376.012009863827,46,1148.8825680575942,407.26343492530253,1.2204639106222657,1.2173117205746977,normal
2461,4474447,4119,TCP,30519,1502,959.6944814312751,3.226927719334436,ACK,45.37943743724232,1.6313397344486416,490.17791299024196,496.4086790764448,35,557.7586256959983,252.71432000032664,1.5284049317592174,0.7975668220212085,normal
1054,8651699,1870,UDP,18699,6381,1470.1588160498857,7.695694243546064,ACK,10.662156445025325,71.35633930021491,172.0788214878684,271.90435126096247,27,582.0372342730764,294.60780703344136,1.3864007677285277,3.089085726460879,normal
70,8792765,1971,ICMP,29088,635,723.3842141649367,6.523517880171855,ACK,73.0623359281467,49.07555419095402,930.6829894849607,6502.751602237023,11,827.4393137203916,415.1918549545159,1.9801444812913624,2.997927763696495,normal
456,6877913,732,ICMP,54903,3658,1235.3724719622167,6.0680615451308775,ACK,96.92513034025237,95.04642737086614,335.3784797943908,5451.475870990076,17,375.5231180529421,163.17086433209417,1.9802260756578525,2.934998580062658,normal
1064,6140996,789,UDP,62022,3348,786.2870710791256,2.301742568406923,FIN,57.38871282052618,71.68726732357852,790.333524580559,5473.171969227258,31,741.5458550627548,34.58760068901802,1.3875810268997315,3.2130301480319434,normal
4481,7558773,538,TCP,9744,5997,768.968045100835,7.3666789155363075,SYN,24.281718086606972,11.212113415890103,892.4992012516366,7921.089258681611,18,1400.2737423717938,246.47225475679193,1.4169018045309092,4.075774824483186,normal
1888,8638873,4903,ICMP,61692,3247,1399.1140651092278,6.795092656543217,ACK,84.47743276101414,16.99260453398768,352.9848839117798,3819.630322933224,19,1678.6060321129005,457.72140048584913,1.639472786422891,4.568628030633519,normal
3238,7738777,353,ICMP,43964,1608,1340.450509682688,2.1454928892954657,ACK,85.45723411807258,50.67074003154927,846.8586635168036,9954.925276190348,38,731.9063519373867,397.32944787043573,1.5313763128947502,1.159573934129793,normal
764,7555159,3796,TCP,15481,2509,1189.4106745225629,7.098192323726807,SYN,73.54581126407504,92.56254269761052,713.6659463351294,9460.747996037537,29,543.8214906832916,189.64247852315802,1.2917907849425974,2.942994705942939,normal
4196,6566792,3692,UDP,3963,7004,479.57084230933697,2.905732754593299,FIN,61.89808629652173,25.47785789849437,905.238028295386,228.32149486246465,15,1682.0208988367551,41.73796663658999,1.6943709502897502,0.4008977440238846,normal
3904,1385822,218,ICMP,48137,3023,840.2622027997138,1.5660882208247422,ACK,86.91145302042067,82.73243998933148,258.7975947057479,8967.853405167687,7,1792.3376520332504,322.09055763742987,1.4007157794877148,0.6095107673944197,normal
4469,1808402,4746,TCP,49950,718,374.65098829324324,5.597756145599471,FIN,17.165876517758345,31.914969593431838,931.9648300768929,6837.441538664061,37,879.0408942929222,418.90048997655487,1.688344848498951,3.2751531716773385,normal
4934,1950902,3416,TCP,39227,4991,693.6792121674827,5.576632615690315,ACK,93.22841250806043,27.719821766022033,74.65341190323097,5070.694334478745,37,151.1178923143043,335.82479756277286,1.4453133700950198,2.4380370028353497,normal
190,9524979,1321,ICMP,24389,5801,752.1089453516964,1.6645240669593266,ACK,94.77311177184626,90.23788218371908,795.7345724525924,5869.1999935310205,7,1420.4270796988887,218.28658573387966,1.7301889044706447,3.7940771133038242,normal
4615,7506191,2309,UDP,6416,2843,1255.87805824553,3.231962662556077,SYN,87.32724502571621,5.676917615192624,441.3083704946164,8434.38789631678,22,1589.663148747946,70.44327045774496,1.7010195238006856,2.134130630142951,normal
4932,8718429,3346,ICMP,26929,6925,1349.24112972124,7.94970123578877,SYN,25.815541436435243,66.41336283465056,186.11106718443105,9515.270181522936,12,134.24608101243643,456.27937962730385,1.5579314803289006,0.6467160500963611,normal
1013,9049595,1957,TCP,8996,964,651.199090474893,5.748986669061158,FIN,85.95966024475229,5.2735839138410885,88.60892555165279,5647.30288489078,8,1230.558621348875,145.21957961915766,1.7342659916397478,4.3615477326158185,normal
422,244877,929,ICMP,51409,3901,75.67144535619394,6.110526166223304,ACK,50.266182971931485,80.27561487058426,395.65203875994865,1894.7853271670401,18,1217.9006406639326,119.90064788155007,1.5148691086088137,0.42361347101515817,anomaly
3685,3346026,2054,UDP,31677,942,1299.572067694564,2.49042099923014,FIN,59.898093502681704,83.11103114059514,395.43068250925575,6433.564439840423,28,819.5450266210366,409.8285661487305,1.2045244696851107,0.9529335662515563,normal
2591,9937027,428,TCP,27353,7098,302.70408382697303,1.5514744970274004,SYN,84.21946162791036,89.44230089130544,237.65781046391558,854.5677870469486,18,1524.5579191165916,490.79776997468997,1.2638956280036193,1.3921145611496366,normal
3660,921759,1759,UDP,20208,1766,951.7288476410706,2.9383118281865634,SYN,3.928701609978514,19.422916097811978,223.36024436931442,6387.873494665191,31,913.5401724172852,333.47852678493257,1.3213938207490517,4.976450229256479,normal
1742,1762369,2852,ICMP,61301,4140,86.20780562949022,2.7422886963523436,SYN,36.93131662538893,13.325317436713645,405.5191550663479,8105.256845016047,17,1385.8743084035918,316.1571396220298,1.156906035403127,2.0901305026781594,normal
155,5787572,1109,ICMP,15823,2873,629.2843891278181,2.6418087052363717,SYN,81.7536443472021,50.84996960925523,416.0127443731057,3597.9812212102806,23,1082.5228788067886,166.52112591832065,1.7402430985676032,2.5135255670857934,normal
1731,9856780,3402,UDP,61127,8040,1479.6424380672572,2.349280253209277,SYN,81.58152359637059,27.891629534445542,447.94115117156036,804.7258001262195,11,572.0827489354035,20.002590835713377,1.4306512041484565,3.8507867873596036,normal
4147,7563160,2782,ICMP,52951,5803,196.0057216005145,5.02328983458783,FIN,85.02010476141035,61.023449752459456,870.0717928604903,6953.038671287772,15,1252.3516397192502,103.98095425312772,1.1841709666942977,3.1857137708406804,normal
4066,8387369,2490,UDP,16076,1579,664.3550703994813,3.2967243308927525,FIN,17.752374113809637,51.860981766504985,615.1419613585299,3459.354626668933,30,1500.126140207099,296.37091391272025,1.8379623086530223,4.208689252787254,normal
2686,1859997,1555,ICMP,7068,6927,495.36742777543066,6.742415105332713,SYN,70.88277520456805,15.34035891231725,30.22883441080976,2566.056853617461,31,1950.4207795303068,84.1450662898623,1.7152888560172175,2.4373029583535897,normal
2187,4981249,1080,UDP,20895,1103,1362.377778912983,2.287631924931688,ACK,15.50383071003644,74.18777889132534,523.9082493445619,6922.899413538095,6,822.2069989245856,443.0795453963503,1.5070018134149308,4.861166660591178,normal
3466,9808434,1860,UDP,24791,3558,1310.5431564656649,4.252389496079811,ACK,78.7247028861515,80.57465347406712,764.826783025897,9698.90604219707,12,222.49783486606708,102.19089704791374,1.3226828015834609,3.986093684315677,normal
4495,4976467,4208,TCP,48207,453,394.6632024440318,1.0956048549825599,ACK,25.267474440996242,96.34125921702723,65.85016357807201,7478.691536514801,23,1977.1453203205685,265.8311819758318,1.2365713044135622,2.0128132876831932,normal
3580,1430290,2949,TCP,21258,2946,167.72229122312518,4.371776257186344,ACK,74.04395503110766,40.1583487597528,428.38180048136553,4964.365401537817,39,1285.232652908519,260.88649042670954,1.5125367725795558,1.9125463964967875,normal
1336,5189757,1913,UDP,60895,1109,959.3506713886204,1.3908675461353206,ACK,46.045160234269275,34.43575861267388,456.6980418249914,6045.056151999067,40,1898.2558705054614,305.93335876352876,1.8967211687095062,4.648161048300647,normal
3229,2121711,688,ICMP,22405,2977,537.7346322313791,7.844064583108505,SYN,98.64008299072447,20.034002945973903,954.4802478124179,1508.5611959893097,36,297.2714634211268,170.4426941618391,1.269555790944773,3.425234022715439,normal
3704,522244,998,ICMP,18298,2632,1024.5223663787915,6.5341449005528895,FIN,58.40948924417881,18.90564046571066,480.9271142451307,8150.811528259798,35,749.8642957538696,438.0317585220045,1.611793306092339,3.1109538362829365,normal
2409,6272271,2485,ICMP,47650,6067,96.573646298331,4.430780336455188,SYN,63.62535705780833,32.78427525261855,752.4012600355802,6082.520605053047,3,354.47972785817615,227.70775262778412,1.9655173957000303,3.791574880794716,normal
494,1400769,1617,UDP,23328,6269,243.42889100735965,1.6061115072554517,ACK,37.448187871277455,98.19985353307254,309.8730247569623,9661.72094018037,42,1687.469293705913,353.0752535809213,1.6734049172881518,2.80856080227744,normal
85,6914744,2879,UDP,60433,4211,1045.2397375203327,5.1471180855329,ACK,73.71749562689587,10.13360879769147,781.5135846765471,9796.885346070485,28,1772.6512087157007,321.59632187368453,1.4959682571402815,0.8042421976977762,normal
1525,5920359,1512,UDP,18596,3779,357.93745018862177,6.3113462549131425,FIN,49.993678469378665,26.677254005670868,329.43574283236717,3610.4082551599904,15,1052.492229762539,67.4064807286546,1.7447356756450176,1.6028851557713713,normal
4007,8877659,1799,UDP,39436,7738,1293.5021298554823,2.335020771033217,SYN,2.7885968744905507,9.511861290629119,435.7233514715597,9886.604761575441,13,454.5518135578578,315.0932828242796,1.8421201271168357,2.7941448699077593,normal
1848,826782,1435,TCP,62665,4283,134.9567871796964,4.977458385512436,FIN,61.24957818968887,28.089507880838017,484.6874550335809,9572.651928215644,19,341.52604117544627,279.84431221073703,1.631464668098158,0.10065742642656311,normal
1895,440439,2450,UDP,50916,2109,362.4488750390832,6.699476288680076,ACK,83.21549945250679,10.147741820539794,927.0993397238312,6434.336441670847,40,1217.5118091523927,450.3159909953939,1.8846491230936935,2.1923800177665065,normal
1458,1265134,2052,ICMP,51545,1922,1497.9123603033495,6.377734443524215,ACK,24.443375235984615,51.32257780884679,62.91901232681887,3401.297841745647,18,1062.115016712071,441.62955187760264,1.563132583438164,3.781456367586924,normal
1758,6768567,1288,TCP,26989,6267,677.9603487508493,6.6209441250700705,FIN,22.885311753433278,44.39720969851132,204.89847950069912,7558.0681854029135,31,1420.0992944985683,83.96784583170671,1.847026101985631,0.829527682536199,normal
2988,5760919,2604,ICMP,19408,5984,1069.300212139733,7.155263974088038,ACK,61.27973212880777,18.230982708269753,708.6853187355289,2785.248590425745,37,679.8937989779832,50.02572133743776,1.9568173163651257,0.3321491612829595,normal
1350,1895554,4699,UDP,18879,7391,314.8614208426698,7.563774715116292,SYN,81.9799483661239,18.305981483743427,581.8018832831491,6335.454577078348,21,864.4991905462883,154.3501874133257,1.5511191203211654,4.181785412231216,normal
1293,5856319,2446,TCP,18944,2587,934.3096657290297,3.8386480864247514,ACK,25.71241344651401,62.98479829821989,259.0160765108261,343.35797661568387,39,140.586040317199,493.4402997753113,1.6445015440267927,3.090196603632176,normal
4026,7606503,3813,UDP,17726,2018,1102.8537991356568,4.98138371766014,ACK,93.29400247306087,39.32501256006378,296.3088786160948,6322.969685787319,5,1259.271785643505,20.571150439095206,1.6485207886548516,0.8911290727224253,normal
3147,7985638,2215,TCP,60632,6445,505.99112200644026,6.534616682319276,SYN,92.81134831147335,6.563298736592436,373.6363907525931,9520.92201886226,17,903.9726905583078,339.71719739070966,1.8032913772384616,4.033461853110135,normal
4666,948272,1037,ICMP,38945,3134,1251.9008123650228,5.879978697620482,ACK,20.8531305188854,92.09906737693973,455.8434798370252,2427.9161227915747,19,1847.552804245551,308.1717295820788,1.8406692561596807,3.2940660627211895,normal
59,4915082,3549,UDP,2918,3014,924.9554887848108,7.9686415978506515,FIN,27.114656793624754,41.09029609517024,819.8470500202503,7803.976918486197,4,1319.3939656391292,326.82335742433025,1.1245063845854548,1.6772551555457067,normal
2475,5731482,3493,UDP,32009,5249,614.2283639417938,1.095743557732509,FIN,70.35928228386798,59.513707930812124,23.677321707242946,3004.893144164456,26,857.5195337544183,116.96008598766332,1.7600236076813491,1.8872193970890787,anomaly
1710,5942028,2251,TCP,29311,2030,858.58147034758,3.485932507210535,ACK,95.22157779341818,88.65578304191898,899.0395438013436,7107.712512413551,24,600.8194436593658,121.09149944192646,1.805433720167214,0.7878819343033713,normal
2681,6601430,2775,TCP,63187,7397,886.3032287820902,2.967195483891417,SYN,71.27838618885515,40.81374073009113,418.8968405152129,7029.726461747901,39,1820.0413909545136,221.01462026517405,1.730386495512413,4.177925415101614,normal
4865,6344902,1183,UDP,61190,4864,290.0261744061057,2.8362109511587423,SYN,45.04510493223326,82.24534390171367,238.192542390749,1928.9036427357373,38,130.9036408231422,56.97032546280861,1.7423260933907865,2.5499431917022726,anomaly
1122,3120734,3240,TCP,9015,1911,633.9619363071009,2.5577084774922003,FIN,17.731133296223806,91.56047023569204,513.3285725320718,6011.566313168097,46,721.1336877795452,46.5604724192807,1.1372625732658426,2.7895251924518663,normal
3275,7749408,3360,UDP,16463,850,547.974352628265,5.9638668857066035,ACK,46.6399750351225,18.232670982673646,663.0733422725825,8605.772635820222,19,1892.6606091972665,53.29613220818763,1.4978347957540155,4.418624656836761,normal
1366,712943,4921,TCP,64164,68,631.3089477397328,1.593316312927253,SYN,61.070011405084884,89.35675354032759,54.30469700166747,3887.0773874516563,30,1342.6627132649908,290.7597939400663,1.8363616847495665,0.08899477610093863,normal
4195,2622158,413,ICMP,30108,4230,1153.610353303624,6.191261837603368,SYN,33.76423997670838,12.863412223931437,718.6195781494217,7131.741818354234,26,1112.1662354382684,204.89350987996795,1.9406064271655934,0.3439460819912274,normal
3733,7731484,4998,TCP,43259,1198,749.6806908266753,5.853980894113914,FIN,51.51552429880889,28.237613528553968,763.1535757080238,6776.85734882201,11,486.7159640488121,153.87222252206405,1.3065211285147413,0.8162791194804769,normal
3323,6144243,2735,ICMP,28683,5788,1413.4584221969333,2.7556289275062746,FIN,13.891198704541887,81.01293331737342,174.5204614801851,2649.3886178259763,39,1683.4120710833356,164.75149602913973,1.6212754463175156,0.1598886873098464,normal
195,2439064,3392,TCP,26000,6666,475.83079936973246,2.769836482156129,SYN,45.766622346746054,90.16777028047356,176.20261409313386,9194.571241878462,3,487.97821892627456,111.56881986604613,1.8238972155955253,3.2941992215557536,normal
3090,5755640,4173,TCP,39727,7866,652.770188513147,5.402024097411515,FIN,9.986806074025846,68.72974004893265,211.74670899546808,5678.769632751102,22,571.6817098903749,211.6376143077481,1.7771668785732673,3.1730585462597203,normal
1512,4231207,97,UDP,18131,8020,1191.08737519461,6.3351977383857445,SYN,5.859786244950069,11.377759102726781,798.6624249466307,3617.397302374689,17,464.5171714565249,109.49845390798401,1.6570011052820712,1.061901495615638,normal
4726,5447441,1168,TCP,3353,7898,841.7356603150879,7.1353992916115585,ACK,85.86675164433339,52.776235413570504,279.2830253718772,1727.1479194541234,11,400.4839750820917,352.04256072667295,1.1168220694358002,0.7555381599846068,normal
1634,1999173,4283,TCP,43119,3053,843.1908123154492,6.964976946981331,FIN,21.303076830461418,57.69077679592737,797.976479673811,4787.237688955713,47,1911.2937423597255,70.72693120042871,1.7514972561004094,0.7369666599191675,normal
532,5859204,2867,ICMP,3794,90,127.3432363575161,7.754180959146972,FIN,57.9403775836654,28.9041132700651,545.1186203494606,7328.12303522683,39,1243.860032668486,474.6386214446148,1.7959182529509334,4.766674652460025,normal
3229,4707797,1391,TCP,57721,7175,627.969510941761,5.069694267355578,ACK,15.749293082589249,99.13828488313938,769.4996168700907,6274.038670732781,47,1311.8905508191785,54.01128066236828,1.7505645559630714,3.47058759783746,normal
1299,1491017,4691,UDP,5870,7706,442.5639120115121,7.3605889293825175,SYN,26.990229520019845,34.22716772908033,558.1363112628147,7297.820339572357,27,1913.2183847896886,472.29574999713924,1.789228245340961,2.9312898540407453,normal
4818,3103641,2074,ICMP,17675,7899,1499.0359281051174,6.659592912822875,SYN,36.77260255717895,21.815222160131665,342.41121021967285,7938.431447773803,49,538.092604738569,418.3145360449993,1.4878234034109743,1.6192094903074206,normal
680,9259054,2384,UDP,50068,5475,497.1148524168499,7.262673370198095,FIN,15.223967199122253,11.903466836552838,911.6070012314776,4465.947188245455,43,111.24332333561492,343.54893910055637,1.9943769313328519,2.1708855575648602,anomaly
711,642593,327,UDP,15657,86,1332.519975451102,1.0813862089975665,SYN,5.550267404099921,38.47162482644066,718.1427052388896,5249.645221840495,29,1237.8789341835532,457.02781122708694,1.793708224285393,0.4561353471840463,normal
3553,9856738,1512,UDP,14652,5632,1030.5389158086923,7.761320943060677,SYN,87.83882039978309,69.56925047295928,489.21425449051486,9865.578904650816,12,1064.9052211259013,78.21720882351467,1.6208120047519872,4.990777921394457,anomaly
2902,1535227,2052,UDP,1593,5789,544.3287933285311,4.314711139925349,ACK,2.171450752097441,23.910292235955843,641.0541916115168,9683.708818626568,13,1007.5357170567587,96.39423935158851,1.9407721427719615,3.7778764632224573,normal
2516,2298905,4608,ICMP,60924,1797,838.1248486424793,6.5872809270239,ACK,7.070777300671714,77.18487752889584,619.684922310303,4206.689535112705,11,217.57240136777835,133.55477010881975,1.9173785055122163,3.111051252572857,normal
1037,4198079,2032,TCP,2997,5082,1268.777025926331,1.890428835364466,ACK,80.70214392198214,14.404725504450985,364.5350543392274,6883.277289644301,31,963.4262464920905,129.95764811528653,1.8331103588008384,2.9429583041871323,anomaly
1596,2588551,128,UDP,58913,7400,1330.8840321448222,3.7715876706978184,FIN,28.918825340532546,44.606325166878506,429.53402931172656,2749.142765445743,11,646.3631736723279,162.31565275430847,1.6073254270853896,2.526528716445531,normal
699,4110070,719,ICMP,36614,2248,282.57111875891053,2.9002246411469366,ACK,72.55920981035503,70.53500027049805,325.0742098567894,1611.7057017929194,41,621.6728867261949,292.05914015381575,1.574390917232042,1.2945628640967324,normal
1018,1807210,3567,UDP,54636,1809,542.381054751846,3.0416113935065594,ACK,15.476349172573462,14.395630866076132,999.5229501012984,7707.172103974962,43,522.5250023402764,23.804579539501265,1.3958371387770687,1.1396881132640713,normal
2687,3990284,4150,TCP,63010,632,536.0736113096789,1.8627893396561723,SYN,24.490893111075216,60.18637878950276,584.2638094445455,4418.18169723844,36,731.8038835336844,197.31357156958813,1.3257901811935535,2.7521669613742294,normal
1150,6357605,4419,ICMP,34062,1906,110.9649543101198,6.640346827801049,ACK,57.704875143102356,80.09629872927366,101.13476788648767,1852.8227561351878,2,770.9528427724836,130.7287126673723,1.561123565277578,0.3603020646441789,anomaly
490,8416224,3260,ICMP,50112,1642,917.44475178525,1.0646962020675472,FIN,98.87494801043907,59.95934073263145,523.9161118646192,7612.594442853416,23,686.6739750877953,307.2486255458338,1.6200035855407764,0.3816092863539931,normal
819,4941359,427,TCP,8665,716,1289.4890768386726,3.1875381988964175,ACK,8.271002545763094,51.63492850842424,59.462345025121486,9160.186561960832,36,1959.630159867067,492.73297221525246,1.320073788312961,2.808459879770147,normal
1393,9623823,2613,ICMP,9954,6766,603.2828623470008,2.2208738025149053,FIN,40.65490520020139,83.99165576708123,295.76552782983623,9339.407654531597,14,1872.1890624680257,263.6507599698526,1.9303411192881308,4.599862120569093,normal
4408,3839187,3864,TCP,7704,6411,1123.0521202270568,5.123272584258384,SYN,5.2650160305865565,98.55661465012045,451.50150481642135,6003.703713779933,37,1191.5691890972382,218.58576716803256,1.6015465970608869,4.572216537137974,normal
3779,4402207,1111,ICMP,2281,1257,960.1655997210729,2.779766818301807,SYN,20.723417822941514,18.9499822831623,538.9277817358927,4848.4471768512485,49,1964.0041929795887,190.43933712110692,1.573854792843932,0.06403322029735369,normal
3956,6092111,4431,ICMP,9274,2426,594.6906664648512,2.8129891816966976,ACK,90.83963165701195,69.44328779142617,976.4195857309722,1504.4792030018752,27,1983.2762196064612,394.6251172511303,1.4920745495295262,0.5458971360807744,normal
1627,1039218,3438,TCP,39162,268,254.53670926383077,4.418367007967231,SYN,10.549550275187196,8.985097879614134,982.3995065661105,7948.619062135422,12,776.2854490328748,45.2706565088562,1.1522641661451745,2.919557691855888,anomaly
4058,8741973,2271,TCP,64334,657,1078.5195865251526,5.56882327538648,ACK,85.82873621618772,5.2412613734207705,107.08867620729086,9458.699205792867,29,945.8563369055146,480.28755208545954,1.8941612010138642,4.243893851812759,normal
3401,7193767,4179,ICMP,29781,969,1289.1194949647986,1.8491329319561454,SYN,18.602520572898044,28.80107805287,542.7513460352603,8905.658094812226,6,1922.2173762708646,214.77976413414234,1.3852948037987267,4.7727009424175755,normal
4845,4110404,3644,ICMP,5882,1924,1044.4890139821632,2.228580167258473,FIN,86.3166998072327,97.1210590641611,818.9383012401929,7542.656198932941,44,1256.3897786675045,163.71335565430536,1.678214301021465,4.304305307968439,normal
2399,8750917,518,TCP,42373,3607,75.9238018504862,2.730223212161623,SYN,54.264174350431844,55.66736948552483,245.3356920502272,145.23173964868286,47,504.5652573908178,487.2933770358536,1.6466902030730317,3.3912895451293146,normal
3652,4251167,2389,TCP,14515,1131,363.5376968669373,7.816237498825724,ACK,87.9424607484575,27.558863051585707,753.0574676025868,4136.733658612673,23,1409.8232698393506,468.580642989168,1.6260381428460742,1.0106201371702865,normal
1291,3319843,3174,ICMP,26318,6826,150.74597808112128,3.7800674996004426,ACK,16.01866082050052,14.126023544090918,879.8328651479295,4166.070299847898,10,490.9177458875663,324.54772848520327,1.5731409818104258,0.3723811551550221,normal
1175,9941507,697,ICMP,57175,195,877.0598443855288,5.192930634417185,ACK,76.44161857947478,92.09815689832027,665.862522075104,8954.245506301346,34,744.779712976507,19.06861367669665,1.2632958500881952,0.24710375560136713,anomaly
2651,9167243,4762,ICMP,46228,742,1146.8926343185979,2.690799689011845,FIN,68.3891610119771,36.874291605272624,334.42631535666766,749.9420974985785,44,532.3643098811679,376.7821383412202,1.3525451669431692,3.064263155280803,normal
1240,9102948,1302,TCP,46662,6589,210.33982124955617,4.433216676102416,SYN,54.75040535190329,31.363029768312824,923.9009961471669,5359.103580431073,12,565.4624102743003,174.42312602058064,1.5717692641432701,0.19058113403663507,normal
4181,7292916,3915,ICMP,50296,3862,1265.5898398604086,1.5188342207017063,ACK,81.24814709668632,85.93837976790151,884.6848927374272,1447.7305988784601,32,108.84560497688628,200.25731311858794,1.8104082064372333,3.6988073827630976,normal
4889,279495,3085,UDP,7932,3694,855.4880186734506,1.2431950214562886,FIN,65.17932641827693,60.83588033937619,718.6670656060971,6656.709751233126,26,1773.3467811789585,87.78364319892042,1.4887900735853767,3.565228979381336,normal
4498,9220865,3219,TCP,11868,4886,1050.455067605501,4.281134687750221,FIN,87.82764553616721,17.69497505252109,370.03143230280136,7943.329332963991,7,662.3819410240083,266.4944610938007,1.2835302977415177,0.4072580156356278,anomaly
122,1847357,334,ICMP,52479,1967,1458.532680482537,3.7906150126288845,FIN,38.72515253177104,42.729542620398,793.9773987708513,6455.39619851915,32,264.11132109330947,374.83077213984546,1.1791499823248834,4.534045601533605,anomaly
1964,9712781,2003,TCP,38653,722,171.3374329591611,1.9581622378427936,SYN,59.402394649107684,92.89487574246508,322.94789168711975,7966.392896104196,33,265.27607079406823,143.77544786560352,1.6967099031446218,2.6144271502402585,normal
2522,5918054,3986,UDP,3935,2148,1356.7748333177944,5.813210002445136,SYN,87.18948341499545,90.2191538818711,260.423322820235,6114.213347545615,18,1156.4347252758091,469.9791249412538,1.4810059735590482,4.523148451015281,normal
3096,7881055,4822,TCP,10015,946,232.8489091817435,7.950324436294851,SYN,22.266592346309327,7.940869479706773,519.8632530421683,1979.4071937012768,35,1986.5490460144806,105.42105944144761,1.2128338033603778,4.509034180379728,normal
757,3031486,2780,ICMP,12596,4253,619.7902696231893,3.769527748376987,FIN,49.08839430506857,27.592706082509597,997.1638727512383,3888.3688331735093,20,375.5426878133641,42.46854689127235,1.7070201919882853,0.9931999787967204,normal
1854,3981053,4382,UDP,44090,3524,1284.586109680116,5.371910451421761,SYN,96.11344035113822,16.29940040488579,806.2787220197798,9573.001280352824,31,289.28138380435297,325.7382979414515,1.286820857768936,1.9090823634020613,normal
3763,701033,2593,UDP,30717,2537,1364.068643269909,7.7408315965514,ACK,47.88657834797376,53.84735971157614,732.4948047971405,2952.931636502266,5,932.7773727639723,426.1661786212229,1.5581144434733094,0.6817854041840431,normal
2614,5108742,3567,ICMP,41028,2417,784.2389266404607,6.8207448071281265,FIN,26.030115074358488,75.24834838600152,457.4926192270375,722.337604207165,32,1170.3293822975113,477.035101060681,1.3755691775691745,3.8771402705802402,anomaly
2525,7037278,3597,ICMP,39357,1169,911.4517254993665,4.2448655631188,SYN,35.75654763558059,30.25877790444079,318.8305090939579,3909.816751465971,47,659.3226818680869,385.9137951530942,1.9385210579906005,2.525583328533934,normal
3660,3902403,161,ICMP,56707,8068,1076.813635167908,6.1624263912194355,FIN,88.62332781797122,76.04161166114685,857.3417555190107,3726.4404765567333,42,674.7919757763461,107.82850563797544,1.305459259644049,4.64474980122096,anomaly
4305,135445,964,TCP,18517,6056,1257.5000692564356,1.896945281753668,FIN,95.53342083798748,67.20284173384763,572.055452181209,4756.057275750936,19,906.505353513004,489.05398055382784,1.4779266693878257,1.048993922232624,normal
2873,1846700,4364,TCP,40721,6007,226.19119582961594,4.584726988246595,SYN,95.06065662592778,73.09399873134416,815.12240161068,5647.003878604004,1,696.8766687861514,460.5235792541329,1.9635442371452052,3.444954630980938,normal
1785,8305831,2381,TCP,18658,3400,1224.60049693238,2.9534219402595556,FIN,70.19529680488856,94.87612761696266,492.87617247526885,9924.990338420186,7,1839.1300087801817,89.95203715359925,1.3868526619444839,4.946291770585817,normal
1635,6883727,4974,ICMP,61008,1898,747.8504182418443,2.1281458152731276,SYN,51.450586993636634,43.036574217883576,756.4179190719793,7586.71602764157,22,179.71368545219502,283.80505518850896,1.6801338467099,3.3302524964867466,normal
116,872535,1201,ICMP,25585,1273,703.403966406845,3.983966343781744,SYN,19.086204555826843,34.91423443653644,869.0636480849779,455.31856615133216,34,545.6833037535218,282.20353870617964,1.3850543393356927,0.3531819248252561,normal
3111,1743166,697,TCP,19057,1503,664.6546403956474,1.9171018810353009,SYN,13.19888019497599,68.70087360503707,397.4761262052995,7155.852049244475,10,1636.2503128321005,226.84204128344072,1.1996074812055242,2.946237504979001,anomaly
2478,1036408,319,UDP,8375,5484,788.3567986067618,5.892895757221399,FIN,6.916894156493276,80.94815700630123,23.433874204975762,8259.89430927641,47,1684.520436863418,492.2978518272475,1.6647925094158635,0.9074153209093712,normal
4203,1462312,1512,TCP,56087,329,1420.3233024221752,4.193680308373349,FIN,2.7537760413879564,19.9530838792179,262.3773003606999,8966.744314955426,42,311.95465003198217,39.21489621830838,1.9244283817568064,0.16220885932238385,normal
391,7628742,3137,UDP,26945,5159,844.8954705486199,4.7180124279526465,SYN,87.93355548846252,84.83316048066138,915.7658906735649,4297.6604187337725,26,1950.1505550241618,317.3323651373565,1.5073082005106828,1.6814538795530187,anomaly
2824,5054929,4578,ICMP,20364,3972,1432.1074304815518,2.024631570677099,FIN,81.0995452645311,6.727396608910048,690.666837946768,3204.8931242479102,32,1417.374214808307,110.59877511261693,1.6635588884232204,1.3378593744397882,normal
2867,8886048,3377,ICMP,63805,7748,311.42068939267887,1.9784016276544614,SYN,57.21431666954661,1.6329814555259359,739.8465292725709,8409.315447960058,42,617.9268063688316,268.39229031817024,1.6480085719309607,3.9459667850906133,normal
2711,1472926,3405,TCP,15925,3069,1099.997169307318,5.083908046820868,ACK,99.87360219923367,16.684287791211762,332.03572812276724,7798.392552649534,27,966.4719431474635,392.0729781758842,1.4735807323650885,1.8746658999797212,normal
1282,9841745,823,TCP,11662,5786,1227.7473309826835,7.895068234806124,FIN,95.35215514796248,97.88805151035002,704.2602548282451,5406.820254661675,12,664.5633771791377,130.89613355258768,1.6534069748882576,3.6674643141221304,normal
3924,2874524,855,ICMP,39620,1584,1034.7368054355497,1.6737540826640793,FIN,65.85578810075593,52.832972384159866,649.8193239553309,1267.0395657100069,40,385.0422747233968,202.74617777674277,1.333386275977075,0.09103256982716382,normal
2451,2743455,1174,TCP,22402,5699,930.0373063284835,3.000119999960469,ACK,46.992882136985095,5.610173739896828,186.5899268422587,6552.4372567742,23,653.2383230229389,475.87635639739557,1.440234114142747,0.08391254583262134,normal
1544,2270409,4772,ICMP,45348,1520,868.9785325749643,7.086213815765213,ACK,16.06490089519983,99.72039272092158,969.0038696563381,750.1089076854545,14,1202.174681230275,383.1255614829517,1.4980869707261377,0.15627415316230994,normal
4261,6014704,1777,ICMP,23844,6432,1298.349199739109,1.5059040857866586,ACK,52.04378672018089,74.74621422787523,360.4853374142626,1093.6313664326556,34,1669.3424201873904,290.63436041079945,1.8776078152062325,1.1045986244950765,normal
711,296599,364,UDP,26084,7190,1241.3875658885252,7.131200049568659,SYN,16.6166236156672,83.96250251917041,335.9941041016418,3378.2883653597914,17,790.7052422901967,118.77872002529121,1.4134996053499296,1.8761990472925227,normal
3933,1558009,1882,TCP,33666,4885,227.31864571186932,4.670001883623258,SYN,40.446679120372714,22.08111212152826,375.469928787896,3774.637418993818,6,761.0129270408993,218.3996643640157,1.6716233433042438,3.043150557553104,normal
3669,598904,2034,ICMP,57790,35,1280.4521026947732,3.857867417484981,ACK,94.32216273484234,11.43949398939941,100.80241916756164,4673.542985013773,27,989.201332054513,389.29004633446215,1.2920634536770088,4.929710290276594,normal
1918,117841,2827,TCP,26402,625,650.3994981886416,3.167763950460191,SYN,34.855919944228106,51.993409329045804,628.7138819222837,3457.515296265612,8,1324.655639932258,412.06610827388835,1.327312756148534,1.7785037394015195,normal
2384,5908726,3842,UDP,51891,1401,417.8604034939256,3.079820106894893,FIN,16.125940090703246,77.44539274394201,246.23800130893284,434.50273880174103,33,1528.0708986213876,129.85703708977547,1.6835859879139798,0.2877379447182595,anomaly
3424,8559542,4285,UDP,9174,7833,1311.1644236201926,3.1406180771463514,ACK,58.65726381938525,64.14028457953125,805.2796288203391,1658.4152758147627,35,720.9190591190003,334.4095031043394,1.7860789346299433,0.9825518067125849,normal
1066,5827038,75,TCP,43899,4928,676.4359594689254,7.1936215667213705,FIN,60.63405323861974,63.47487382029894,400.21461833260634,1239.6084617371398,47,1214.069688867764,56.551466140465955,1.5159054588736534,4.490280650736162,normal
4456,1136270,4925,TCP,53659,8026,1222.1288007563842,6.066566611223498,SYN,20.186620004323668,75.95251228514367,463.9728974677455,4368.717625802999,17,839.7855984336767,21.37403065072757,1.40158972709999,3.499902158837067,normal
257,238068,4276,ICMP,25083,7320,431.93523733597453,5.688061054818054,ACK,20.462072170614064,23.475061729797687,649.9578335744034,2200.076379098479,26,1461.1597156904334,278.8502224821804,1.9192444003390452,3.9531021119524135,normal
2715,5025592,4100,UDP,35549,3403,55.69751606221581,6.591244042664005,SYN,98.96542934115787,66.49040889928796,764.2524226142018,3006.0983996601713,7,412.8823489823396,119.94612859741008,1.2222270335441385,0.6295993463072352,normal
2543,1605243,2531,UDP,19217,6106,768.4158297092694,2.799802641029015,FIN,25.08482621335899,39.818956244400376,238.8041517996306,4768.51788731079,46,588.1572435974625,48.6668953086451,1.7486428138844123,0.6835850736504645,normal
682,852161,2591,UDP,65401,6645,195.33097213218218,5.32629968457229,SYN,83.98101144357483,7.905595046713581,966.6313864209646,2432.062412124227,24,909.5147977012246,367.6158733186627,1.7211536747723928,0.5701075776490311,anomaly
2152,4773945,1400,TCP,64755,914,1143.845135511119,4.220463672705657,FIN,47.56205872905197,21.012118018095148,626.0983305070145,2534.698133421987,25,1789.8881008505987,254.00754829867606,1.7212206464550146,4.28727412990453,normal
3009,9094964,1140,ICMP,55715,1587,450.308947300645,6.477091446401354,SYN,44.063934652360075,79.60637018128436,15.582237265383698,8348.12735612703,35,1189.3189997663114,400.17573536964073,1.941878399981172,1.057738367381086,normal
3133,1639846,2496,TCP,56224,7492,693.2861875750441,3.1647927733129984,FIN,30.201279200211488,89.69713910996525,421.4659878243156,5526.059993800431,26,1934.252626064682,335.3326774434729,1.755371270882713,3.219327209444811,anomaly
4802,4231987,844,TCP,44991,6432,176.19866938275365,5.502250318089271,SYN,77.60875389234074,28.999359341309315,442.4496424244467,8581.918570641968,5,296.22760203405926,367.6044205585901,1.3714086704686257,2.5856701672544626,normal
1981,9849018,236,TCP,28825,433,465.65591024851636,7.175486882721194,ACK,88.18542696571393,19.845732862562528,811.073326214653,5193.806560670183,47,974.3332859367762,160.60668483499092,1.4180683018090785,2.7265056602505298,normal
3769,7871907,3525,ICMP,65327,4140,1183.1608527249293,3.815053333364501,ACK,26.85161869434895,3.645725920272306,312.08837637929884,9101.715900990883,38,896.24920708623,139.00515458478583,1.4519998758799049,0.9852224383724286,normal
2612,8714542,4547,TCP,61863,2024,269.8024722583632,1.4663546115722301,SYN,10.414570265562284,94.82204147009438,337.9142511320138,2621.9465077807154,35,1240.3917351713399,304.428697126678,1.1277278066882956,3.1798780063354077,normal
1729,1803466,2453,UDP,60688,335,988.3813636340882,4.6123557563925495,FIN,14.555035735675377,68.70163757848557,79.78915192404223,6205.033331127291,30,1642.7327565443986,108.04024879506133,1.9221592838674313,0.2250716669470726,normal
286,2383865,737,UDP,50087,4686,1380.2674865665267,3.4218074146491815,SYN,79.48754994185816,95.74598039927287,290.71056428055664,5081.9945611534,25,1698.7512486078144,409.55193665969034,1.1661973434783235,4.967426658525567,normal
4493,9187191,3696,UDP,27270,4840,1035.7633016486943,5.7055776638302245,ACK,44.146864220642954,86.52106911408494,719.7920844709915,9195.04017416361,24,1373.3697565404657,266.23088279737686,1.7298148538877245,0.14352694339871797,normal
4775,465310,3632,ICMP,64312,7855,1225.9814494737288,7.657230473240243,FIN,14.059551182661568,34.70619267635036,638.4093503642214,4242.947820787578,30,1318.919092066552,121.22506685040288,1.7571449043589804,0.26028113817215226,normal
1590,3715755,1046,TCP,13831,3075,208.0088624906779,4.399258225977929,SYN,34.68853243554283,12.155621529795173,90.58014712781511,8562.755751339018,20,1903.1561298851343,316.33243384165513,1.8593435455674858,1.62999062525949,normal
3993,8946850,1842,ICMP,18559,1869,413.561147702979,4.263331611088737,SYN,51.90931280245225,50.406622691153636,123.54695319363515,5682.650100998054,3,829.0060631130068,473.06751019097265,1.5980260300359703,4.159810525289997,normal
413,3128640,2750,TCP,6516,5415,1347.081335748857,5.582093601340222,FIN,85.3531167006558,3.65456598394943,383.15670428585696,7114.575223418923,32,1682.2882969581278,50.22641602947931,1.7527379814708832,1.2933741667659473,normal
2418,9157831,502,UDP,56887,1973,1086.9031397462293,1.7244825251549738,SYN,64.53258216829232,15.841746186201513,746.3201845195997,8880.241621883606,8,1850.8570814753589,63.579151583616444,1.3724506320193561,2.3649557188187273,anomaly
335,4304677,1558,TCP,32381,408,977.3530482471012,2.7745433224751026,ACK,18.427247306920073,24.109830272493273,834.5890953473437,9969.373505577472,47,1033.9245641038742,423.4811819630366,1.771025609821511,0.09970688256920274,normal
198,4099535,1153,TCP,7326,2789,1012.461767376465,7.43285527850279,ACK,16.711568523475307,66.89901301830304,24.47780257991723,7338.281630612423,23,1485.2948993462705,63.700949537768054,1.4090741635356974,0.40360778925338464,normal
4087,4754292,3967,TCP,33338,4559,650.590803741733,5.689598293546364,FIN,41.82108734769893,51.477869921455515,335.7204715343267,3213.767333886049,46,816.3377276747216,29.29393098296402,1.9125546305840264,3.0437505822181286,normal
4601,9561912,3417,ICMP,49721,3066,114.60711584559716,1.0941083078839138,SYN,8.44409192247388,30.939536055166982,430.01924499228926,3060.218733591886,16,401.8701269712677,180.4859847127717,1.2470436269897447,0.9798487625526486,normal
1816,6228952,649,TCP,5771,7614,1187.4402360025572,2.432378307913139,SYN,75.80214233310343,56.91207151994265,912.021482682552,3160.1278664304455,35,1214.357374797608,238.68588361158282,1.3841815796065582,3.4743302694674316,normal
4945,5674938,182,TCP,60591,7244,1034.134192512263,5.779860862202293,ACK,40.743928210073435,13.395062239948363,506.3924921323484,1069.2923709650327,25,473.2961366141106,289.027773978438,1.5488925063996177,3.929101963335714,normal
1062,8010292,4364,TCP,48030,6860,735.5664729634508,6.35079441793802,FIN,34.95935350535764,75.81510455504264,277.0037575932269,630.6290300958066,15,969.4383485273512,258.57711395648244,1.798265501433288,4.253167655366694,normal
2881,5109728,3969,ICMP,61035,5086,1354.6514422839732,6.879017008718293,FIN,51.40172490675214,71.49147873657515,396.1465945122064,5850.344475604606,8,1758.470695323833,457.4604357024756,1.7739191945927288,0.67765869661662,anomaly
2557,5061795,526,ICMP,42194,7753,537.4315142283933,3.045237623674314,FIN,71.18672357252193,22.43376489237241,442.0700970797997,8124.826419494755,34,263.43455637099294,386.6473691919023,1.289645186892053,2.2829876596693053,normal
1573,5770049,532,ICMP,11710,6884,476.7665291352921,7.517200173942938,ACK,57.36534750481216,61.03276402185437,673.2959147939857,457.7319441720659,25,157.81421776283435,492.0670253722383,1.2298121269506168,4.73593643502019,normal
2835,920134,1927,TCP,38473,2435,1315.554671365192,4.870628255045247,ACK,80.43787539047672,50.826957825426554,50.676905137750964,5709.679534576221,49,1252.3079100255864,243.46315738040792,1.3735726438646885,3.8626968767970955,normal
2606,1856797,2896,UDP,62630,6080,1205.632099400529,5.87577315671525,FIN,63.30689382314163,7.020814873130174,395.5571463941068,3780.4351001060095,44,729.0165205303007,51.32150882119767,1.5353787365083122,0.5936323054122802,normal
3775,6380515,2174,UDP,19915,2409,796.7207254400998,5.1771720394593554,FIN,79.00905647341811,28.53723776677731,650.0890905453068,8935.603505320423,19,894.081643159239,478.21001504200854,1.5851045403431756,2.5174762226417875,anomaly
4626,8079886,1939,UDP,53139,5944,239.56537221388245,1.8591803827223432,SYN,69.98144508290282,99.94878769836139,290.4890922107535,1539.3305959207737,43,870.8501184508299,12.015449178657706,1.4862238318597512,4.612679103375806,normal
1651,4637440,3955,TCP,37220,8039,361.85363362432605,7.741802615694159,SYN,20.119161186109913,10.854030449970786,595.8334965975126,5677.976849594503,13,264.5784351181708,390.2870467811337,1.6967811049832062,2.205793639560697,normal
2458,6490759,2219,UDP,61743,323,1001.5305860927697,1.8601290592590685,FIN,6.183090568394078,51.13471939519391,363.7061408030037,9712.114999248446,46,106.77622209122966,25.328195078122935,1.484803049237514,4.188713868116435,normal
390,8900770,3793,UDP,30952,783,608.3097948685969,2.784173694878285,ACK,90.43628324983477,85.08404170684314,761.1336588317077,3515.8263680041205,12,1807.0041614421023,382.9949534193028,1.9516961089449152,2.4842601687309007,anomaly
2867,2571725,2600,UDP,8518,7561,1262.8861279156583,6.695395161560861,ACK,94.61996037282634,30.76453542751123,69.99171949786853,7443.591421805705,15,513.8172657171181,469.59008052554657,1.3348719631833825,0.5429902694563109,normal
2546,2427277,4944,TCP,37747,1993,1427.434763531696,5.33017873050771,SYN,72.96629736651575,26.8101552603813,918.7823608943428,8836.266434896846,23,909.5500845421478,200.73754569221296,1.6646349086030852,0.7477960810369416,normal
4980,7201987,4086,UDP,30901,835,1218.1735416486315,6.867044157634499,FIN,72.69637644689895,89.18851211734206,179.89642246948586,1943.4845684701145,40,1946.6590136750492,128.07277709766166,1.6502401447941186,0.24291200651281675,normal
1775,5325852,1103,UDP,53881,6275,597.4408633435579,4.610153318618314,ACK,27.744560968916844,31.178164751175732,166.96161588185566,9926.01908459384,2,1670.8489057689394,120.87678473079711,1.3534172496940557,0.9846205554720671,normal
1739,5581509,3890,TCP,29005,897,1193.595322385565,3.638952647566444,ACK,54.70172917930145,65.49783781402641,842.2365153254805,8112.9279838863995,40,305.06862499913416,250.94164563359965,1.4705188620626246,4.469134358353466,normal
3317,1318621,2504,ICMP,15050,7193,559.5904265324909,7.452918496834495,ACK,99.23172670675622,74.29098544876727,870.5900937936498,1461.886155314142,23,1066.186160063913,93.73464752082785,1.4289262574959738,3.254488249256851,normal
4456,6409929,2589,UDP,21446,7093,292.2951272601691,1.253766222603564,ACK,85.75821620893193,79.0731571814034,102.04358031134228,3177.7585350968925,5,1487.1501503405304,339.7325790232589,1.2552491540184405,3.696896105065726,normal
311,3638967,2498,ICMP,10268,4818,98.42014705549323,6.992911542471321,SYN,31.135040902647667,99.48120409339265,909.6317387347611,6287.203379737703,34,1426.9462914985036,190.4926551693037,1.5295656913683895,3.1120906773827053,anomaly
1492,2368893,2795,UDP,34505,7009,609.2892335034791,2.6157244963144715,ACK,30.803540704091148,80.51601490128013,280.56488806168653,8860.685849783486,10,1545.5995195684934,168.32365127759692,1.4479960277196573,1.938831067770355,normal
455,9829959,2768,TCP,24668,5059,1360.1609903610588,6.941154294277775,ACK,48.874151823657854,66.0442035318659,622.4354685539749,2028.8716736635465,27,969.163844287267,236.02993236566397,1.2604856240604434,1.0921370526520482,normal
2240,5767140,1584,ICMP,44872,2346,396.5305522457309,1.9743762939181992,FIN,41.05526795061066,89.65089221813838,77.9075555038168,7338.935267200401,42,434.25356572753594,275.8678761954784,1.5048920408759854,4.628816774209056,normal
4487,5054127,2383,ICMP,57187,2449,349.4440891481868,5.061532745833784,FIN,37.74415158173729,90.6687189282558,386.85449011691895,2779.415330858406,4,983.2576434468081,79.54582850680994,1.4796595714328653,2.579000609974527,anomaly
293,740574,4000,ICMP,59055,8039,1456.2401385995086,7.216755433080304,SYN,63.07021897180423,97.3434793083019,456.21736301349245,8073.62286121388,4,1330.9857734292548,356.8040482604532,1.2182291098935139,2.4106884072276173,normal
4635,4072495,4855,ICMP,9545,2080,86.25596363335858,4.314777528292233,SYN,2.1377544937202186,77.87006118317213,603.8283036627474,6866.07607002283,8,1256.324964549819,442.64407895360984,1.2180687877262097,4.980559402081793,normal
4157,326437,1103,UDP,2770,4418,1189.3841180709437,6.22596671662375,SYN,76.57062396729441,20.297805729214964,530.019251700321,5276.799443219212,6,233.99190219835413,146.21358893857908,1.6827566418611277,1.9258106420584982,anomaly
610,2092013,1199,UDP,18615,1599,515.986435824262,6.632701324988909,SYN,74.26524667090271,71.27080280149502,466.87803187667663,6533.6730278491,25,223.40962475616433,98.39154189644755,1.7359227242453936,4.272085321312273,anomaly
4187,3682890,2699,ICMP,27742,7804,104.35753746100603,6.155459461017454,ACK,83.20224237887543,8.43771572273803,960.043809647932,8776.807930784791,27,1933.9898791949026,382.64765762234117,1.9470623779180143,4.313096860981112,normal
2775,5992305,4105,UDP,50960,4275,1380.8136833038964,7.477308158122188,FIN,84.30361665737453,32.478329863623955,193.17254921788157,3925.6160124801886,47,388.430364575565,99.93544464516825,1.17830422141499,1.1710243496853998,anomaly
643,873834,1885,ICMP,3720,2221,252.48137880389623,4.127839613639501,ACK,57.07356978128638,12.46494352124276,166.4142883402015,7715.576783544683,40,659.4786816222717,30.215028577848745,1.2060753431404283,0.48325006482730887,normal
1876,4638370,3416,ICMP,13036,6917,850.0799614022583,2.2118780741560906,ACK,78.22731962670578,95.04431808186646,716.2848702916649,1673.163805267415,20,1558.5055160967145,313.4291779875617,1.14663631562112,4.878344377422163,normal
3279,6627379,1797,TCP,15712,6344,447.37860077284427,1.3346774459173585,ACK,49.74711742257141,34.53665711021184,83.8063660215298,7041.737097874826,27,878.3864440640324,127.47819398962162,1.579005587681237,2.135225352036479,normal
3337,9009304,3942,ICMP,24481,3617,144.529563167802,2.725219087462536,FIN,95.20145380541175,71.60834899788172,488.062541434334,7531.507888469934,7,444.78322119406215,94.18710037499426,1.660471952865704,0.021079406830875586,normal
4123,5888774,1617,UDP,6060,1223,122.38760421189968,2.0023825271616946,SYN,19.87915444895604,57.5605251428266,489.2125879606851,4485.677197869107,23,987.7415263885848,490.98534344010807,1.463171106738942,2.5000989908065034,normal
183,7353132,3758,ICMP,40919,2444,217.55721331269123,4.905641190041363,SYN,91.64609211531604,11.643629892656548,316.92507764950045,7956.8588424658155,20,1181.004944450395,153.01384186586657,1.8181119988650196,3.100308815099777,normal
3188,1033499,58,TCP,30984,3895,153.48217013960107,2.294617360482124,FIN,26.59450576550459,56.57310034020687,931.1393042633957,5615.323322190982,49,960.2565576283438,452.6872122056125,1.7180294924034203,3.8826803547656903,normal
3969,3821888,3871,UDP,37510,2843,1152.8092675038881,1.2725359510255982,FIN,11.16961399499835,66.44133079906241,289.7180007450513,9369.116536927711,34,1845.9975433970071,97.32719528541611,1.987256378852174,4.715281169935957,normal
122,7731302,2190,TCP,23183,5307,754.0709933109723,1.2519288020806751,SYN,44.47134029328977,88.27020847404933,295.55753271586406,1213.4177160175088,29,640.9286606890582,411.29879471059326,1.2241054849697108,4.57670143843786,normal
4544,7535504,3056,TCP,8934,3305,547.1935324560205,6.8209864885540314,ACK,61.87680699918988,7.938478599495173,241.9569645814839,1395.1321200252996,44,1356.5311053293747,255.9892477937562,1.1524840979082513,4.701277742073794,normal
4275,2332348,2843,ICMP,3717,5289,656.6349196914103,5.140149520101174,SYN,23.867997446795272,30.267764524587218,154.33015486835743,8440.031676241098,5,313.35997067880567,48.511436866837684,1.3473233350124492,0.17030448981476914,anomaly
3028,6566269,1407,TCP,50801,2083,1396.9727665803039,3.506597113253647,FIN,56.023827873285484,69.54175344734864,370.37094479496824,8439.376618206887,27,845.3423695616505,369.4665938853505,1.1171451757851598,3.561752927814034,normal
4411,7200107,3836,TCP,16882,5230,1370.5901284703134,7.259596299181728,SYN,80.98144233651597,4.398831951309376,684.0783874004258,4765.125036961761,12,1507.88717801145,447.1159521500422,1.9393502850798614,1.1370312344003761,normal
2035,2807284,4584,UDP,29834,5259,1087.7308961777364,1.4913762798539953,SYN,26.451411614568553,21.151792161569617,744.7412341430482,9643.225877735083,17,527.1521871199843,89.87832526440555,1.373556492819358,0.9458879091562135,normal
842,6573531,841,TCP,21116,1999,1332.7894472614473,7.8622545090947815,SYN,58.4519023455061,22.648369244062145,815.2847272663741,6825.954254404362,37,1220.564986743384,365.5392187447259,1.597187150274313,4.003589657310259,anomaly
4309,1142452,2707,ICMP,24267,4368,513.4896400020559,5.314042531781227,FIN,34.59194702311495,67.2633148645838,205.56844964624298,9830.247142944414,34,391.5303554972146,228.07573434583068,1.3862626695908677,2.0914771489726705,normal
144,6817080,4787,ICMP,49724,3151,602.6085227120101,2.2842497777819393,FIN,53.44707828551754,29.3101072680693,45.27636135733246,5370.714412493051,30,295.13321358660505,379.39652209579197,1.3212277597899411,4.583834378153855,anomaly
1183,5551560,2745,ICMP,59129,7453,939.8826636886307,5.753483692838779,SYN,67.02498293792198,60.35997056375558,974.9389999035079,2095.9721080553545,36,1094.142222957581,359.8246946107998,1.237128251577392,0.22175110307057605,normal
4967,1231796,91,TCP,31529,5548,954.257623581033,6.343668818484939,SYN,35.69183460979315,96.56949622095442,24.18919409356425,4499.491957588393,6,1382.5208925634545,23.034112926872652,1.3883293282962221,4.012882339140944,normal
287,114936,96,UDP,8716,6194,748.4647651178943,4.005399483595421,ACK,99.45380536276127,79.53105521812215,961.072049578478,9806.819735275443,32,315.39742584551857,97.57330762390603,1.6538770373671772,0.6928037123001524,normal
2996,4211583,2073,ICMP,29579,3112,630.9538802350322,7.031428243718832,ACK,56.813744644534445,33.9573776598061,830.5262745246819,3767.098134991134,32,1843.7748795085386,240.80334903681444,1.974459079718775,0.8911202358092726,normal
2580,7540769,831,TCP,7422,4846,1479.961451832608,2.055126851075292,SYN,82.62169435020094,47.767596915097066,912.9540134148851,9574.46268803485,9,528.9672991251871,467.4611442369193,1.6022828363304344,2.3919850604672495,normal
2010,4281428,172,ICMP,8276,3684,1240.6292578707003,2.9518630850432586,FIN,72.78838706816832,20.866716307999287,393.31385548503454,7990.511341975734,22,327.95308550267004,177.61599380985274,1.5794381594891047,1.9839938049552697,normal
1098,2434351,3749,ICMP,12745,2356,680.7212869376656,1.6544465310879284,ACK,85.42772605659182,2.556281020041533,205.22997886252296,4476.852645150674,10,485.1279258654,318.14800043728917,1.1317367162946323,2.435999807582068,normal
2579,2190063,2407,UDP,18963,3634,1104.5740919973744,2.476144884251465,SYN,18.206294499318226,29.681824414360968,610.3990483238093,5464.523216380077,29,422.18766741049967,15.921035302070118,1.8560891141009235,4.700732344934965,normal
3014,2820182,1942,ICMP,12849,517,440.86445521606623,2.6711016833780152,ACK,23.032817263039426,37.57145250928888,743.838659009322,6113.646865094725,11,272.2818361646031,358.4521915580026,1.140357237497816,3.29037078846223,normal
1013,9383586,2738,UDP,26275,3837,195.24552304412833,7.423432336451971,ACK,49.25370661113873,56.87235011892906,139.55245566141394,6691.084238830026,28,1615.8945460795442,305.50344874887423,1.9156090466931313,1.458643815391583,normal
586,448244,3545,TCP,37979,7661,561.024987051474,1.5467678212580935,ACK,85.38053897205879,94.46259827710925,799.6452995376886,859.322244489685,2,1041.5217720138107,360.54342584172525,1.5848045528210462,0.8728144744660465,normal
4273,6253016,3456,ICMP,25175,5544,634.3105601789216,3.991905841313966,FIN,20.563051557695015,94.83735523411153,216.50738681243234,9342.52171892051,21,838.1869367194973,453.283700382223,1.251619944710632,2.1060309129033588,normal
3729,9228535,2800,TCP,63556,4663,73.97883061297266,4.7267908105883905,SYN,97.13551737862254,7.939731587069587,496.7605199793754,6010.297159696588,31,1906.193061269853,81.78447722772692,1.5065366528058128,2.2636887260660106,normal
4237,8472414,2717,TCP,1060,5076,1231.4484023720493,7.290851376615126,FIN,13.632628523199,61.84992227358586,857.9176253793714,9318.377274077815,41,804.9159354231025,138.17890204395286,1.9954860326148784,3.010459105398586,normal
3774,1279673,3943,TCP,29436,151,570.8304334643132,7.983873530628495,FIN,18.332716572870293,5.192912437897755,201.4902659322656,6355.794865754811,17,417.24817948965983,497.9326371623896,1.3745745668396838,1.3373534906634421,normal
592,5169638,3395,ICMP,19195,5463,891.6063403812132,6.273716804438851,ACK,17.556144553241467,65.16002640675465,249.46580150295966,4367.053341196535,27,620.6814946605328,86.57913966971721,1.3425137916937209,3.8398711430131156,normal
895,4116741,932,UDP,40075,877,157.24662154288615,7.795536933983207,SYN,59.014589350427336,12.652603165239514,72.14344493419961,5712.587314209689,30,554.0364138183332,363.10723319775286,1.2062053055382553,0.5013166249421142,normal
3653,6779892,2185,ICMP,33785,5271,303.74540168834676,6.5097079277511165,ACK,91.83656707806696,94.69387967718794,155.14797066529914,8312.082412998821,41,1047.6084311702791,365.2871961503419,1.637428113911755,2.8066622843672655,normal
3086,3458521,1592,TCP,16226,6148,1340.055901724962,7.742418486799917,FIN,26.256027329477394,86.56952957135798,155.060561583555,3328.64573137157,8,653.8597355136906,344.66693565542903,1.1803042991125667,3.121422949688115,normal
2544,4685013,574,UDP,9084,540,932.5969154300611,5.950895081611186,FIN,55.75064849239759,3.2105542247849472,211.39322713259614,9568.954565051596,37,1080.5162271540876,121.44588876414306,1.7894072574236695,1.0420895895150752,normal
4535,5045829,3268,TCP,61095,49,1427.9118727472041,1.5583439781574975,SYN,18.401478494698615,78.43104072132778,293.33839309433404,4712.95645827679,5,1371.6575073988988,115.41569097479666,1.927301162897502,4.131796638993109,normal
2769,5684860,2607,UDP,9089,6790,1498.1875498674096,3.8134413089487356,FIN,63.48255272457206,63.95381459989049,816.8335308337554,9566.746320764125,26,1576.86769285519,336.5071233370461,1.9386840000939496,3.0810063047863108,normal
1934,2439710,2510,ICMP,30897,7488,589.1971672329869,5.526180986617293,FIN,13.201387281771662,50.041549872803536,916.6062255393063,8819.490485958304,6,1449.2997844077386,101.26259038501586,1.197124627589694,3.2321538510933845,normal
4188,8888120,4576,UDP,37672,6167,483.2644429207482,3.455029566179757,SYN,49.63976598375709,60.66081418849635,412.21780313666073,7699.853368516541,16,490.6223612670858,334.1660325528633,1.602436337617672,2.493740093759558,anomaly
4399,768442,997,ICMP,6956,3416,1294.6162799806903,2.91368742679645,ACK,65.86299955400987,68.14675598585062,136.92686246842771,4727.63421442834,1,320.20946656123215,251.33885819240587,1.18739886941195,4.548875143709929,normal
3251,7937627,3646,TCP,27494,4624,1497.9865692043086,5.041794869931637,SYN,58.33366375879551,88.5612900804908,231.57182584457536,5910.756928711769,9,1130.6553022923767,199.4481451481982,1.6148145273358676,3.472698631623246,anomaly
2760,8864886,233,UDP,9352,1280,962.9797896370632,7.534513136917044,FIN,14.860047787373508,76.9684084432318,738.8439170866733,8396.491182367225,21,477.9324032954758,157.1138511951934,1.833482526688623,1.9153594688298552,normal
2003,1931440,360,TCP,7357,1578,1202.9540476417073,1.244873114613075,SYN,16.975963779968104,57.962404113669066,680.6512640207609,5486.152438460535,7,261.3740713658752,474.31269732832715,1.5840111460729562,1.2006433800425902,normal
4787,8769201,1938,UDP,55935,35,1183.531495282148,6.384618424790064,ACK,67.46770947767384,82.63695041375584,967.5352285896336,7408.076807731061,43,1101.4792516608927,258.9658922939659,1.884848443496013,0.36459775736920136,normal
3900,495955,358,ICMP,56661,3625,565.242576918343,6.05909094631239,FIN,81.08202031288783,98.70537269385642,24.343793789132405,7927.524604966956,15,720.9089517048113,285.01346163037135,1.82150691936444,0.8351505775299942,anomaly
739,5479878,4287,UDP,47662,5112,882.6920513727764,7.7476739777180095,ACK,90.8993658504295,30.718020068436175,753.2511726795333,5179.6429321199785,24,1536.6831226831573,475.1354814965249,1.3488935149459356,4.963487930897462,normal
2000,9909788,4742,UDP,12292,1627,1257.9325648331096,7.514978556327804,ACK,81.54754001926557,12.723648707808547,510.7356644484518,5408.850431701321,5,696.9640980419942,330.3998858675955,1.6670920545941974,2.0397668109982843,normal
506,5680487,1027,ICMP,6091,5955,1047.7651205785305,6.3356279343093505,SYN,97.41846400983228,73.41337781016128,903.6660481432347,2058.5637004966356,38,1959.562560406046,479.34793460084546,1.1066709138285185,4.49444926411426,normal
2180,4841349,2236,ICMP,49408,3537,80.68753027395547,4.642861352778191,ACK,41.41692861234841,97.88103705738533,580.4050073855983,2522.9178593001334,29,1541.1940633953454,62.119702856122245,1.456437724332378,0.8611410908574695,normal
4026,1627528,4877,ICMP,45867,2036,538.2232199014236,2.429872872634639,SYN,33.7854096679814,12.55388619904429,452.20104721680127,9058.937513622697,46,209.61712082883804,424.8534195684779,1.3141641510058657,2.1325507479908397,normal
4294,6097696,4134,UDP,18069,3594,259.48976006217777,4.816650028279021,SYN,3.7902211821665723,43.73901854281598,669.1921033980649,8419.263165366849,46,1066.8582066769247,174.35316773131453,1.9434047113491375,4.802987150496909,anomaly
1229,2915611,2429,TCP,41765,7119,387.8097075131567,6.357463957437576,ACK,45.53968974282125,7.164496576386501,835.1882077591877,200.21332954712872,11,1168.9789523068096,407.13888728446716,1.464850110550844,0.4647499345823067,normal
4335,1309014,1903,UDP,23794,5369,1362.9597423624223,7.269684488465252,SYN,65.48578368891002,77.87666233430818,289.6735646711235,8706.937101281817,4,1421.0751502950357,429.26194585553947,1.6886579855802326,2.973981576224389,normal
3615,2248680,3050,UDP,43794,7294,103.49526892061382,6.527984064473843,SYN,81.72545549092509,94.9221628559941,116.45177334641535,349.8253673093407,10,1045.8139143641406,143.02906420985235,1.7587834483462466,4.596667784474548,normal
932,6590154,2078,TCP,8911,1763,368.71103234478943,2.3668685463373778,ACK,27.47808289466266,50.40042129074799,438.6879371361273,4636.9759891290505,34,1018.542836987689,210.32700209258468,1.7958912848133568,4.748920031041711,anomaly
449,2822839,1135,ICMP,34206,7576,498.8755607454356,5.1978041995964155,FIN,51.845536360559755,41.542593578758726,222.3746740836113,767.5839884979365,4,799.0833621874642,365.74703361430295,1.762197672815776,4.231577310787761,normal
658,299783,3127,UDP,33394,3811,944.4819043512725,3.325214216719499,SYN,66.5389468967906,90.86418330180157,435.245763641257,9691.349070725973,10,615.7766294084302,58.537259139515626,1.3602485548889613,4.281112817477146,anomaly
1688,3603571,4171,TCP,40642,6426,824.447450624505,1.064439671734501,SYN,55.6086837324253,14.205450542394544,991.1376910709606,9725.96063246174,33,1897.7804027557954,380.2114318262766,1.7174609270563,3.264392941046153,normal
2198,8341960,4052,ICMP,25942,3654,366.49075013740986,2.4015465505206626,ACK,28.128051022838367,89.26684683602753,578.3808728362817,6147.62232546951,46,703.4336723053067,64.13173376682457,1.594108534036055,1.109911309394013,normal
1432,9527221,4443,ICMP,36521,1108,288.149547473574,1.7925445495341448,SYN,79.83196139121117,39.82047427733538,696.6642206182763,3982.8286171529826,18,220.50051670262826,458.08330881134845,1.637635398317767,3.6560859369797494,normal
1453,3880928,2180,UDP,29050,6428,393.3571501643723,6.89903386477628,ACK,18.162740234721436,56.38123482343184,681.1491382368043,5168.728226926336,12,417.84100465748327,145.40625371521318,1.1007331555778794,4.892138477649029,anomaly
869,7040879,456,ICMP,62033,1381,778.6679587174006,2.8095437650346837,FIN,90.59300354485003,53.300918407702596,822.4938279232028,7646.763272770966,23,1728.8256084784505,292.04367996500434,1.332431840857571,2.634408238217326,normal
3342,2116226,2668,ICMP,12953,3392,443.20778928124497,2.9928857822128885,FIN,95.30707815642631,61.98193826663406,944.6873130252258,2309.6103012298186,44,1214.6035723344294,67.40521503737367,1.9376153270440901,1.310879821793737,normal
869,6963365,3372,TCP,48780,4493,1424.023627331197,7.719556002592189,ACK,37.19175294545094,94.2702080619929,662.2299172259729,4473.0526630476015,25,1579.6830438164247,142.05164578461455,1.3610684749751534,2.871620628147339,normal
469,1341683,2728,TCP,37689,5314,722.604571071829,3.6536070613419653,FIN,38.24199725810923,95.1615761944704,481.3336983056761,7398.96003350554,37,1636.6849376654193,207.93797130868165,1.4942139700246784,3.456145677640676,normal
4269,3631400,3493,ICMP,62609,7126,135.25422398972376,1.067099481010762,ACK,74.58454763280221,83.28367844920487,324.6526369537323,4014.38553058756,4,1664.1492345010392,248.65394957467703,1.268006583976167,1.0493187440278215,normal
4567,5995602,2954,TCP,62786,7339,1107.4362884631184,2.9869230384229555,SYN,46.17257125664806,19.96286362674214,366.6715571226284,416.7655687176947,13,1146.1660447147565,10.033073846821472,1.2247422967133208,3.5987548445710185,normal
3352,2855119,4386,ICMP,35961,495,526.825667903035,1.8350970642126871,FIN,3.832404216324284,34.01811611445748,341.1358020428161,5123.204748645685,18,436.5291318282993,445.4413235664295,1.2878020717748346,2.9412899658331155,normal
1558,2674705,605,UDP,14587,1309,997.5589514844589,1.7196599321509778,SYN,92.06779603984886,49.29466017519992,331.220836361151,7400.370509141511,29,381.6422292486693,13.760656683849787,1.5982825959802758,3.0656260466487804,normal
817,6308517,1996,TCP,52054,348,455.4118372586864,1.5424110309502466,SYN,43.644283854610514,90.64063299748322,697.6787543382734,9770.482450927146,44,1190.5703987127135,389.1054358672682,1.9271257862510973,1.5368797694017724,normal
2094,3598170,2760,ICMP,29570,4064,877.5784255133138,5.152816291227641,ACK,21.146014953490816,52.56561756077498,591.8319396523455,466.7569166537721,30,796.3772720027852,240.58366705462177,1.3935792619065714,0.7847813824548937,normal
2189,3306610,1084,ICMP,56630,1859,1169.6211319708239,2.32543406540901,FIN,56.01074324172982,97.766130802211,209.97509446854897,5445.213961294674,48,1160.291658366958,266.7012122016744,1.391067156987174,3.121014977575228,normal
3079,8842830,3979,TCP,13912,1206,1395.6126755731032,3.528699558287073,FIN,22.67171009654034,98.40027599525237,969.9297589745339,4554.39275517568,38,1047.107904051943,112.05008487392503,1.6077265281981816,2.935302615871333,normal
1599,2089618,4315,TCP,38362,4553,428.6343594279617,7.034124012910118,SYN,21.396177968479176,60.25984168683528,433.4482602007761,2500.2430139803055,28,1244.176351425342,307.610491669395,1.4210684459238219,1.6966808166918868,normal
1814,7597537,4231,UDP,60985,3434,535.5425789485228,3.9703669785739297,SYN,55.027401411672635,87.87203861523331,570.4255370573976,6413.850928467653,7,161.01240239947413,273.24363549303155,1.9193744431855893,1.4865094010539772,normal
2695,6923972,4597,ICMP,35307,5506,723.1863094146125,7.4098394503614635,ACK,39.71318692675744,99.92304849036599,705.574957121865,1719.862679272243,24,162.38969319723435,90.47583924394473,1.4400632383780358,1.7427498636947976,normal
3766,4401852,3590,UDP,17982,3556,1394.403514717184,4.4855663737692435,FIN,57.72633454706901,85.12193528410076,617.5406029101265,2910.2611964170424,41,1471.0308246121667,126.67831066111738,1.5413980272675203,2.4545178591091124,normal
4655,6760991,3017,UDP,13658,1793,1357.0109423754527,3.79185630387829,ACK,99.6857182443128,66.0341903054392,317.94125140464485,7839.398162733731,10,466.9417632631677,42.78277821610401,1.5800503555733698,4.874350478204695,normal
4531,2594157,979,UDP,20275,5338,180.32350614592514,6.252722489634911,ACK,86.04279728270606,84.668219026529,799.729507752503,4658.076226252994,37,1339.177078164907,42.47895032383181,1.8038610156174242,3.8201874639107696,normal
2343,7059021,590,TCP,47590,5639,241.29824734302574,1.5122256913760146,ACK,1.7594091296890868,9.182851117192286,119.05210318383061,9937.339404506858,27,1138.4942305037637,16.750135116689016,1.6075153454733955,4.260181298435787,normal
4887,6120922,2834,UDP,20952,2083,768.4883071294255,1.6263486808769216,FIN,6.005015244201585,63.84731043545409,573.3058763566347,3925.961367073061,21,1965.4094956687845,118.03241948671105,1.3152395901325917,2.53319134882862,normal
2758,5576477,4011,TCP,38269,1864,204.59794556786406,5.563815997460725,ACK,61.397864572993214,22.435681191265505,280.58405078395964,4686.284554392142,36,1687.2711698778182,343.0340014245573,1.2115884859637307,2.635356822776097,anomaly
950,6920879,1221,TCP,63767,5435,551.0922663556114,4.408584992674738,FIN,62.999352032097505,12.490301414416729,619.6047439962881,3072.5518446764872,43,884.9555905295639,164.94554018975458,1.9439970920200675,1.0295800605707681,normal
3134,7760080,239,UDP,17479,4983,265.15879841534263,6.532906752234472,ACK,87.94089356352335,89.39425398048208,225.81354627352607,2439.30670129135,29,1271.1843581770136,177.93979223501455,1.8214066951751966,3.6080187231423806,normal
2059,6663064,4294,UDP,28168,2578,972.2585149412345,7.41389586140472,SYN,63.276660277660746,64.32484943204733,774.4776586572448,9230.58597082869,7,322.8499687283968,74.63364269516791,1.1206686892600242,2.1137041888952743,normal
291,218314,3195,ICMP,29037,5927,1426.7683760217844,3.718568143700833,ACK,23.543739313058488,25.11110804627045,235.2609679531743,7513.383737274437,13,834.1334816285239,291.98062715164576,1.839376085891193,3.714809825500379,normal
2435,2636122,511,UDP,53156,5099,1495.263966926853,5.174870186092524,ACK,47.38310654266144,39.29144747627471,891.4882136171642,3400.6850687939923,45,1494.3867080707612,177.65038435790126,1.631538014514292,2.0511863527500007,normal
4318,5729394,2142,ICMP,59485,1282,594.0996421205265,4.5048763945671695,FIN,81.08955466644767,97.35437798998579,862.9393556235287,7031.544297492675,23,1283.0760098444418,341.39523368080523,1.567004811531449,0.5515007641974016,normal
721,749692,58,UDP,22900,6744,918.5683238161878,7.87127458949703,SYN,92.35967149523877,86.35602323508324,368.7695174936731,9661.25912932195,25,1020.4955163169799,373.31513973285115,1.111006261121203,0.8735379020515586,normal
213,2383962,3576,UDP,27986,5440,1291.588097609918,6.817590851496166,SYN,24.454596777704204,2.542597754551081,391.9620859852856,833.0748595777477,41,435.4052977000713,296.49950887170723,1.8027776507459736,4.05973468959267,normal
514,3467689,3065,UDP,29108,6169,220.3200055547568,7.382163957941475,FIN,54.42086876631926,98.00029851810208,704.4884231106156,2718.593603271507,45,1625.9772596993348,145.27407303789778,1.278258512817125,1.3004962828990736,anomaly
3092,1615694,698,UDP,43343,3311,1049.8683960253493,2.780380613043229,FIN,16.73382746686987,37.48441786129928,99.4698025927591,2085.727637030514,13,619.0165483819961,259.21782167525464,1.7551830918746711,1.3291285686096759,normal
4642,8971512,396,ICMP,22167,1038,642.823309501349,6.407684962138161,SYN,50.20297019382935,69.84639843260655,90.11021805392254,8710.85332007966,37,1658.9102551576282,133.44609429432865,1.1142814226292357,4.647546769111633,normal
4845,4466669,979,ICMP,27115,1809,348.9119324062379,2.8583125749835423,FIN,9.921297954200607,71.55497989631017,144.96095486560372,1873.9842625600088,30,1262.0572193104877,452.42728932341987,1.8167182846995675,3.291601758105579,normal
2492,3882143,3470,UDP,58260,3544,633.9927471837908,2.461197733998729,SYN,94.23107892509695,91.25675913499572,566.8505820953537,3149.952360297674,26,808.1897131026961,385.5290175404531,1.1207355215195365,0.5803946938829381,normal
4848,4912077,1015,UDP,15203,3524,160.14241609912943,7.609863117588856,ACK,64.16758936997894,88.62102674415785,157.51228178278228,5484.221655929229,12,177.14992172398385,251.57289394272746,1.3123036136652673,0.7264904979583519,normal
2405,1946537,3062,ICMP,33831,826,1058.3403654544932,1.1351309170250665,ACK,85.56745742965404,28.891229553516432,284.84110895525157,6248.834120310802,1,541.5958042543161,483.07400015729183,1.3414503912614422,1.3691134892741943,normal
4328,7942238,3427,TCP,59750,6009,416.476869685257,7.757720925644008,SYN,99.83122224400873,64.71001235028736,650.4422934648059,8101.019249073293,18,1789.2347584275115,277.9101688977921,1.2417577742962338,2.9740384822548975,normal
4774,8467724,2312,TCP,11246,5525,501.5381853150731,2.0448332789216437,SYN,19.083933475832445,39.97683686997144,25.46754005834838,4132.500140883647,21,1654.1512534018632,170.98238370890462,1.5329523765758322,3.7665990948293073,normal
2607,8773978,2293,TCP,60989,2686,225.56788245012098,6.736066572552877,ACK,69.72019808100521,53.028829909512254,188.43424187393515,5389.022754273538,24,1192.221294574786,56.77897738908307,1.3553191636550381,1.379737252831453,normal
595,3375659,1617,ICMP,55549,5434,1303.755715140343,2.931457871476722,ACK,88.81164305717896,55.913174018058974,930.6313562469467,9658.074542937633,17,986.0126815280412,276.4353659585727,1.993959178154531,4.354503766700673,normal
4769,520385,4376,ICMP,63429,5257,765.494204959971,3.4549162920150915,SYN,58.01787857376721,40.23800113727264,666.941847174626,3043.881192769722,42,1329.5710907272073,431.6041396748593,1.621971914028895,0.5548090926319013,normal
3885,1573138,132,TCP,65092,424,879.6129727902804,2.517303979253895,FIN,64.32994145828954,46.92550802360225,312.4956030809813,2556.132690536716,9,985.8714429022729,434.69217679665985,1.6098300425488166,1.0459198485354662,normal
643,5181703,1290,TCP,24973,7867,875.6773904875392,5.098598297367557,FIN,41.3594378621966,21.62588452418011,54.85038982055692,7134.93199428334,40,1324.1791973663665,306.2378626745467,1.2987826670958098,4.852619956502958,normal
4889,227256,3737,UDP,17140,7160,645.2150160849455,3.4366688325551187,SYN,67.80132253793488,61.15699194288571,590.1883203283028,7734.249084884671,28,684.0677893543001,202.78479798476425,1.4678204948434204,0.6823768696317518,normal
3854,6854878,268,ICMP,52076,5902,329.1683773853022,5.601751276462642,FIN,40.162213554916256,76.1370217288333,230.6376467935162,4206.311141485052,15,1693.1447140318028,328.64519096443314,1.2115801949240002,4.441675425541816,normal
1509,8810147,957,ICMP,52393,613,1130.4424853226799,1.1095312255944618,ACK,48.18534417699339,43.54437920820418,960.5736843311499,2208.4912903967174,13,1433.6439975840067,383.44877373392933,1.7862763270253477,3.522636026266436,normal
3543,7850453,4968,TCP,49841,6729,234.23158476862778,1.4506241846052772,ACK,11.188262519659663,97.79032873220281,690.0913454369762,7811.334292532784,28,726.9536940126144,211.69614435312184,1.3980433215381294,0.3747045823021165,normal
2651,6495290,534,TCP,38588,6915,200.61699590427523,1.6976280691187404,FIN,1.7730316178577832,6.665414333735388,974.382647482645,6737.879663262477,17,1678.2656181645384,243.36454291531342,1.7767692500538894,2.4236970762107197,anomaly
2494,3374307,897,ICMP,38398,3969,1079.71030451493,3.9329557971716174,SYN,6.459961289755738,59.326907492974236,850.4099084374511,8774.65523267437,9,1025.9508086210399,343.5019906151921,1.4345263999365279,2.5997069721925836,anomaly
2722,551242,217,UDP,18691,4127,352.8136796553765,6.703573208619832,ACK,20.05964245282257,58.776476570932445,488.1971410386352,8458.8319968385,21,431.81384300117685,439.55977699034577,1.989881516103361,4.661376760765029,anomaly
4250,7002837,3392,TCP,9799,3300,494.8204894616069,7.217245372648678,ACK,46.20377813991147,4.593331562664195,672.8675161776022,2131.43232659191,30,247.65367780670064,397.5950852897147,1.2540094600291596,2.111311919455072,normal
66,3498831,2804,ICMP,30679,2232,739.0798271525233,2.7136751804263053,ACK,3.0784130142939343,23.232447067376064,813.9861235839071,8340.157882877935,11,1429.2509205107187,20.97177096697086,1.1013715044949983,2.2393504411667364,normal
3241,2849439,158,ICMP,58826,7041,701.559409257842,5.020588069673098,FIN,16.437727276269015,90.64871578130698,582.396696845997,1834.2200370771468,30,1743.7295279952202,70.94244845444804,1.6353429872405472,0.5712939363840277,normal
442,5979106,447,UDP,48656,5433,1077.439731344249,6.378554948848204,SYN,78.36301578455942,54.906890416312166,70.87262595853701,8650.668647401264,36,1634.139778329633,427.8613083399057,1.9576578800790543,3.199471091553936,normal
474,8066819,2212,UDP,15217,1562,953.9761004928735,3.021806009437261,FIN,76.45448926794266,44.20220162182017,475.7418507348948,7726.177246923516,25,1345.7369574220886,418.57318574206647,1.6823486494153814,1.0623759096865921,normal
621,8334920,3759,TCP,15700,6241,984.3744353087053,3.8630541571539125,SYN,79.18329887587448,42.134148108147045,139.2675974787735,5741.624635395745,7,368.6126056490593,200.5153237428675,1.177151170473363,0.3968909585362971,normal
3681,8121766,3171,TCP,31800,7621,1085.378779450413,4.667819418799997,SYN,92.23255337648062,88.92792236999081,717.6983074580688,6457.994590523417,20,278.6837443556417,296.29618195525615,1.5864323442196029,4.984625810353262,anomaly
1170,2022835,3911,TCP,44249,7764,474.2884547640247,1.944123924856334,FIN,12.788029072717396,37.336086386537,683.822626481226,1130.3847816601062,35,755.5562837222782,453.8640413900367,1.9185382425239546,1.355451843534398,normal
291,9189295,4463,ICMP,61034,633,517.3833021106868,1.1818760560804622,ACK,17.150847746560412,86.05751937029952,992.9791101315923,494.863296714687,10,1724.3306917576606,456.6637536934772,1.1058554610920115,0.7138552939927317,normal
3947,6428095,3255,TCP,18223,6102,685.0967344485534,2.0696406652279826,SYN,34.02180784553013,31.61006733163557,632.5217037761666,3373.4027431656955,35,1927.298913582662,393.71549442283646,1.250220991554019,3.50045696923991,normal
4145,6079159,4561,ICMP,49836,888,495.82015089861284,5.3879753487747335,FIN,91.59897869911005,53.6188944657815,802.1365629601022,8231.91753303018,1,558.5856242094353,112.69857979624268,1.8331054004923546,4.11019395805029,normal
2329,3532674,2833,TCP,16090,831,1478.159910007752,1.5153278307357718,ACK,77.77229655758855,15.238157184054971,275.60497237994423,4711.277174481729,14,1547.981774105268,367.838575603433,1.9045163959197344,0.32974669070047,normal
838,7337302,4734,UDP,19919,1842,1230.375293311073,2.327874553950898,SYN,33.08800596089965,82.67800091210101,346.62389394301994,2311.600897526748,45,1190.3515121236908,59.53823185005774,1.7364445587814439,0.5359126042742374,normal
764,6283827,3280,UDP,1270,7870,288.74929797124287,3.364977199867126,SYN,9.675945960490754,73.86151222947795,917.8540098540589,8362.034109156675,5,160.4339974480912,448.02984513273884,1.9924041472758387,0.45996737967440876,anomaly
4904,8740287,495,ICMP,22233,7264,58.11152602871079,1.5450904501445644,ACK,62.02162258873458,53.47921328400188,757.6403370294876,2363.409860624832,40,1131.5410648725856,83.08291375357011,1.1811943366279125,0.24432692357933086,normal
2899,6793566,209,UDP,40308,7235,112.03573895853839,2.341894898131441,SYN,26.42509741475958,3.5642294404183064,658.7164830496613,8173.387860085324,44,1631.2867656797748,334.5508336546109,1.5911088642529043,3.300687828385076,normal
825,6022656,4476,ICMP,17824,4882,403.8920040122416,7.378888522884577,FIN,53.584104030886756,48.64447585389785,261.48741565720985,4584.497356089668,38,624.6332883536504,309.01920438365084,1.7164952503828275,2.945682816799427,anomaly
4076,6520585,1992,ICMP,47134,4197,215.722364463442,1.1350939255888934,SYN,94.23853260049671,23.294456294299437,701.5921494379135,4688.59938394609,34,1804.9870855438758,390.6808313809957,1.732380248332179,3.3174052162340657,normal
2297,8133162,1481,UDP,62831,1764,823.3402665942295,5.574023469220535,SYN,57.68910728611911,41.92405529162692,887.8960085915318,2799.9241375965976,24,548.8947730618102,280.27297615564316,1.8141361538097645,2.5332791447381635,normal
128,2427105,4353,ICMP,24110,2276,1294.09307295467,3.6908625164062943,ACK,92.45960920591305,85.7862223970058,238.48967834570985,9011.722806903588,4,245.29895202370318,39.18762193410877,1.9258634405894448,4.089363350173852,normal
3976,4812671,4893,UDP,21125,7632,1118.2878203241796,5.708541176026598,FIN,39.910839813492665,77.19072722972257,709.062708436665,978.9742293719274,27,403.88468793517166,355.8646644816331,1.4254773010554032,2.7378748294678914,normal
905,9493989,2321,TCP,17515,4062,362.6331414691761,5.120842042543832,ACK,63.701782391588296,24.95333804125212,399.7570138635336,1529.6223829048924,5,1690.3054505697448,197.7457338292813,1.1386670535268724,4.594547204650128,normal
2198,6454877,3383,TCP,28231,3687,628.9839212373895,2.56449128048251,FIN,89.49510742074946,98.5103898596295,127.57973881121379,6395.259205637457,43,892.8812461751038,166.93965059736382,1.4261977230328626,2.4333861771949263,normal
1081,7548881,2088,UDP,42822,541,786.4466038203525,6.93046641301372,ACK,59.210743849304706,90.41784012275632,765.8260697683452,8516.141130987848,13,1614.1965708811497,495.92003927153,1.7044532870485114,3.955386719445878,normal
4990,5056769,1531,UDP,21921,7216,1224.7984817798365,4.443582678265496,SYN,61.87496902568332,53.33867087024287,175.46542129249303,1044.9673768337532,40,1109.3428158802308,299.2958853202666,1.2921104786002793,2.0427281648813342,normal
3321,6062266,614,UDP,64107,5443,1266.726324503939,6.757752132394302,FIN,71.91449022604122,53.484881708503416,260.36731075546766,7364.1472692244215,21,1013.0623371094197,358.25234590201154,1.8289756564028394,2.18176723493445,normal
3626,8659754,3858,UDP,30516,5109,1369.0915522662751,3.8420877533175344,FIN,88.32866796163705,90.22533053532693,785.1126204699053,7450.864178080915,37,1633.1349878356841,267.8998070984677,1.2977880119505478,4.246470305737205,normal
4232,5575807,3352,TCP,2445,6628,788.405613229169,7.8927988774066735,SYN,9.729826062844445,63.97833603548396,744.7114577683913,5857.075028632789,32,904.6264622535142,387.2865965163098,1.109057062142156,0.54722257843474,normal
3506,4302828,1427,ICMP,33039,1545,1056.6983823320013,6.393425509509074,ACK,34.34907883543261,54.13215277441452,261.6412353839511,4918.607676879665,38,1623.8621890260997,378.5156403949879,1.5572726968012214,2.828939597366208,normal
3556,6510762,4607,ICMP,13994,1489,212.11053828920888,7.761651435788014,FIN,40.37078788197977,75.16570384441201,941.5549682029035,3278.7688171445916,31,291.25811343054664,332.00159668327865,1.753815414263258,3.63441897421614,normal
457,545026,3885,TCP,8307,2695,869.668991933274,4.600285352369012,SYN,91.06125687352859,24.274614411804475,223.13237282641958,3579.471745083398,32,1308.9905495245873,498.89410010745064,1.4146898064831506,3.7545988709310976,normal
2761,3943863,2943,ICMP,29512,1533,410.60312373314594,4.315837926034903,SYN,95.64478452710394,87.95936454986435,993.6859928143921,6776.891376913161,15,1434.915407448771,235.29883170073748,1.7740062195831081,2.961552700578177,normal
3138,6244490,558,TCP,16969,4896,675.9894832885861,6.288176665276805,FIN,12.917666001847351,53.61010880039738,740.5208732319251,746.344183017712,48,1808.285052669311,356.03425066609594,1.4945639007089073,2.245841775955974,normal
1718,6485427,848,ICMP,1279,1471,969.3732370447431,7.162038841094011,FIN,12.791660299089298,60.74643020219838,398.5826136458886,5890.856376691793,30,526.2154455607704,400.9112017744099,1.254543155576062,1.3113043948951213,normal
197,7222352,3825,UDP,57424,4674,422.6296098879826,7.749020571058907,FIN,93.55131763098387,9.904443254228616,139.04571459585912,2859.448705283186,43,1248.017772176418,194.25700770132673,1.1815025544190596,4.54803691441707,normal
4377,4473089,857,UDP,12043,3450,125.66833380530356,3.271863342227498,SYN,30.281418236876675,31.64138691746093,327.30485560801753,4719.398528245031,7,923.1874710095238,234.0157635012731,1.7395284484166127,1.8552418581314136,normal
3947,9779862,4719,UDP,16511,3027,64.8390917926984,6.590932016898472,ACK,24.93962748467812,43.24679833053736,201.80112635039825,5633.898222656965,38,827.2661455336552,484.8919605313868,1.44714330884259,3.9969705217813956,normal
2000,269449,4517,TCP,42821,6254,82.13132653955624,2.474519183448757,ACK,4.526663709655769,41.97704282016593,625.621190629079,8868.02750197988,31,302.7557549027192,25.822598392037964,1.9214963911313934,0.16801140868355494,normal
415,2851774,4783,TCP,20370,6153,62.107119394966006,4.819020427218117,FIN,28.283997542294255,78.05015225166733,363.2866016065771,5832.841394490312,44,355.04332813039025,174.29487044084803,1.5862295527165549,1.1685243812861796,anomaly
1724,7621958,4264,ICMP,36074,3144,210.01483200891943,2.258937038864394,SYN,69.65911629537284,28.94991735151079,302.05718863141846,2348.879759226288,26,1690.2780767505278,248.24435154594826,1.4135891763986324,1.7344681164917717,normal
4581,5584281,4478,ICMP,9768,1773,397.2586361266883,3.431781532252372,SYN,43.177580111216606,19.028816971963536,759.5618598011883,886.6485864065324,36,1524.5315214185678,10.717846603903215,1.414091834290751,3.3611545759179187,normal
4544,4431675,2282,ICMP,25780,4975,370.7711955643338,7.519508570445215,FIN,52.17016481352426,58.679107894763064,238.29344050168126,6307.185155950619,46,826.448147553091,450.57227949323976,1.2182940780073843,1.603460727737836,anomaly
2596,9035883,3330,TCP,62620,1632,1480.8550615608503,2.0226348984116025,SYN,91.81226406487364,61.886470978341166,591.0204242512496,5495.979123876277,43,1674.1245046402985,150.25975610395776,1.634410238230241,0.2164053660883426,normal
612,5919806,2568,ICMP,18885,3295,493.7088525529677,5.426806265946375,SYN,12.35428848446033,13.036747401537847,202.65013189531015,6750.799176103014,26,253.45575116479904,136.27536773362772,1.62395042186929,0.8775989051095402,normal
3612,8514199,4708,UDP,26170,575,234.7601358711287,5.1506799104918235,SYN,8.052830809017301,1.2443817956136032,717.6506216557646,4648.026133459636,44,1287.0704423630204,411.9598357233335,1.8199943227428441,1.303235108322937,normal
2539,6823255,4321,ICMP,55128,4271,841.065689043249,1.8451684689629053,FIN,85.34114416326553,91.84725892216403,628.8702689150707,8268.745888596977,2,1749.534500157148,146.21178196621292,1.2810772662203687,0.8884769248797371,anomaly
822,9028712,2006,UDP,56056,2069,1294.038310326387,3.2818533063816853,FIN,77.71072394563994,8.884062714220072,800.1719800252607,9209.778854162469,43,1693.842038959374,332.23507101199095,1.3617106782282447,1.0265855551042555,normal
2087,4462213,3683,TCP,43711,5496,1033.1875463421288,4.94087053160686,FIN,27.109684507558214,89.88882626225802,77.81210401505217,496.0437800139083,45,808.2872438895337,412.53654051196,1.1875141721860236,3.8470951339600385,normal
3473,9724257,1574,UDP,47127,844,479.319029246403,2.310250262919432,ACK,33.099178511034204,40.5222725642547,218.00439500997132,7466.456708014897,43,1515.9443208082791,398.3136553780825,1.3658079820420161,2.066047883312796,normal
2617,9598076,4028,UDP,23000,5708,864.3434316976097,6.604365594889708,ACK,31.717505741790365,65.65253489151164,162.91575694793102,448.08939299373736,9,912.1894764877674,393.15586133870517,1.4852919041789607,2.0318444308929466,normal
1623,1161152,1850,UDP,63887,2869,1086.5411625905933,7.805095566743249,FIN,65.13307100416921,19.37585437993323,198.65562788287926,4506.457200038192,48,1696.2625123409039,53.43240923396508,1.9676255653585852,4.833365619930836,normal
3744,9373275,3301,TCP,57267,3050,1105.7515139332263,2.5033157997373046,SYN,7.059939191908958,82.56778575492142,111.98393834667021,4669.871846036068,5,1108.4477052945438,49.12501411045846,1.687759402587422,2.239042171341559,normal
3341,6306236,2897,TCP,1615,1101,1016.4807601816489,2.3083837535340317,SYN,49.45075694110896,18.839145303087555,566.4610824217121,6992.562135497799,27,1553.228393299578,160.31731751131986,1.804586536801276,4.639014081336651,normal
1296,2366885,736,TCP,7301,3345,1312.675115924646,4.184545502582113,FIN,14.25342394216177,39.26440568317576,597.4970929800489,3588.792652189375,12,249.28600635417627,27.614461786048707,1.3929588966984412,1.502324860101235,normal
3769,6196196,1254,TCP,62884,5319,1311.6529145989514,6.234356939980225,SYN,82.15411555169851,24.56455216860181,845.0548580380702,8226.923249350366,35,1221.0493460568393,255.21057089443954,1.230061531527287,2.009125036921824,normal
3889,881096,3470,ICMP,3284,512,889.4580111401548,2.97120427164676,SYN,38.68563742668656,83.91308981100674,423.560794679325,3494.3541736640377,29,1145.5399371917435,203.44321247240697,1.331047947721997,1.9874539467766361,normal
409,2715766,3728,TCP,44931,4784,673.2917352112578,1.1391593608809627,ACK,53.22964712872647,85.97524555123907,537.0608659437032,3490.9270945807257,16,1258.9557712968042,282.9426971461431,1.330820921899389,2.7349333732500756,normal
2426,2925537,1075,UDP,64993,7222,980.2769285693947,4.788544396230257,SYN,3.9024432690998117,37.8308600476529,991.3910188169999,2305.3306098206053,19,1421.7190550396213,156.40638394814832,1.6248037954640844,2.9253939813612213,normal
3059,1593173,4781,TCP,1371,94,1236.4074019871716,7.696203974371153,SYN,6.7681670405641805,31.43046862942309,536.5266325255874,6870.303078597039,49,1844.4070430648696,248.01946146530923,1.407324019209526,1.2481438949209216,normal
3043,1075477,292,ICMP,25765,3011,58.19555201971785,3.738937987848619,FIN,67.83042824261314,77.58297214432136,577.8403268744959,858.2135514288922,43,1592.795955374459,174.02493527093634,1.8716589778999508,3.969985409581422,normal
1012,1474300,1091,ICMP,55208,3380,1488.395663071534,3.940941879281703,ACK,76.91028396899188,87.97268520931387,995.9582407286102,3694.2453502591984,27,517.312183726319,105.6519651894212,1.9896900673128481,2.4876645138371947,normal
3682,6760383,3895,ICMP,38235,390,315.1959698773389,7.782312019798265,ACK,71.29352287561794,62.77797941729232,994.1880876352749,2742.2183868806715,18,1669.2029116549825,328.1896737575293,1.4089685647371037,0.04514733205884931,normal
1877,298584,2891,UDP,44880,4702,731.8610292069654,5.8622532813870984,SYN,73.96484500932816,92.81296389718123,429.7901411413141,2370.4227875040106,41,331.9513874686817,339.98359173460074,1.7345542463183097,2.960789760250234,anomaly
1663,9795410,2594,TCP,62861,348,1314.4431155221569,6.034203459894876,FIN,11.35736520438357,38.92133747215828,638.5973613069348,703.7348400220181,13,1282.1773127826323,416.32352944737755,1.6917379237283319,3.9923166132303907,normal
1690,893015,2980,TCP,42566,4705,376.3085786140891,4.938914037597473,ACK,69.65163326865657,16.036753799718863,485.9944827588807,1984.7928456755908,30,1777.2322356672921,438.6283737453252,1.2750162389590534,1.2598290216991346,normal
2266,8021497,1162,TCP,7893,1810,741.3530746555556,7.822264476042691,ACK,18.99301068622027,18.784655249387093,723.5082971406283,4517.819660967144,26,292.1319030083175,355.1863331402786,1.9262077353385707,0.19897633671601075,normal
4362,1652348,3507,UDP,29106,796,242.2441612627098,5.822065390978892,SYN,10.703527755801755,67.31336327742478,939.0026559220576,5087.04040714683,6,1714.416041289495,346.87406248178087,1.2794983284695611,4.037821491697106,normal
427,2872259,957,UDP,23104,2042,622.8606718128792,7.265229261236186,ACK,75.95892221502926,41.345115884783034,316.56271528954056,2768.0962705189545,3,1617.3793950374666,37.771076014871525,1.7632614185027289,4.8816208126984195,normal
4264,8271562,4770,ICMP,30003,6467,306.84640944985364,5.895652060132548,FIN,89.0512055930549,16.475145235839953,820.6864187345519,6537.410733819014,23,1057.1733242942346,63.79182831450405,1.4128486780468812,0.3920524371778628,normal
4335,855741,1727,ICMP,20446,4694,577.2602357181777,6.145810773882772,FIN,71.95428083311072,29.93045863545718,658.3004434482203,3424.3540428040487,12,686.9054443612678,408.1557280915279,1.4303734103080743,4.690803668555349,normal
419,3353214,76,TCP,36637,4336,591.5231143494469,3.0328764549957254,ACK,80.75177182866058,53.5299021312421,287.3829532614751,3735.733798671239,41,870.3326333359333,124.14611819557946,1.5099041476000643,1.8027793157605496,normal
2246,2024615,646,UDP,58040,7142,1490.0976449175823,3.124350886096733,FIN,99.11772735703997,13.023081429251505,799.3266616001737,7847.980907798964,41,1940.4504578304022,184.22687950637066,1.8780571802496255,4.707783646854557,anomaly
3797,3011087,323,UDP,61134,1207,1492.4788924904697,6.480892547032204,FIN,14.340835229261767,1.3408073954965636,432.8616890055958,5564.470542106531,15,483.2253566885081,81.19570330117963,1.226226747360091,3.2477082267722097,normal
701,4645081,3407,TCP,24017,1523,216.440104057888,3.0769440241892974,SYN,96.55010269087082,91.81250670206565,129.19320372648195,9536.431026820841,1,1201.248146876801,105.62446460171032,1.1491126200512787,4.452319119117583,normal
819,8531057,574,TCP,13410,7642,1102.6547300261036,4.939390495610722,ACK,60.51858274352015,31.181257887030487,993.4821937030513,3657.081892524868,47,258.1574209694993,389.9544453314011,1.4618367370224032,3.931306795006553,anomaly
2471,5382299,1611,ICMP,35057,6538,125.03094552019667,2.7454661763469135,ACK,81.51206257715702,22.928316388955643,431.3898696425957,8295.620910344594,8,513.9968219594272,138.31121356261374,1.1500265892278794,0.14970873667492793,normal
830,3019439,835,ICMP,46237,3311,93.77842223892351,6.718883665663486,SYN,65.36674897717933,70.1496001630907,546.1370219023997,7409.541604496873,31,1550.301137341589,230.02713346945316,1.7188407947516966,0.3365580866020189,normal
1766,136370,3680,ICMP,65121,5823,202.73414665519826,1.77350945859383,SYN,57.43374108974957,85.48686949590696,809.8821134561231,8912.87038167476,11,674.9381766850017,84.31897279902725,1.784292567524492,2.6334655795415345,normal
4033,857636,1035,TCP,63017,3345,1449.9542026615043,6.806126478331651,SYN,70.65828040814709,63.59559796700889,961.267373768734,9572.234591938502,17,1972.9555340691957,342.1856540948883,1.8692411552779329,0.6567989090261142,normal
1361,4643681,2261,TCP,13962,5861,1414.2521444473111,5.219108603553213,SYN,32.70560778678529,26.193792655754628,874.1589714607125,175.99752896052803,27,1051.552381878296,366.8521697254033,1.7694580209352373,2.3105608533941857,normal
3409,6195868,4767,ICMP,12183,207,331.19533940698665,2.308366743789541,FIN,92.50288082569935,86.30202571207656,529.8026757235509,974.1477038884094,31,1081.4247180847115,187.22923577036977,1.9247162543234113,4.773605189836693,normal
572,9305612,814,ICMP,3298,1234,284.42488655288173,4.7942476985428275,FIN,12.413964633522092,51.532292416594714,550.2391147777842,6775.9543301523345,27,168.998004737897,394.5258566001478,1.7734710104509,1.4808388648968767,normal
571,6536223,2461,UDP,19878,7576,398.7758754481232,2.9774918579313834,SYN,32.48508722455975,38.73788949306444,288.0780672435663,3962.9786109964016,14,1917.4008241968054,127.55425944184196,1.9424680758905615,2.4496744419405467,normal
4928,9983394,4641,UDP,32839,3306,797.5431414089561,3.264271343113476,ACK,4.085072966849828,60.867885843664425,468.1748493774929,8209.338507253191,23,431.0435376803941,349.03289242907647,1.273799714788427,1.9274555540396665,normal
2370,428244,1401,ICMP,11506,3466,876.0717164513443,3.4606962911781625,ACK,27.86098171696308,70.36061014019333,947.3704933533959,218.60031369410538,5,1122.847137739841,367.68264489602245,1.5498768195809571,3.1528365515987598,normal
985,3556912,1245,ICMP,19985,1129,371.31047413719864,1.4432347288062466,ACK,22.60309463699903,59.78915753739908,729.6715344992697,8089.076289664661,30,851.78175892159,484.64211511650035,1.9945375397344178,0.9772862039512786,normal
2280,5012002,4042,UDP,21068,2541,1147.1030427304206,7.901731790809922,SYN,5.913455207184489,92.10429912655778,21.758220834117594,1438.8957832061571,34,889.6109314147509,123.83761594149097,1.713420364288444,1.3070970577700738,normal
4090,4714199,3290,ICMP,34860,7805,498.8520956338436,1.2207423969185687,FIN,49.685632321013586,63.17376279390631,125.34171400451358,2973.465535230017,47,1322.270315468606,55.91813522094884,1.8907770061903317,4.29525157830641,normal
4633,9665001,4733,UDP,22999,4959,1387.090422017645,5.637478112289949,FIN,47.39496814370537,87.97949054993207,924.5731572582765,9693.87418258147,19,1357.968486475707,138.88735692199543,1.1273544144495697,4.058567757063088,normal
4991,2515368,4854,UDP,15730,3899,1002.2479243622594,3.598593534302014,FIN,8.696798945968219,59.10888508023347,850.232135638338,610.8213241268644,31,393.14836823038405,70.20247632523834,1.8845821087115935,3.9480565474644957,normal
3747,2090319,3559,UDP,6998,550,682.709231740237,5.522072036626892,FIN,26.923202609433005,33.63827779928236,491.3028210909129,3555.5020632814717,16,1049.214640931595,93.15021116221173,1.727941911114888,3.856888850496301,normal
2887,5126819,4210,TCP,65163,1090,1195.3724024691257,3.4937377716130866,ACK,95.37889388616925,53.69738493083634,620.808498058586,936.8348788707141,45,1601.907153369528,173.71611080942745,1.2536798905889397,2.302593092373279,normal
4133,793330,4151,TCP,11952,3156,1235.976207767664,5.716254523812011,ACK,11.962925826531611,9.547332275508655,296.74955027691766,8550.683619532345,27,942.2443187492362,212.85546589378043,1.123112860781237,3.647164954935719,normal
2511,4475843,1364,ICMP,22237,982,471.1983281329683,6.1046485662785255,FIN,31.19684623708735,23.787288755683633,794.9024445794197,7059.859613120489,26,415.02849457050223,452.82487061817596,1.3339339203130876,1.942152041181868,normal
3293,1743955,1846,UDP,2974,6638,542.5860885623223,5.833868482797514,SYN,4.550377447011197,76.85693455816796,607.2842724205454,8023.340139375719,39,695.1121919977123,105.85172803501032,1.9241960230934931,0.5125408051455062,normal
3409,7313203,2902,TCP,58459,5285,1407.134972906475,1.797733869507066,FIN,15.73983305975291,66.48608545775818,697.877448401356,5320.06716644353,29,503.52117179963335,486.16189820139596,1.7013196448302579,1.972939461827973,normal
735,8655758,2506,ICMP,20501,7109,288.8745056267443,5.598252642582793,FIN,70.24031363911317,17.485352342852273,381.16073962890795,3641.4281947475656,49,339.0531890381904,406.9750728491241,1.9275221938549918,0.8017285906973751,anomaly
2210,2787905,2593,ICMP,11435,7985,111.1181045962546,2.959912846178681,SYN,37.30493356563094,44.36350244955003,436.1336264463658,122.50883409074804,39,817.4041421271721,441.9209810477861,1.5015357042448336,1.9603498863562232,normal
4038,1846964,2568,ICMP,64091,1425,708.3802177838463,1.2016095939853346,FIN,45.755580497232934,15.057228387094725,215.60526213481222,2851.4803892248506,44,1127.7788620763426,465.4275549727193,1.942964385711717,1.494151824660804,normal
4116,6735714,3628,ICMP,22719,3157,1211.7543553532619,3.9038147032226775,ACK,16.54086111793496,85.72596778102343,948.5720174916631,5194.080112984535,45,238.22789802560033,379.08818659914914,1.5166638339005052,2.9998117286689454,normal
1617,8879023,1569,ICMP,47180,536,1168.9187541505814,4.034801719626607,SYN,68.53187711623886,11.807800473674597,947.0914501827086,6677.184161113227,29,1247.2644072335484,396.50211749235996,1.283829251976501,1.814086673337133,normal
88,3504548,1517,UDP,63768,3184,1383.3194119236073,4.270218933467126,SYN,75.4006382110341,65.76926467927312,819.573734767505,2366.4804724416917,45,1986.7464363222543,224.53096533675358,1.2362541177660027,3.5308924202621,normal
2594,647012,4081,ICMP,18795,6004,823.1409633351084,5.933769157735013,FIN,18.930092902157234,61.09300009683875,936.199568007192,1475.1183782525293,46,1931.837370838159,260.1206149913595,1.99443063173154,2.5656119384277702,normal
4925,7186115,2073,UDP,5298,6589,195.0937737714733,3.1619066639972138,ACK,5.454352898374275,47.80488791903814,668.674772054575,2095.987134095727,47,1675.4296157984018,466.9178591156508,1.400476395327114,4.598266469791845,normal
1306,2586181,3652,TCP,36077,1511,903.5990127872233,3.206963591727458,ACK,9.013172296592831,28.545227643750035,242.30535061004406,3605.352911742088,31,606.0481143245657,195.34539666079826,1.244047722785829,0.4642169223984311,anomaly
3040,7982512,2010,ICMP,53382,5233,1178.6736408121567,1.4238657936888242,ACK,66.04752996309875,40.99169349930991,762.6084169705663,1568.945082894615,2,142.57443331079787,30.554065801461526,1.107567587801677,3.4416688513202476,normal
2246,2270798,1304,TCP,53100,3709,185.32577439124827,5.8077485119460714,FIN,14.415549646989053,80.83273874564365,332.0234471492854,1652.4916107690055,6,1683.729235477417,383.7496488826387,1.3570126098766602,3.3652604190744975,normal
3518,4182726,4075,UDP,8069,4248,300.35323159150516,4.974782639797088,FIN,49.89796458271472,76.39353073906415,446.07687240543,533.1418300668777,9,205.86844075955514,290.847180741584,1.9002045292422851,4.753626471589376,normal
2758,3440289,2762,UDP,58647,7621,67.82145867572281,3.4459757888565163,ACK,16.111511561690836,74.14210240095251,281.606662216816,8581.579424109083,15,490.69335479446374,409.2892215482227,1.5806083886095714,1.8640438165478261,normal
351,6642620,1763,TCP,30738,7528,910.796240197875,5.936322852421482,FIN,17.844656772318736,75.23253485174472,429.385698544057,2275.61037820135,20,1134.4611093488902,47.02012063937144,1.6691915463724594,1.53413546886369,normal
696,7686815,4220,ICMP,35410,4429,1335.7648683215614,4.76150424458814,ACK,1.431689830810342,15.244751061178574,682.524192000128,8236.834146706742,48,438.91827437292284,314.403675333137,1.9301519935014797,0.8702432866261463,anomaly
4808,8522267,1613,ICMP,44771,610,1022.4618082030443,4.284714621093777,FIN,32.76160132998041,10.810548585880733,119.50445569197947,4439.262922758662,2,1684.1978294674198,131.37588511547142,1.5615559262963263,1.3337896916229153,normal
1809,2599475,1332,TCP,9586,7399,1473.9581270069239,4.579271805627885,SYN,9.889929341213172,86.28836366254819,114.15485970308626,6361.1343656647305,3,1576.6034228936753,452.60161130229716,1.854451861267353,2.5144349560481416,anomaly
4401,640872,2451,TCP,56072,1563,141.39879612465427,5.454436876869396,SYN,40.0021662587021,83.88028246409995,686.9323119672606,849.4511479661337,30,1535.9620609007745,63.85587047345538,1.3914499502687183,4.190187680180286,normal
647,3856798,1108,TCP,28783,3076,1359.3515734696696,5.620018232022196,FIN,60.18064665214081,68.45051210058998,781.7853551068615,5877.446937923829,8,1650.6424702053955,423.10394363528087,1.979391676557098,1.4285901513684,normal
711,4942412,1515,ICMP,13050,2226,1230.399016710687,3.0227047339850204,FIN,37.385662844883576,60.98466878623828,555.9520178652414,2970.9544914156872,40,517.4333825027629,53.39158346623608,1.1709324861612072,0.797133162120379,normal
4380,2960470,1136,ICMP,41635,3359,505.65020472428216,1.9852035437380726,ACK,70.8030814526982,37.320298941756455,189.82460392679081,1042.5785361968378,21,1484.8955146845237,22.297704193529068,1.752346572961938,1.367921070660102,normal
1418,937320,306,ICMP,32613,2728,1461.613500164015,2.096439268333631,SYN,74.40372503589646,23.184176566222323,436.4492798773785,9091.501712061572,39,775.034854924353,125.17912072054193,1.694509658084265,0.5136256053921381,normal
2631,5011168,3059,TCP,43687,6001,467.50973484855183,5.475736201321012,ACK,69.96403234872037,67.0979873352538,760.5937671601743,6075.91761925996,43,1367.005043179959,173.19182505407505,1.2725043552657354,4.6342101273769005,normal
3918,5423569,2235,ICMP,32762,4049,1339.4918495509169,7.110113000369882,FIN,93.73464240351832,91.3904291701652,688.8757705369748,2492.9055097157875,13,331.8412843992321,316.99909818781686,1.4499595989618825,4.364394518591014,normal
3587,1648824,4364,UDP,27868,5742,1327.0854367575746,3.8664739484188626,ACK,24.492133422519952,44.262660998076846,118.76682304117637,4254.5153061518295,40,1440.6145021225784,74.54505270691637,1.3815462050993057,1.5493736677559102,normal
4915,9540605,3797,TCP,24471,767,1148.60354407431,2.1866411223062365,ACK,19.756188858382686,31.01803455206745,969.4557091486625,3633.3113273890826,41,1947.0046830114811,224.29166745962672,1.185043581499246,1.2424692015000165,normal
4358,3384973,2106,ICMP,25903,5613,867.0321870286352,6.296217488056982,FIN,61.36143743494485,27.80343953545962,231.13024207747316,7035.738691992432,48,182.84069410556089,110.08916503040814,1.6263092206557572,4.527932597183929,normal
4608,5811786,3619,TCP,12990,820,224.00398694448768,6.82742632093614,SYN,59.89282393398416,3.3468190470751136,228.18560953465015,6113.5884426721905,37,278.27491221746106,429.09862755806097,1.994302861008649,0.01884203709157033,normal
332,4126903,2218,UDP,18756,6573,821.3590150199225,7.164077101846766,ACK,51.4997350338059,52.51135549721248,465.25867526800135,295.84354301267945,32,334.9098579422264,32.033588896139435,1.6036293269480504,3.00688186467682,normal
3728,8822437,185,UDP,55732,1517,567.3545706996551,5.247820002396132,FIN,1.4309659579321852,98.83536695562832,333.970697710048,2058.4871970862678,14,918.0714193884723,184.40948607737533,1.5907339161914258,4.580858767118896,normal
1536,4412054,2512,TCP,64949,1399,1198.71469807526,7.025099915716593,ACK,55.96858476069385,81.70853389779292,984.1461287579501,4833.46692518453,1,652.482351372802,319.37329918486336,1.1362823366190935,2.5477018696427,normal
4132,4315896,4009,TCP,6313,699,1149.287349420425,1.1079047091388539,FIN,93.34700763042493,89.84999709836056,85.72487552159066,4510.309343312527,27,1633.148291727318,457.4132072454501,1.2252982010273215,0.02480512840217311,normal
4233,235000,1677,UDP,52598,7380,1370.3881356902775,1.7506506123866648,FIN,34.123191222173425,62.4952455312751,313.37479901404475,5215.081331240952,24,1000.195754481827,435.3167771200087,1.561897180192035,1.102168432631927,anomaly
510,8711745,4381,TCP,21036,3790,71.50373552597641,1.6480324693646913,FIN,96.7923201387048,48.66319463779233,388.89493882302304,7176.627249732515,49,1020.6209511082496,448.64407976341016,1.9866607077656642,4.612983553520751,anomaly
2375,7943992,2555,UDP,19836,3362,1223.199664393417,5.988232789783131,SYN,36.31891124057173,99.05524373297139,498.5244037847211,6851.889085132448,22,1462.372392518172,40.79811390466122,1.8889469619156731,0.09494189665734792,normal
3804,7145013,685,UDP,36825,6277,1410.7699770307697,1.4870724848050532,SYN,14.845595749263966,45.26904895324584,26.242364439679264,3790.852879205715,14,787.7410668179168,422.05239811709515,1.4061882092358509,1.979951032655375,normal
2518,4574957,1833,ICMP,56333,916,1194.4856512068177,4.474550607264149,FIN,40.44193807778671,91.76622699563123,91.53851049019775,8788.058116592092,45,771.0937700988807,392.15716348661834,1.5887038288053148,3.9508261844015613,normal
1774,8956118,1366,TCP,65254,1566,238.78196681203173,4.308948290454024,SYN,49.96651997943086,76.42263606958976,265.23154630251344,723.0324474403355,8,1538.1601364922128,452.19150814505326,1.597432000028723,4.192074058488167,anomaly
1426,9680502,3082,TCP,42652,3146,167.85470201928723,3.1749246649076865,ACK,63.31697660748252,33.76686409856721,558.4620608687402,5886.647961606092,27,1582.079317089853,162.67237095642068,1.7168245514859648,2.3932635838170637,normal
2793,709092,3269,ICMP,58867,5909,80.22559772116617,7.092836189594699,SYN,50.98293804021107,50.803156142045516,770.0938544915376,9501.886376438344,3,127.35766781235708,456.7649020739497,1.7190038371152248,1.1700939211469341,anomaly
564,7725826,556,UDP,41605,6228,961.680577450703,2.193032413159972,SYN,54.135144113215595,39.048592954606434,689.6303953267998,5535.906234470681,33,373.20190409739274,207.29413169235943,1.8108132395473764,3.0025265412539333,anomaly
752,1098996,2093,TCP,51590,703,963.0253451968366,3.467239490794679,ACK,3.382636797402932,14.486104142430527,571.3546635953845,4605.552378047274,47,504.8865441821116,320.708845907642,1.1224739223557143,1.3262523774709345,normal
1703,8989400,2050,ICMP,47652,1315,1481.0248856164078,6.419200500160504,ACK,26.108396744264944,36.319891574657106,403.2605113303827,1425.784128094602,21,768.040890639965,217.84770569142918,1.9493121715737012,1.2837686473996226,normal
2116,9964934,4544,ICMP,24116,7689,627.1626024509388,1.2129562007529897,ACK,31.758969135978028,89.00831554372935,871.9875572335922,8120.872043188952,32,653.7513585207108,219.54773095266907,1.163055841390322,4.039922819351095,normal
72,4818911,1762,TCP,26129,5801,531.2641131013703,5.710652801724581,FIN,98.72176525026346,75.51093284955773,465.17481782567785,3800.5694114050293,40,1370.1880919377254,277.8521392095018,1.528544100329246,0.7797865181300994,normal
2510,4859939,1625,ICMP,15318,1405,955.4161444173691,6.7147840845309945,ACK,30.26120611021633,28.48052635586454,306.26027755284065,7042.334503898412,41,1673.4569442256204,184.40408771420303,1.9276213487231384,0.03755217722593408,normal
1354,6255597,1859,UDP,56811,6309,1247.1325751360112,7.52587487186717,ACK,89.76130603360424,37.4234179966563,633.0417637035367,2055.7141160298647,45,464.96526647644595,398.4411271919255,1.5389019463079718,1.6905083328591872,normal
3350,669629,2652,ICMP,4645,962,1408.3222268083528,7.134076483440395,ACK,31.168883853566797,62.026958377645656,695.1938466204458,514.4457090282758,44,1169.6621151437018,320.48298035346704,1.1572731508098053,2.4599600354251994,normal
411,1172248,1610,UDP,33466,3300,1214.530040959606,3.235688817835796,FIN,10.514922773196718,42.19784168584025,404.4855424102669,3124.1277800272055,41,798.8508770539684,347.9803231540834,1.3063160178307454,3.528351155557665,normal
3777,1384640,3406,UDP,61824,5425,668.6772718929169,5.1045489892606675,SYN,25.514122507033495,50.80136752009173,37.861848235455426,2885.9972284232194,32,1060.9779625875176,123.20705210866416,1.6208000798315805,3.9077651354453997,normal
